#{"t_start": 1788162341.621592, "env_id": "None"}
r,l,t,phase,player_health,episode_enemies_destroyed,episode_spawners_destroyed,episode_phases_advanced,episode_damage_taken,episode_xp_earned,episode_max_level,active_minibosses,active_boss_hazards,drone_level
-36.72975,151,3.315455,1,0.0,2,0,0,112.0,16.0,1,0,0,0
-39.500274,121,3.767637,1,0.0,0,0,0,112.0,0.0,1,0,0,0
-40.199671,149,4.36773,1,0.0,0,0,0,112.0,0.0,1,0,0,0
-39.904963,163,5.022103,1,0.0,0,0,0,112.0,0.0,1,0,0,0
-37.790201,149,5.604634,1,0.0,0,0,0,112.0,0.0,1,0,0,0
-38.683759,117,6.052215,1,0.0,0,0,0,112.0,0.0,1,0,0,0
-40.121839,167,6.702709,1,0.0,0,0,0,112.0,0.0,1,0,0,0
-38.511505,130,7.209217,1,0.0,0,0,0,112.0,0.0,1,0,0,0
-41.230581,159,7.848444,1,0.0,0,0,0,126.0,0.0,1,0,0,0
-38.795478,170,8.569401,1,0.0,0,0,0,112.0,0.0,1,0,0,0
-39.254729,132,9.100863,1,0.0,0,0,0,112.0,0.0,1,0,0,0
-40.713296,179,9.876903,1,0.0,0,0,0,126.0,0.0,1,0,0,0
-36.626167,158,10.883312,1,0.0,1,0,0,112.0,8.0,1,0,0,0
-39.904081,225,12.023263,1,0.0,0,0,0,112.0,0.0,1,0,0,0
-39.894504,164,12.71264,1,0.0,0,0,0,112.0,0.0,1,0,0,0
-39.855836,182,13.454098,1,0.0,0,0,0,112.0,0.0,1,0,0,0
-40.037426,162,14.103657,1,0.0,0,0,0,112.0,0.0,1,0,0,0
-39.757601,123,14.563201,1,0.0,0,0,0,112.0,0.0,1,0,0,0
-39.865502,181,15.289564,1,0.0,0,0,0,112.0,0.0,1,0,0,0
-39.81071,127,15.767337,1,0.0,0,0,0,112.0,0.0,1,0,0,0
-24.416567,112,16.173334,1,0.0,0,1,0,112.0,35.0,1,0,0,0
-36.865857,114,16.588639,1,0.0,0,0,0,112.0,0.0,1,0,0,0
-38.609222,92,16.906214,1,0.0,0,0,0,112.0,0.0,1,0,0,0
-39.510627,176,17.597333,1,0.0,0,0,0,112.0,0.0,1,0,0,0
-39.938608,180,18.30218,1,0.0,0,0,0,112.0,0.0,1,0,0,0
-38.558507,149,18.921785,1,0.0,0,0,0,112.0,0.0,1,0,0,0
-39.829558,207,19.775874,1,0.0,0,0,0,112.0,0.0,1,0,0,0
-38.796056,102,20.149893,1,0.0,0,0,0,112.0,0.0,1,0,0,0
-38.297388,141,20.688031,1,0.0,0,0,0,112.0,0.0,1,0,0,0
-39.495083,142,21.218875,1,0.0,0,0,0,112.0,0.0,1,0,0,0
-38.852623,195,22.004221,1,0.0,1,0,0,112.0,8.0,1,0,0,0
-24.84319,111,22.402655,1,0.0,0,1,0,112.0,35.0,1,0,0,0
-38.120822,199,23.280654,1,0.0,0,0,0,112.0,0.0,1,0,0,0
127.184008,551,26.501722,3,0.0,19,5,2,120.36800000000002,377.0,3,0,2,1
57.99442,236,27.829099,2,0.0,4,4,1,109.92800000000001,197.0,2,1,0,1
115.314337,448,30.488505,3,0.0,11,5,2,101.10400000000001,313.0,3,0,3,1
38.467183,186,31.532395,2,0.0,2,3,1,108.248,146.0,2,1,0,0
111.625645,440,34.051314,3,0.0,11,5,2,117.64800000000002,313.0,3,0,2,1
63.604717,239,35.394911,2,0.0,10,4,1,101.36000000000001,245.0,3,0,0,1
58.766617,222,36.695451,2,0.0,5,4,1,109.92800000000001,205.0,3,1,0,1
116.466189,441,39.311723,3,0.0,13,5,2,108.83200000000002,329.0,3,0,2,1
113.07371,349,41.267802,3,0.0,12,5,2,109.39200000000002,321.0,3,0,0,1
104.447679,317,43.115818,3,0.0,3,5,2,108.86400000000002,249.0,3,0,0,0
117.137182,364,45.195182,3,0.0,9,5,2,129.2272,297.0,3,1,2,1
41.446959,247,46.596767,2,0.0,3,3,1,107.52,154.0,2,0,0,0
54.862171,242,48.039513,2,0.0,4,4,1,108.808,197.0,2,1,0,1
50.801741,228,49.307791,2,0.0,5,4,1,171.92000000000002,205.0,3,0,0,0
43.759254,162,50.206635,2,0.0,2,3,1,102.256,146.0,2,1,0,0
121.86662,427,52.629625,3,0.0,15,5,2,174.80000000000004,345.0,3,1,2,1
42.560837,242,53.983558,2,0.0,3,3,1,100.80000000000001,154.0,2,0,0,1
45.43528,202,55.061466,2,0.0,5,3,1,100.80000000000001,170.0,2,0,0,1
116.420239,552,58.422025,3,0.0,13,5,2,101.13600000000002,329.0,3,0,0,1
97.549108,409,60.798897,3,0.0,3,5,2,163.79200000000003,249.0,3,0,0,0
101.982896,353,62.82307,3,0.0,7,5,2,123.08800000000002,281.0,3,0,2,1
25.55894,193,63.895185,2,0.0,2,2,1,116.256,111.0,2,1,0,0
36.205832,175,64.838082,2,0.0,1,3,1,113.12,138.0,2,0,0,0
121.562186,398,67.135647,3,0.0,13,5,2,105.28000000000002,329.0,3,0,3,1
123.901802,459,69.989723,3,0.0,12,5,2,100.57600000000002,321.0,3,1,0,1
57.040894,223,71.30401,2,0.0,5,4,1,101.36000000000001,205.0,3,1,0,0
24.122381,279,73.024303,2,0.0,3,2,1,157.92000000000002,119.0,2,1,0,0
27.289403,180,74.002507,2,0.0,3,2,1,116.256,119.0,2,1,0,0
55.999037,281,75.643289,2,0.0,2,4,1,101.36000000000001,181.0,2,0,0,1
37.952175,173,76.665768,2,0.0,1,3,1,101.36000000000001,138.0,2,1,0,0
39.352849,188,77.687454,2,0.0,2,3,1,114.24000000000001,146.0,2,0,0,1
42.504817,229,78.950133,2,0.0,4,3,1,103.376,162.0,2,1,0,1
25.858435,137,79.673563,2,0.0,2,2,1,104.83200000000001,111.0,2,1,0,1
56.619385,200,80.790878,2,0.0,4,4,1,101.92,197.0,2,0,0,1
110.494232,352,82.824804,3,0.0,9,5,2,111.06880000000001,297.0,3,0,2,1
94.317577,470,85.739477,3,0.0,1,5,2,183.36800000000002,233.0,3,0,2,0
40.610938,150,86.565308,2,0.0,1,3,1,101.36000000000001,138.0,2,0,0,0
108.180469,235,87.894323,3,0.0,5,5,2,109.95200000000001,265.0,3,0,0,1
45.624867,225,89.243424,2,0.0,6,3,1,109.92800000000001,178.0,2,1,0,1
55.597915,170,90.214272,2,0.0,3,4,1,101.92,189.0,2,1,0,1
109.370024,331,92.110075,3,0.0,10,5,2,112.08000000000001,305.0,3,0,2,2
110.040005,305,93.79733,3,0.0,9,5,2,105.072,297.0,3,0,2,1
105.09664,513,97.178057,3,0.0,3,5,2,114.06400000000002,249.0,3,0,0,0
116.089468,309,98.931391,3,0.0,8,5,2,175.36,289.0,3,0,2,1
114.641688,517,102.063822,3,0.0,13,5,2,117.12,329.0,3,0,2,1
112.47887,397,104.461129,3,0.0,12,5,2,116.22400000000002,321.0,3,0,3,1
54.796583,183,105.496969,2,0.0,2,4,1,104.83200000000001,181.0,2,0,0,1
99.163517,277,107.133805,3,0.0,6,5,2,162.96000000000004,273.0,3,0,0,0
59.267278,232,108.441096,2,0.0,4,4,1,101.92,197.0,2,0,0,1
58.648219,231,109.722136,2,0.0,6,4,1,105.728,213.0,3,0,0,1
59.085763,213,110.888844,2,0.0,4,4,1,101.92,197.0,2,0,0,1
43.488315,209,112.075439,2,0.0,4,3,1,109.928,162.0,2,1,0,1
114.526878,302,113.831683,3,0.0,4,5,2,119.12320000000003,257.0,3,1,0,0
103.799881,366,115.928684,3,0.0,5,5,2,116.25600000000001,265.0,3,0,2,1
99.882904,218,117.129439,3,0.0,2,5,2,112.97600000000003,241.0,3,0,2,0
116.81775,569,120.744914,3,0.0,10,5,2,117.12000000000002,305.0,3,0,2,0
39.761403,190,121.798285,2,0.0,2,3,1,105.728,146.0,2,0,0,0
101.129602,311,123.636161,3,0.0,5,5,2,120.08800000000001,265.0,3,0,2,1
93.68446,268,124.468734,3,0.0,3,5,2,170.65600000000003,249.0,3,0,2,1
40.218963,185,124.934023,2,0.0,2,3,1,101.36000000000001,146.0,2,0,0,0
45.607169,287,125.70504,2,0.0,6,3,1,100.80000000000001,178.0,2,0,0,1
39.976147,153,126.064178,2,0.0,3,3,1,102.816,154.0,2,1,0,0
105.599332,276,126.749107,3,0.0,4,5,2,108.83200000000002,257.0,3,0,0,1
113.461616,310,127.513855,3,0.0,9,5,2,113.53600000000002,297.0,3,0,3,0
108.495022,393,128.675843,3,0.0,7,5,2,109.29920000000001,281.0,3,0,2,1
122.884641,320,129.62303,3,0.0,10,5,2,121.09440000000001,305.0,3,1,0,1
46.370728,279,130.342322,2,0.0,7,3,1,101.36000000000001,186.0,2,0,0,0
121.912066,465,144.013784,3,0.0,12,5,2,103.08800000000002,321.0,3,1,0,2
52.444062,166,144.974498,2,0.0,1,4,1,102.816,173.0,2,1,0,1
126.57048,437,147.573529,3,0.0,16,5,2,105.37120000000002,353.0,3,1,2,1
100.0953,311,149.427029,3,0.0,5,5,2,191.62400000000002,265.0,3,0,2,1
54.284264,240,150.894366,2,0.0,3,4,1,106.624,189.0,2,0,0,1
117.298596,461,153.793851,3,0.0,12,5,2,106.36800000000001,321.0,3,0,2,1
110.273273,390,156.210973,3,0.0,8,5,2,109.95200000000001,289.0,3,0,2,0
99.58947,260,157.687968,3,0.0,6,5,2,160.512,273.0,3,0,2,0
99.8682,272,159.346949,3,0.0,1,5,2,115.13600000000002,233.0,3,0,0,0
113.129173,333,161.352628,3,0.0,10,5,2,196.8992,305.0,3,1,3,1
49.7703,220,162.629726,2,0.0,3,4,1,157.92000000000002,189.0,2,0,0,0
110.4058,293,164.365957,3,0.0,6,5,2,100.57600000000002,273.0,3,0,0,1
107.018046,358,166.468567,3,0.0,4,5,2,103.64800000000001,257.0,3,0,2,0
116.318904,341,168.426623,3,0.0,11,5,2,115.48800000000001,313.0,3,0,2,1
104.397815,328,170.341103,3,0.0,6,5,2,107.96800000000002,273.0,3,0,2,1
103.449614,288,171.981657,3,0.0,7,5,2,121.96800000000002,281.0,3,0,2,1
109.697442,304,173.709957,3,0.0,7,5,2,101.13600000000002,281.0,3,0,0,3
109.223654,333,175.683424,3,0.0,6,5,2,106.36800000000001,273.0,3,0,3,1
111.649232,252,177.109935,3,0.0,4,5,2,105.80800000000002,257.0,3,0,0,0
106.280703,401,179.509665,3,0.0,5,5,2,180.54400000000004,265.0,3,0,0,1
97.527906,288,181.164289,3,0.0,2,5,2,115.69600000000003,241.0,3,0,0,0
115.995139,459,184.004635,3,0.0,11,5,2,105.408,313.0,3,0,2,1
56.031492,184,185.063836,2,0.0,3,4,1,100.80000000000001,189.0,2,1,0,1
42.399929,219,186.352743,2,0.0,3,3,1,108.248,154.0,2,1,0,1
128.661751,382,188.539382,3,0.0,13,5,2,105.00000000000001,329.0,3,0,0,1
61.491591,267,190.058558,2,0.0,6,4,1,101.36000000000001,213.0,3,0,0,1
116.063054,295,191.724205,3,0.0,11,5,2,116.22400000000002,313.0,3,0,0,1
117.068935,282,193.295194,3,0.0,4,5,2,114.57600000000002,257.0,3,0,0,0
117.826822,360,195.401446,3,0.0,10,5,2,117.08800000000002,305.0,3,0,2,2
100.1027,382,197.636261,3,0.0,7,5,2,211.92800000000003,281.0,3,0,0,1
56.989484,233,198.982237,2,0.0,4,4,1,101.92,197.0,2,0,0,1
117.887246,313,200.829761,3,0.0,12,5,2,104.72000000000003,321.0,3,0,0,1
112.232157,438,203.498702,3,0.0,10,5,2,117.08800000000002,305.0,3,0,0,0
115.128591,446,206.19787,3,0.0,12,5,2,161.32800000000003,321.0,3,0,2,1
110.622855,309,207.971874,3,0.0,5,5,2,104.63040000000001,265.0,3,0,3,1
128.239674,519,211.064329,3,0.0,19,5,2,183.65920000000003,377.0,3,1,0,1
102.521639,321,212.910909,3,0.0,4,5,2,101.69600000000001,257.0,3,0,0,0
108.116104,625,217.000944,3,0.0,9,5,2,136.352,297.0,3,0,2,1
101.9,313,218.857736,3,0.0,2,5,2,109.39200000000002,241.0,3,0,2,0
111.619488,333,220.75924,3,0.0,9,5,2,119.84000000000002,297.0,3,0,2,1
95.478778,419,223.273594,3,0.0,5,5,2,174.20800000000003,265.0,3,0,0,0
111.924743,325,225.129657,3,0.0,9,5,2,105.28000000000002,297.0,3,0,2,1
101.815959,324,227.081498,3,0.0,4,5,2,155.79200000000003,257.0,3,0,2,1
22.05986,135,227.824325,2,0.0,0,2,1,108.248,95.0,2,1,0,0
57.462889,238,229.006062,2,0.0,7,4,1,153.048,221.0,3,1,0,0
56.808671,238,229.618183,2,0.0,4,4,1,100.80000000000001,197.0,2,0,0,2
58.02292,189,230.09787,2,0.0,3,4,1,102.256,189.0,2,1,0,0
99.705623,278,231.01614,3,0.0,2,5,2,112.9792,241.0,3,0,0,0
105.633957,352,233.045716,3,0.0,8,5,2,151.64800000000002,289.0,3,0,3,1
125.717176,373,235.176816,3,0.0,9,5,2,117.12000000000002,297.0,3,0,0,2
100.299166,418,237.75102,3,0.0,7,5,2,168.192,281.0,3,0,2,1
53.039915,192,238.870899,2,0.0,1,4,1,101.36000000000001,173.0,2,1,0,1
110.331434,325,240.809145,3,0.0,7,5,2,161.93120000000002,281.0,3,1,0,1
112.744145,310,242.556853,3,0.0,8,5,2,115.13600000000002,289.0,3,0,0,0
102.711121,392,244.919453,3,0.0,2,5,2,101.10400000000001,241.0,3,0,0,0
115.103651,443,247.586917,3,0.0,10,5,2,109.39200000000002,305.0,3,0,3,1
55.565908,256,249.040141,2,0.0,3,4,1,100.24000000000001,189.0,2,0,0,0
99.301201,389,251.309988,3,0.0,4,5,2,125.04000000000002,257.0,3,0,2,0
55.025161,207,252.499095,2,0.0,4,4,1,101.36000000000001,197.0,2,0,0,0
57.058384,210,253.664392,2,0.0,5,4,1,101.36000000000001,205.0,3,0,0,1
86.656375,335,255.637593,3,0.0,1,5,2,240.4464,233.0,3,0,0,0
107.320851,355,257.719683,3,0.0,9,5,2,167.07200000000003,297.0,3,0,0,1
119.783854,485,260.650737,3,0.0,11,5,2,103.64800000000001,313.0,3,1,0,2
103.112018,351,261.719121,3,0.0,4,5,2,101.13600000000002,257.0,3,0,2,1
100.098706,273,262.624758,3,0.0,1,5,2,108.52800000000002,233.0,3,0,2,0
126.2866,553,264.395591,3,0.0,16,5,2,118.20800000000001,353.0,3,0,2,1
104.702225,390,265.586429,3,0.0,6,5,2,117.08800000000002,273.0,3,0,0,0
36.544769,202,266.172287,2,0.0,1,3,1,114.80000000000001,138.0,2,0,0,0
111.275016,457,267.509589,3,0.0,16,5,2,168.72000000000003,353.0,3,0,2,1
57.274416,217,268.155113,2,0.0,4,4,1,100.80000000000001,197.0,2,0,0,1
58.473612,200,269.265303,2,0.0,4,4,1,101.92,197.0,2,0,0,0
39.530082,247,270.826148,2,0.0,1,3,1,100.24000000000001,138.0,2,1,0,0
445.844981,668,274.91329,6,0.0,31,16,5,114.0,1083.0,6,1,2,1
55.137165,248,276.414282,2,0.0,2,4,1,101.36000000000001,181.0,2,1,0,0
40.727235,218,277.670094,2,0.0,3,3,1,116.816,154.0,2,1,0,1
110.625443,299,279.412678,3,0.0,6,5,2,106.36800000000001,273.0,3,0,0,1
124.724863,369,290.861339,3,0.0,10,5,2,117.08800000000002,305.0,3,1,2,1
98.320269,349,292.896836,3,0.0,5,5,2,167.07200000000003,265.0,3,0,0,1
37.744084,161,293.795889,2,0.0,0,3,1,103.376,130.0,2,1,0,0
54.734569,229,295.095412,2,0.0,3,4,1,110.824,189.0,2,1,0,1
57.071341,216,296.373057,2,0.0,4,4,1,109.36800000000001,197.0,2,1,0,1
110.599468,425,298.957962,3,0.0,10,5,2,113.81760000000001,305.0,3,0,2,2
43.500101,204,300.164949,2,0.0,3,3,1,100.80000000000001,154.0,2,1,0,1
112.929574,303,301.971537,3,0.0,8,5,2,107.40800000000002,289.0,3,0,2,1
29.893221,293,303.763891,2,0.0,6,2,1,101.36000000000001,143.0,2,0,0,1
94.439711,401,306.298516,3,0.0,0,5,2,151.95200000000003,225.0,3,0,0,0
113.587897,407,308.814677,3,0.0,7,5,2,181.37600000000003,281.0,3,1,2,1
110.763876,343,310.906766,3,0.0,10,5,2,109.95200000000001,305.0,3,0,0,2
102.268066,328,312.987404,3,0.0,5,5,2,154.97600000000003,265.0,3,0,0,1
108.459921,528,316.33107,3,0.0,8,5,2,131.096,289.0,3,0,3,2
39.953539,221,317.629599,2,0.0,3,3,1,100.80000000000001,154.0,2,1,0,0
38.607805,192,318.734143,2,0.0,2,3,1,114.24000000000001,146.0,2,0,0,0
104.956519,309,320.552336,3,0.0,2,5,2,106.36800000000001,241.0,3,0,0,1
107.212777,349,322.576477,3,0.0,10,5,2,173.99200000000002,305.0,3,0,2,1
104.906745,291,324.231039,3,0.0,6,5,2,109.39200000000002,273.0,3,0,2,0
125.232754,455,326.997271,3,0.0,13,5,2,111.5232,329.0,3,0,2,1
24.044631,141,327.813038,2,0.0,1,2,1,110.264,103.0,2,1,0,0
102.297418,349,329.874575,3,0.0,9,5,2,179.22400000000002,297.0,3,0,0,1
111.789731,386,332.109441,3,0.0,10,5,2,175.36,305.0,3,0,0,1
58.599945,227,333.39754,2,0.0,3,4,1,100.80000000000001,189.0,2,1,0,0
55.397809,223,334.751886,2,0.0,1,4,1,101.36000000000001,173.0,2,1,0,0
116.291748,486,337.718011,3,0.0,9,5,2,132.20800000000003,297.0,3,0,2,1
112.770695,312,339.469079,3,0.0,9,5,2,112.97600000000003,297.0,3,0,2,0
49.694391,213,340.698181,2,0.0,3,4,1,165.92800000000003,189.0,2,1,0,0
112.648001,357,342.860803,3,0.0,11,5,2,116.78400000000002,313.0,3,0,2,1
108.703888,332,344.884754,3,0.0,5,5,2,109.95200000000001,265.0,3,0,0,1
119.049095,417,347.369433,3,0.0,12,5,2,105.28000000000002,321.0,3,0,2,1
104.866344,560,351.152921,3,0.0,5,5,2,151.95200000000003,265.0,3,0,0,0
103.125786,395,353.509512,3,0.0,5,5,2,101.40480000000001,265.0,3,0,2,0
55.309422,179,354.512344,2,0.0,1,4,1,100.80000000000001,173.0,2,1,0,0
101.594745,377,356.743642,3,0.0,6,5,2,169.236,273.0,3,0,2,1
25.597622,199,357.87627,2,0.0,2,2,1,109.928,111.0,2,1,0,0
112.714471,276,359.473193,3,0.0,5,5,2,108.86400000000002,265.0,3,0,2,0
100.465655,300,361.179063,3,0.0,2,5,2,178.86400000000003,241.0,3,0,2,0
102.852104,407,363.630924,3,0.0,5,5,2,100.06400000000001,265.0,3,0,2,0
98.272397,342,365.709387,3,0.0,2,5,2,122.73920000000001,241.0,3,0,2,0
117.634219,429,368.345804,3,0.0,8,5,2,117.12000000000002,289.0,3,0,0,1
171.595241,389,370.684318,4,0.0,4,6,3,198.09600000000006,467.0,4,1,0,0
38.82537,166,371.63835,2,0.0,2,3,1,100.80000000000001,146.0,2,1,0,1
41.435516,189,372.715012,2,0.0,2,3,1,109.92800000000001,146.0,2,1,0,1
112.695084,260,374.180848,3,0.0,5,5,2,100.0992,265.0,3,1,0,1
42.722452,175,375.129234,2,0.0,3,3,1,103.376,154.0,2,1,0,2
103.510866,296,376.846787,3,0.0,4,5,2,100.06400000000001,257.0,3,0,2,0
21.086766,127,377.556485,2,0.0,0,2,1,116.256,95.0,2,1,0,0
22.27135,129,378.293565,2,0.0,0,2,1,124.824,95.0,2,1,0,0
114.939012,319,380.112667,3,0.0,6,5,2,115.13600000000002,273.0,3,0,2,1
107.911047,314,381.896742,3,0.0,9,5,2,163.52,297.0,3,0,0,2
105.140975,324,383.799007,3,0.0,10,5,2,164.35200000000003,305.0,3,0,0,1
96.214367,320,385.65796,3,0.0,2,5,2,174.24000000000004,241.0,3,0,2,1
106.815686,306,387.375352,3,0.0,6,5,2,109.08800000000001,273.0,3,0,0,1
115.37468,438,390.111781,3,0.0,6,5,2,115.3088,273.0,3,1,0,1
111.935708,318,392.021867,3,0.0,5,5,2,123.95200000000003,265.0,3,0,2,1
108.167993,440,394.771747,3,0.0,6,5,2,112.97600000000003,273.0,3,0,2,0
41.161458,198,395.895078,2,0.0,4,3,1,117.376,162.0,2,1,0,1
43.971821,219,397.104272,2,0.0,1,3,1,101.36000000000001,138.0,2,0,0,0
116.368994,462,399.849136,3,0.0,13,5,2,160.76800000000003,329.0,3,0,2,1
108.115719,497,402.837975,3,0.0,11,5,2,162.40000000000003,313.0,3,0,3,1
122.120264,368,404.978482,3,0.0,12,5,2,101.13600000000002,321.0,3,0,0,1
120.732812,471,407.815431,3,0.0,16,5,2,107.23200000000001,353.0,3,0,0,1
26.845823,172,408.769642,2,0.0,1,2,1,102.816,103.0,2,1,0,1
43.211343,185,409.894202,2,0.0,3,3,1,101.92,154.0,2,1,0,2
58.955207,224,411.391496,2,0.0,5,4,1,100.24000000000001,205.0,3,0,0,1
43.101719,220,412.721013,2,0.0,5,3,1,100.80000000000001,170.0,2,0,0,1
98.467004,286,414.571928,3,0.0,0,5,2,109.39200000000002,225.0,3,0,2,0
103.170166,239,415.891926,3,0.0,3,5,2,109.39200000000002,249.0,3,0,2,1
116.66484,489,419.002343,3,0.0,8,5,2,174.80000000000004,289.0,3,1,0,1
109.682506,292,420.789139,3,0.0,9,5,2,106.36800000000001,297.0,3,0,0,1
105.489376,345,422.855082,3,0.0,6,5,2,112.67200000000001,273.0,3,0,0,1
119.713901,417,425.301045,3,0.0,12,5,2,105.37120000000002,321.0,3,1,0,1
52.614144,193,426.38885,2,0.0,1,4,1,109.36800000000001,173.0,2,1,0,1
137.139261,586,430.103737,3,0.0,16,5,2,111.90400000000001,353.0,3,2,2,2
43.111834,213,431.315732,2,0.0,6,3,1,101.36000000000001,178.0,2,1,0,1
99.974494,451,433.981294,3,0.0,7,5,2,188.76800000000003,281.0,3,0,2,1
122.254571,355,436.079314,3,0.0,9,5,2,109.95200000000001,297.0,3,1,2,1
57.185484,196,436.739951,2,0.0,2,4,1,101.36000000000001,181.0,2,0,0,1
110.675042,289,437.511758,3,0.0,6,5,2,107.5424,273.0,3,0,3,1
120.020074,444,446.098054,3,0.0,15,5,2,182.8992,345.0,3,1,2,0
114.80839,441,448.818299,3,0.0,5,5,2,114.57600000000002,265.0,3,1,0,0
19.210289,220,450.053084,2,0.0,2,2,1,171.36,111.0,2,0,0,0
109.232901,394,452.301596,3,0.0,10,5,2,171.21600000000004,305.0,3,0,0,1
119.744986,346,454.281102,3,0.0,13,5,2,160.20800000000003,329.0,3,0,0,1
56.20248,189,455.330463,2,0.0,4,4,1,101.36000000000001,197.0,2,0,0,1
55.197686,219,456.53408,2,0.0,3,4,1,101.36000000000001,189.0,2,0,0,2
106.404487,338,458.478932,3,0.0,8,5,2,135.488,289.0,3,0,2,1
109.729715,270,460.054548,3,0.0,5,5,2,101.69600000000001,265.0,3,0,0,2
100.156422,282,461.653941,3,0.0,3,5,2,146.68800000000002,249.0,3,0,0,0
102.939367,298,463.436141,3,0.0,4,5,2,107.20800000000001,257.0,3,0,3,1
107.734218,437,466.113509,3,0.0,9,5,2,117.64800000000002,297.0,3,0,2,1
100.198407,457,469.055799,3,0.0,4,5,2,119.24800000000002,257.0,3,0,3,0
101.832757,247,470.476223,3,0.0,4,5,2,109.39200000000002,257.0,3,0,2,0
104.367799,423,473.006337,3,0.0,3,5,2,176.50400000000002,249.0,3,0,2,0
38.597782,206,474.122235,2,0.0,1,3,1,113.68,138.0,2,0,0,0
102.858591,383,476.403397,3,0.0,4,5,2,114.57600000000002,257.0,3,0,2,0
113.199351,354,478.452468,3,0.0,9,5,2,118.20800000000001,297.0,3,0,3,2
123.50999,351,480.482315,3,0.0,8,5,2,101.69600000000001,289.0,3,0,3,0
100.618211,309,482.331868,3,0.0,2,5,2,109.95200000000001,241.0,3,0,2,1
61.311155,253,483.778809,2,0.0,9,4,1,131.04,237.0,3,0,0,2
127.898015,342,485.737085,3,0.0,11,5,2,100.69920000000002,313.0,3,1,3,1
109.432137,377,487.933234,3,0.0,10,5,2,102.784,305.0,3,0,2,1
56.326698,184,488.928879,2,0.0,4,4,1,100.80000000000001,197.0,2,0,0,1
124.349706,680,493.331404,3,0.0,15,5,2,113.53600000000002,345.0,3,0,2,1
108.89642,351,495.415589,3,0.0,8,5,2,106.368,289.0,3,0,0,1
99.305142,337,497.367366,3,0.0,7,5,2,177.52000000000004,281.0,3,0,2,1
107.633932,303,499.112434,3,0.0,7,5,2,133.28000000000003,281.0,3,0,0,1
44.914112,197,500.195872,2,0.0,4,3,1,100.80000000000001,162.0,2,0,0,2
42.648946,197,501.361985,2,0.0,5,3,1,100.24000000000001,170.0,2,1,0,1
111.955333,296,503.15325,3,0.0,5,5,2,121.79200000000002,265.0,3,1,2,2
114.235477,345,505.289798,3,0.0,9,5,2,171.21600000000004,297.0,3,1,2,1
56.647409,203,506.454757,2,0.0,4,4,1,100.24000000000001,197.0,2,1,0,1
112.317795,297,508.173977,3,0.0,4,5,2,112.11200000000002,257.0,3,0,2,0
115.062489,464,511.157892,3,0.0,14,5,2,117.64800000000002,337.0,3,0,2,1
101.826588,422,513.711948,3,0.0,3,5,2,113.50400000000002,249.0,3,0,0,0
54.294896,222,514.991599,2,0.0,2,4,1,100.24000000000001,181.0,2,1,0,0
120.685265,425,517.463786,3,0.0,10,5,2,115.13600000000002,305.0,3,0,0,1
111.131516,479,520.298748,3,0.0,10,5,2,111.90400000000001,305.0,3,0,0,0
37.459254,164,521.221912,2,0.0,1,3,1,109.36800000000001,138.0,2,1,0,0
101.399855,369,523.463953,3,0.0,2,5,2,110.6272,241.0,3,0,0,0
97.495152,266,525.020798,3,0.0,0,5,2,109.39200000000002,225.0,3,0,2,0
123.065205,396,527.360936,3,0.0,12,5,2,104.81120000000001,321.0,3,1,0,1
101.009466,357,529.452719,3,0.0,10,5,2,183.58400000000003,305.0,3,0,2,1
56.006202,177,530.508045,2,0.0,2,4,1,101.92,181.0,2,1,0,1
53.839,164,531.45287,2,0.0,2,4,1,114.24000000000001,181.0,2,0,0,1
131.290721,440,534.201174,3,0.0,14,5,2,100.69920000000002,337.0,3,2,2,1
55.333741,264,535.778155,2,0.0,5,4,1,128.8,205.0,3,0,0,0
127.016256,475,538.656756,3,0.0,15,5,2,114.69920000000002,345.0,3,1,0,1
106.885337,331,540.562114,3,0.0,6,5,2,109.08800000000001,273.0,3,0,0,2
23.466688,134,541.282716,2,0.0,1,2,1,110.264,103.0,2,1,0,1
34.75136,241,542.669847,2,0.0,1,3,1,171.92000000000002,138.0,2,0,0,0
28.220779,178,543.748259,2,0.0,1,2,1,109.92800000000001,103.0,2,1,0,0
83.242243,470,546.6601,3,0.0,0,5,2,274.48,225.0,3,0,3,0
101.492739,468,549.611149,3,0.0,8,5,2,205.31200000000004,289.0,3,0,0,1
56.1537,270,551.190935,2,0.0,3,4,1,100.24000000000001,189.0,2,0,0,1
115.823702,356,553.283336,3,0.0,10,5,2,109.39200000000002,305.0,3,0,0,1
106.750424,352,555.308047,3,0.0,7,5,2,107.40800000000002,281.0,3,0,2,1
105.370875,352,557.349076,3,0.0,7,5,2,110.99200000000002,281.0,3,0,3,0
113.904038,318,559.193524,3,0.0,5,5,2,110.99200000000002,265.0,3,0,2,0
111.50001,425,561.670866,3,0.0,11,5,2,183.05600000000004,313.0,3,0,3,1
44.265319,207,562.837416,2,0.0,5,3,1,100.24000000000001,170.0,2,0,0,1
110.172519,251,564.258285,3,0.0,6,5,2,100.57600000000002,273.0,3,0,2,1
54.735636,197,565.350009,2,0.0,2,4,1,101.92,181.0,2,0,0,0
118.839335,446,567.941356,3,0.0,14,5,2,137.95200000000003,337.0,3,0,2,1
97.272288,466,570.823694,3,0.0,3,5,2,161.32800000000003,249.0,3,0,2,0
100.730698,309,572.618236,3,0.0,1,5,2,101.13600000000002,233.0,3,0,2,0
108.006639,431,575.322433,3,0.0,5,5,2,105.80800000000002,265.0,3,0,2,0
110.318334,387,577.634405,3,0.0,11,5,2,118.20800000000001,313.0,3,0,3,2
103.76875,284,579.252558,3,0.0,3,5,2,104.72000000000003,249.0,3,0,0,0
113.993618,319,581.092216,3,0.0,7,5,2,100.57600000000002,281.0,3,1,0,1
60.591112,245,581.971221,2,0.0,6,4,1,101.92,213.0,3,1,0,1
38.690779,168,582.37655,2,0.0,2,3,1,109.36800000000001,146.0,2,1,0,1
55.932449,182,582.814866,2,0.0,3,4,1,100.24000000000001,189.0,2,0,0,0
45.07191,199,583.308941,2,0.0,4,3,1,101.36000000000001,162.0,2,0,0,1
55.399118,238,583.932971,2,0.0,4,4,1,109.36800000000001,197.0,2,1,0,1
100.651163,320,585.13502,3,0.0,3,5,2,153.07200000000003,249.0,3,0,2,1
33.301856,202,586.313212,2,0.0,1,3,1,159.376,138.0,2,1,0,0
