#{"t_start": 1787936468.7641954, "env_id": "None"}
r,l,t,phase,player_health
-58.449632,517,2.113595,3,0.0
-45.393314,366,2.384878,3,0.0
-37.547334,422,2.675846,3,0.0
-43.090754,568,3.132219,3,0.0
-55.4228,506,3.586146,3,0.0
-51.602875,425,3.924995,3,0.0
-34.681188,434,4.210945,2,0.0
-42.39066,336,4.427371,2,0.0
-67.608451,735,5.148728,2,0.0
-63.657661,1528,6.298673,1,0.0
-22.890928,441,6.68223,2,0.0
-55.270457,430,7.021523,3,0.0
-52.801499,883,7.622057,1,0.0
-57.569422,532,8.058225,3,0.0
-54.588353,843,8.728377,3,0.0
-50.121565,567,9.02884,1,0.0
-49.233166,635,9.708147,2,0.0
-14.53009,869,11.362728,2,0.0
-14.670334,505,12.550114,3,0.0
43.799674,1085,14.595651,3,0.0
-18.624316,752,16.00498,2,0.0
-15.749044,729,17.4605,3,0.0
-34.604716,364,18.222913,3,0.0
1.848057,675,34.839648,2,0.0
20.539953,869,36.948707,3,0.0
42.984264,1668,40.257746,3,0.0
7.801837,880,42.254745,4,0.0
42.088943,1343,44.639771,3,0.0
31.451865,912,46.652165,4,0.0
-11.625635,348,47.396538,3,0.0
18.831002,860,49.25575,3,0.0
17.98023,1137,51.576684,3,0.0
14.588153,615,52.901241,3,0.0
-16.737898,492,54.108728,3,0.0
-25.527386,302,54.831282,3,0.0
12.27155,663,56.372094,2,0.0
27.675354,787,58.11471,2,0.0
-2.883268,934,60.260816,3,0.0
-17.854258,614,61.502358,3,0.0
22.131761,782,63.30875,3,0.0
20.941136,913,66.045373,2,0.0
15.154643,829,79.14236,3,0.0
-5.864138,713,80.9096,3,0.0
-39.165613,306,81.512156,3,0.0
6.077136,1147,83.585672,2,0.0
-12.166638,588,84.840525,3,0.0
-11.767482,423,85.707474,3,0.0
-3.734983,681,87.124749,3,0.0
-11.310901,525,88.616958,3,0.0
56.668217,1103,90.888652,3,0.0
1.486537,727,92.688921,3,0.0
9.960517,762,94.396033,2,0.0
-10.4633,430,95.323362,3,0.0
-32.021284,337,96.032018,3,0.0
26.628974,1024,98.120019,3,0.0
-17.594058,591,99.424299,3,0.0
-20.940286,514,100.494804,3,0.0
-23.447829,432,101.370718,3,0.0
-10.558034,324,101.995477,2,0.0
16.450708,1118,104.026025,2,0.0
-4.875654,1274,106.731242,2,0.0
50.222787,1046,109.323565,3,0.0
-27.252451,305,110.106771,3,0.0
-21.432238,324,110.867252,3,0.0
-33.288399,336,125.260576,3,0.0
-30.338728,280,125.980894,3,0.0
-18.587913,615,127.448191,3,0.0
-22.064901,357,128.21375,2,0.0
58.623354,1136,130.620405,3,0.0
-29.086565,383,131.642566,3,0.0
-38.098635,376,132.614331,3,0.0
-17.753902,405,133.621105,3,0.0
27.959961,970,136.112594,2,0.0
-1.594757,719,137.970001,2,0.0
16.849753,836,139.712378,2,0.0
5.260288,980,141.594044,3,0.0
1.990782,455,142.443131,3,0.0
24.517521,1130,144.50573,3,0.0
-6.887352,1142,146.487397,2,0.0
1.300874,580,147.50934,3,0.0
10.790665,1003,149.526322,3,0.0
-22.660258,354,150.13031,3,0.0
2.110171,1178,152.448635,3,0.0
20.231875,912,154.345454,2,0.0
-26.686028,338,154.982204,2,0.0
-20.366258,331,155.733151,2,0.0
14.393135,1199,168.974803,2,0.0
-16.127073,699,170.137078,2,0.0
-34.053929,417,170.960296,3,0.0
-41.406326,297,171.764915,3,0.0
-3.646311,691,173.06081,2,0.0
6.424429,683,174.513566,2,0.0
25.415974,887,176.022743,3,0.0
-11.839042,351,176.62383,2,0.0
-28.219727,340,177.221961,2,0.0
-15.179676,693,178.51139,3,0.0
19.294327,572,179.283819,2,0.0
-18.356955,535,180.39669,3,0.0
9.213052,711,181.65502,2,0.0
17.221158,708,183.147665,2,0.0
35.424594,1053,185.294453,3,0.0
-2.162485,961,187.0588,3,0.0
53.761526,1800,190.618105,3,2.0
-26.6899,693,192.045301,2,0.0
6.655407,1017,194.276451,3,0.0
27.748252,865,196.288747,3,0.0
31.904499,944,209.36324,3,0.0
-34.518376,640,210.862696,3,0.0
-27.777949,293,211.443345,3,0.0
13.548524,924,213.157555,3,0.0
-24.716693,354,213.652144,2,0.0
8.565468,1063,215.580819,2,0.0
45.204726,1328,217.888602,3,0.0
-24.653819,521,218.845837,3,0.0
1.827039,629,219.870146,2,0.0
-26.091102,430,220.899643,2,0.0
7.343437,839,222.365356,3,0.0
50.591415,1014,223.842976,3,0.0
-16.297311,600,225.092872,3,0.0
-38.731324,406,225.794508,2,0.0
-1.472465,614,226.988055,3,0.0
50.493275,1245,228.864741,3,0.0
18.089707,904,230.249736,2,0.0
37.11505,1027,231.951205,3,0.0
7.103793,930,233.655569,2,0.0
-22.674262,474,234.56419,3,0.0
-18.799436,664,245.476019,3,0.0
-16.210365,548,246.704693,3,0.0
50.641241,1468,249.53644,3,0.0
-12.456369,424,250.442404,2,0.0
-21.235189,363,251.113529,3,0.0
-20.281481,416,251.913667,3,0.0
-35.84009,339,252.774583,3,0.0
-15.611695,404,253.66469,3,0.0
-14.589028,574,254.585345,2,0.0
10.783822,777,255.945492,3,0.0
6.806801,969,257.946598,3,0.0
50.772479,1253,260.609106,3,0.0
2.696375,1158,262.967239,2,0.0
15.649204,685,264.229122,3,0.0
44.420243,1541,267.40675,3,0.0
13.482175,704,268.772986,3,0.0
52.628234,1161,270.672512,3,0.0
-17.726663,1251,272.695915,3,0.0
8.04537,1168,286.07179,2,0.0
60.282201,1383,288.454396,3,0.0
43.786553,1119,290.495996,3,0.0
-29.821895,489,291.286651,2,0.0
43.248179,1394,294.007843,3,0.0
-37.45314,389,294.891814,3,0.0
8.056168,618,295.997044,2,0.0
-33.001865,449,296.670622,2,0.0
-39.601325,500,297.930612,3,0.0
28.52016,1177,300.303893,2,0.0
43.957484,922,301.960107,3,0.0
-18.112025,623,302.913587,2,0.0
-0.234152,654,304.087324,3,0.0
-23.655243,489,305.064673,3,0.0
-23.839518,398,305.827857,3,0.0
13.215511,708,307.265083,3,0.0
5.982684,942,309.203458,3,0.0
-2.507289,492,310.074937,2,0.0
8.032836,683,311.328446,2,0.0
30.225759,1116,324.208544,2,0.0
58.887395,1155,326.561745,3,0.0
-19.116969,507,327.45412,3,0.0
-28.568121,1106,329.556299,2,0.0
-41.630929,341,330.26857,3,0.0
-8.145073,767,331.780311,2,0.0
-26.95745,337,332.514619,3,0.0
-41.97022,338,333.138235,3,0.0
10.476004,761,334.438669,2,0.0
-29.933958,551,335.682576,3,0.0
-27.481173,356,336.534298,3,0.0
-2.967115,1190,338.930859,2,0.0
-40.618418,310,339.583949,3,0.0
24.445724,1307,341.866741,3,0.0
15.734814,867,343.366852,2,0.0
-18.944013,438,344.467455,2,0.0
-15.565848,745,346.089339,2,0.0
-31.689021,542,347.130195,3,0.0
-27.439075,545,348.190435,2,0.0
-19.847554,467,349.304301,3,0.0
9.469678,823,350.959971,3,0.0
3.889577,632,352.20825,3,0.0
-26.051876,380,353.025368,3,0.0
-20.060371,396,363.167207,2,0.0
-34.08127,431,363.967653,3,0.0
12.244781,899,365.841675,2,0.0
8.570714,1092,367.93677,2,0.0
-5.696407,865,369.508237,3,0.0
-32.040806,685,370.96982,3,0.0
-16.565423,1198,373.577827,4,0.0
-33.554882,344,374.220078,3,0.0
-37.051611,667,375.574454,2,0.0
-7.463932,814,377.068194,3,0.0
-21.655108,469,377.944223,3,0.0
-16.505239,536,378.992839,2,0.0
-10.140325,432,379.846337,3,0.0
-18.162932,503,380.805314,3,0.0
-35.346801,1140,383.27431,3,0.0
-24.097154,552,384.515038,3,0.0
-2.540806,632,385.774802,2,0.0
-25.023315,597,387.138624,3,0.0
42.462069,1772,390.619807,3,0.0
-1.200469,578,391.491824,2,0.0
