#{"t_start": 1787999407.9814594, "env_id": "None"}
r,l,t,phase,player_health
-62.724819,1741,2.182552,2,0.0
-64.917183,1800,3.513722,1,72.0
-99.844409,1077,4.353607,2,0.0
-76.278627,1800,5.615655,1,44.0
-116.937872,1800,7.224653,2,16.0
-92.3201,1800,8.548725,1,16.0
-55.038937,1800,11.385018,1,58.0
-50.388683,1800,14.224664,1,58.0
-11.563542,1800,17.171915,2,44.0
-90.705046,976,18.85749,2,0.0
-66.191117,1800,22.382975,2,16.0
-28.276907,1302,24.545099,2,0.0
-43.233687,1800,27.380206,1,44.0
-99.133348,1800,30.85673,2,30.0
-68.857573,1800,34.245159,2,16.0
-55.754746,900,35.738297,2,0.0
-96.29542,1344,38.02891,1,0.0
-49.817878,1800,41.195267,1,72.0
-27.743615,1800,44.14101,1,16.0
-81.047078,1267,46.21468,1,0.0
-94.091431,1051,48.127476,2,0.0
-58.452152,1072,50.000519,1,0.0
-49.500796,1800,53.404009,2,16.0
-68.013577,1532,55.94026,1,0.0
-61.425464,1647,58.68252,1,0.0
-32.595382,1800,61.843153,1,44.0
-62.592724,1800,65.725641,2,30.0
-57.762454,1800,69.171117,1,30.0
-74.890469,1341,71.789388,1,0.0
-48.949563,1800,75.676141,2,2.0
-42.512008,1800,79.176034,1,72.0
-75.209545,968,96.845441,2,0.0
-94.980986,1512,99.964356,2,0.0
-63.555819,1451,102.578692,1,0.0
2.576576,1800,105.457385,1,86.0
-38.569952,1800,108.772689,1,44.0
-56.23385,1403,111.365757,1,0.0
-74.85183,815,112.90961,2,0.0
-20.988257,1800,116.376057,2,72.0
21.806654,1800,119.542108,2,44.0
-24.227104,1800,123.187411,2,16.0
-28.02638,1800,126.393576,1,58.0
-44.300457,1800,129.922511,1,72.0
-54.936674,1800,133.56557,1,86.0
-62.010644,827,135.164964,2,0.0
-54.22344,1800,138.837694,2,58.0
-49.55351,1800,142.577637,2,44.0
-47.859142,1050,144.475001,2,0.0
-12.796927,1800,147.527941,1,16.0
-23.61221,1800,151.358237,2,16.0
-36.957714,650,152.568356,2,0.0
-26.268892,1251,154.847225,2,0.0
-19.241462,1800,158.336186,1,2.0
-9.29355,1800,162.077566,2,58.0
-52.396159,1198,164.387246,1,0.0
-31.151375,1800,167.885937,1,44.0
-34.797511,575,169.194401,2,0.0
-44.443516,1800,173.842702,2,2.0
-47.494819,1800,177.991208,2,2.0
-73.002906,850,179.788126,2,0.0
-35.145666,1622,183.188517,1,0.0
-45.520979,1800,187.282598,1,2.0
-48.099458,1083,189.548147,2,0.0
-58.300876,1316,192.27613,2,0.0
-14.783202,1800,213.557907,1,2.0
-35.998412,1027,215.615992,2,0.0
-21.474347,1800,219.433107,1,2.0
-29.283459,1800,223.204292,1,44.0
-51.86116,1758,226.934678,2,0.0
-44.127944,988,228.737455,2,0.0
-1.941164,1800,231.642986,1,86.0
-24.774162,1800,235.09191,1,44.0
-65.521107,1409,238.101067,1,0.0
-30.101747,1800,241.677508,1,30.0
-43.779123,776,243.137692,1,0.0
-32.195487,1800,247.022289,2,44.0
-59.16188,785,248.680823,2,0.0
-39.916579,1311,251.500829,2,0.0
-32.956236,1800,255.17598,2,30.0
-10.95338,1800,259.110906,2,44.0
10.602002,1800,263.21037,3,30.0
-39.153014,1602,266.888733,1,0.0
-6.516669,1800,270.357419,1,72.0
-28.197931,1800,273.927174,1,16.0
-21.686509,1207,276.223988,1,0.0
-20.845699,1800,280.038418,2,44.0
-30.989115,1800,283.898799,2,30.0
-16.180014,1800,287.439729,1,2.0
27.61414,1800,291.002508,2,44.0
-8.203859,1800,294.640656,1,86.0
-32.122292,1800,298.215586,1,16.0
-52.389999,1086,300.305845,2,0.0
21.187364,1800,304.168202,3,30.0
-46.092637,1800,308.061749,1,30.0
-44.964594,1240,310.511529,1,0.0
-37.884227,1800,314.208836,1,44.0
-44.257795,826,333.25771,2,0.0
-45.974728,1210,335.571555,1,0.0
-22.240431,1359,338.297125,2,0.0
-11.972423,1800,341.98069,1,16.0
-40.700558,1800,345.895676,1,30.0
-41.307941,1642,349.449698,2,0.0
-43.886903,1422,352.275545,1,0.0
-36.319901,686,353.578766,2,0.0
0.651717,1800,357.759823,2,30.0
-67.467128,938,360.225508,2,0.0
-4.276129,1800,364.468234,1,2.0
3.999481,1800,368.417417,2,58.0
-37.796599,1800,372.537391,2,30.0
-40.860364,1229,375.06744,1,0.0
-56.487855,1474,378.121691,1,0.0
-61.257681,1046,380.637122,2,0.0
-47.177745,571,381.813972,2,0.0
-58.089382,1008,384.148894,2,0.0
-6.434238,1800,387.99736,2,44.0
-56.1024,1800,392.173645,2,16.0
-39.011566,648,393.579664,2,0.0
-33.637596,1800,397.551743,2,44.0
-58.363098,673,398.969495,2,0.0
-5.046357,1800,402.084571,1,2.0
-16.933833,1800,406.357403,2,44.0
-57.535316,864,408.527919,2,0.0
-56.587679,725,410.118055,2,0.0
-48.127725,1200,412.867155,2,0.0
-27.590285,1800,416.921828,2,86.0
-17.218027,1800,421.183503,2,72.0
7.141062,1800,425.225202,2,58.0
-49.362754,852,427.002824,2,0.0
-32.693817,1800,431.247031,2,16.0
-27.236151,1800,435.125361,1,16.0
-48.841008,979,437.298261,2,0.0
-70.865275,1097,439.789538,2,0.0
-39.145551,1800,461.383334,2,44.0
-59.517217,1042,463.729991,2,0.0
-56.256626,1311,466.380521,2,0.0
-19.300693,1800,470.344763,1,72.0
-33.062554,831,472.027178,1,0.0
29.875132,1800,476.313196,3,30.0
-52.766824,978,478.933091,2,0.0
-21.713999,1800,483.094306,2,58.0
-46.006059,1661,486.652815,1,0.0
-12.925887,1800,490.139212,1,2.0
-63.374985,644,491.589991,2,0.0
-46.233411,1116,493.928504,1,0.0
-45.099934,1364,496.812274,1,0.0
-67.692828,1110,499.269647,2,0.0
-59.861868,1507,502.792782,2,0.0
-42.232984,1096,505.375881,2,0.0
-50.136405,1800,509.634925,2,72.0
-42.805348,1674,513.535555,1,0.0
-39.048916,1800,518.06809,1,16.0
-13.103795,1800,521.934102,1,16.0
-58.618798,1550,525.175371,1,0.0
-36.735422,1616,528.609237,1,0.0
-51.31234,1800,532.853309,1,2.0
-87.512807,1798,537.003447,1,0.0
-39.192388,675,538.615113,2,0.0
-52.243097,1054,540.783433,2,0.0
-48.936949,1497,544.198986,2,0.0
-82.358723,1264,546.802724,1,0.0
-12.187956,1800,551.074544,1,2.0
-58.803985,1150,553.601032,2,0.0
-45.922123,1398,556.333371,1,0.0
-39.455194,1367,559.227149,1,0.0
-61.578533,1123,561.724281,2,0.0
-55.293764,683,563.072922,2,0.0
-16.856945,1800,567.692993,2,16.0
-62.436276,928,569.839722,2,0.0
-14.284322,1800,589.251053,2,16.0
-45.909607,575,590.47752,2,0.0
-43.316447,792,592.29538,2,0.0
-43.241317,1132,594.463756,1,0.0
-43.435298,1800,598.479088,2,16.0
-56.834827,1749,602.864215,2,0.0
1.13093,1800,606.840462,1,2.0
-43.70714,1545,610.005893,2,0.0
-5.402962,1800,613.291213,1,44.0
-54.655692,1654,616.384436,1,0.0
-47.749715,796,618.261343,2,0.0
3.088266,1540,621.838433,2,0.0
-41.188379,1202,624.734279,1,0.0
-21.333179,1800,629.060314,1,30.0
-59.039115,976,631.40688,1,0.0
-22.205308,1800,635.521677,1,2.0
-53.111945,802,637.280563,2,0.0
-31.340702,992,639.648809,2,0.0
-4.697505,1800,643.332416,1,30.0
-39.55013,993,645.745871,2,0.0
-60.169359,900,647.767867,2,0.0
-51.95753,1800,652.159269,2,30.0
-38.904433,955,654.624389,1,0.0
-46.757566,939,657.037552,2,0.0
-52.054449,717,658.764165,2,0.0
-48.117527,1052,661.113674,1,0.0
-64.05221,1090,663.518311,1,0.0
-27.275514,1481,666.706517,1,0.0
-25.397104,1800,670.712638,1,16.0
-68.073786,1025,672.924082,2,0.0
-37.557862,865,674.630273,2,0.0
-64.543022,1105,677.048254,2,0.0
-40.188713,1285,679.382488,1,0.0
3.067689,1800,682.849009,1,44.0
-44.807259,994,684.98135,2,0.0
-46.555803,1050,687.332191,1,0.0
-34.913648,1800,692.026062,2,2.0
-43.06225,833,694.274242,2,0.0
-74.927322,1638,698.738107,2,0.0
-44.021386,1556,715.871068,1,0.0
-36.947265,515,716.808199,2,0.0
-45.108441,779,718.343918,2,0.0
-11.173377,1407,721.015813,1,0.0
-58.131052,960,723.068888,2,0.0
-12.461602,1800,726.994445,1,16.0
-69.20868,1469,730.443405,2,0.0
-48.68043,1091,732.912224,2,0.0
-43.275557,665,734.43814,2,0.0
-31.248831,1482,737.543454,1,0.0
13.055966,1599,740.427881,2,0.0
-45.104445,1264,743.292065,2,0.0
-50.288698,1187,746.133489,2,0.0
-46.152557,956,748.133783,1,0.0
0.243003,1090,750.551544,2,0.0
-42.69198,1498,754.180868,1,0.0
-42.706468,1242,756.703766,1,0.0
-66.665555,921,758.825901,2,0.0
-51.093838,718,760.475199,2,0.0
-50.693896,636,762.11523,2,0.0
-46.493178,1258,765.590939,2,0.0
-71.054923,802,767.596508,2,0.0
-43.641601,1013,770.016221,2,0.0
-49.31756,964,772.34707,2,0.0
-34.829055,805,774.061017,1,0.0
-53.480011,1503,777.557225,1,0.0
-45.750067,1127,780.141864,2,0.0
-89.489804,998,782.609959,2,0.0
-28.154323,817,784.685236,2,0.0
-60.444218,1021,787.082387,2,0.0
-71.144114,657,788.734945,2,0.0
-21.86955,1800,793.003287,1,2.0
-33.93541,828,795.100214,2,0.0
-35.273908,755,796.852746,2,0.0
7.00316,1800,800.886736,1,30.0
-22.952606,1123,803.342765,1,0.0
-28.495435,1015,805.690273,1,0.0
-39.980472,688,807.462969,2,0.0
-57.650001,515,808.686751,2,0.0
-21.842229,1451,812.338085,1,0.0
-45.37032,934,814.751618,2,0.0
-35.991546,1144,817.182019,2,0.0
-50.779062,849,819.045094,1,0.0
-29.166136,425,820.185488,2,0.0
-39.971114,1269,822.974924,1,0.0
-76.33245,1056,825.580076,2,0.0
4.192587,1800,843.694057,1,30.0
-60.326895,641,845.078582,2,0.0
19.570754,1800,848.657827,2,16.0
2.364621,1800,852.096686,1,30.0
-52.551563,871,854.00294,2,0.0
-24.088264,1763,857.321378,1,0.0
-43.580186,775,859.162855,2,0.0
-33.550795,1599,862.501436,1,0.0
-3.787154,1800,865.91163,1,16.0
-50.931552,610,867.251418,2,0.0
-39.848766,1427,870.175826,1,0.0
-13.69075,1525,873.012907,1,0.0
-46.296865,750,874.636001,2,0.0
-42.973582,1176,877.136503,1,0.0
24.401665,1800,880.830789,1,72.0
-44.172651,1151,883.09301,1,0.0
-23.909061,1593,887.173435,2,0.0
-41.044274,1039,889.726865,1,0.0
-41.85012,603,891.110101,2,0.0
-61.450323,874,893.164587,2,0.0
-45.132306,1091,895.292822,1,0.0
-20.300267,1105,897.638706,2,0.0
-39.839739,1309,900.565224,2,0.0
-16.482534,1303,903.474243,2,0.0
-2.035045,1487,906.407884,2,0.0
14.929173,1800,910.061645,1,30.0
5.617375,1800,913.696645,1,2.0
23.210002,1800,917.345104,1,58.0
-41.609313,682,918.680395,2,0.0
-32.044411,1452,921.724715,1,0.0
-34.539968,1439,924.449351,1,0.0
-55.607637,1365,927.439756,1,0.0
-83.619355,1293,930.175776,2,0.0
3.946261,1800,934.100079,1,86.0
-68.276146,908,936.288628,2,0.0
-12.457359,1800,939.77727,1,30.0
-27.35812,1451,942.741635,2,0.0
-51.783897,1729,946.606973,1,0.0
-66.547014,1708,967.395044,2,0.0
-83.856849,1617,970.832495,1,0.0
-54.648717,903,972.971844,2,0.0
-21.770124,1651,976.604131,1,0.0
-9.792936,1800,980.191662,1,2.0
-56.664678,923,982.317246,2,0.0
-46.153073,1665,986.124493,2,0.0
-49.646701,1061,988.113013,1,0.0
-18.694008,1800,991.825293,1,16.0
-47.059549,1356,994.402748,1,0.0
-57.134579,1639,998.089801,2,0.0
4.462704,1800,1001.540419,1,44.0
-12.132674,1611,1004.954986,1,0.0
-21.356374,1800,1009.430469,2,16.0
-39.395012,1295,1012.755845,2,0.0
-35.113243,1800,1016.727122,2,44.0
3.51447,1800,1020.370725,1,2.0
-32.275829,904,1022.529397,2,0.0
-39.397618,1283,1025.047666,2,0.0
-42.845191,1633,1028.801153,1,0.0
-50.612238,1566,1032.568098,1,0.0
-25.365147,1765,1036.777427,1,0.0
-53.581899,1708,1040.831339,1,0.0
-44.178313,1406,1044.037248,2,0.0
-63.692189,1485,1047.418423,2,0.0
-61.677531,1061,1049.710476,2,0.0
-27.064749,1206,1052.171132,2,0.0
-25.301662,1343,1054.799851,2,0.0
-59.345819,1076,1057.025228,2,0.0
-57.713425,1157,1059.622487,2,0.0
-52.800266,1739,1063.420388,2,0.0
-46.909056,1403,1066.529604,1,0.0
-20.312582,1800,1070.43932,2,30.0
11.963134,1800,1092.917322,1,30.0
-34.258661,1800,1096.905774,1,30.0
-47.590447,1800,1101.61198,2,2.0
2.145381,1800,1105.329949,1,86.0
-39.262712,1800,1109.23237,1,16.0
-63.625019,1346,1112.328189,2,0.0
-40.310248,1644,1115.810624,1,0.0
-29.91478,1800,1120.059329,1,16.0
-18.462385,1800,1123.581814,1,2.0
-40.857957,1429,1126.970119,2,0.0
-46.910842,1800,1131.30379,1,2.0
-20.640907,1800,1135.48178,1,58.0
-35.347046,1800,1140.140932,1,30.0
-6.586196,1800,1144.120658,1,86.0
-29.62754,883,1145.886448,2,0.0
-63.23815,1688,1149.846756,2,0.0
-58.554326,1259,1152.988507,2,0.0
-64.320822,1290,1155.788567,1,0.0
-47.154236,864,1157.840735,2,0.0
-25.520954,1800,1161.792926,1,30.0
-15.230576,1800,1165.672671,1,86.0
-35.215764,1209,1168.216638,1,0.0
-39.976311,892,1170.112634,2,0.0
-60.05045,1425,1173.456459,2,0.0
-55.441302,1430,1176.984219,2,0.0
-58.048474,1693,1180.953539,1,0.0
-47.97003,1108,1183.355594,1,0.0
-45.370694,1482,1186.687075,1,0.0
-51.567462,1302,1189.73948,2,0.0
-53.109017,1141,1192.394014,1,0.0
-56.26916,1100,1194.867753,2,0.0
-7.637058,1800,1198.819317,1,2.0
-13.942962,1800,1202.490901,1,30.0
-43.886739,1067,1205.079374,2,0.0
