#{"t_start": 1788024167.0879977, "env_id": "None"}
r,l,t,phase,player_health
-63.529069,1800,2.41613,3,16.0
-48.011915,353,2.613366,2,0.0
-111.497577,1800,4.033025,1,16.0
-59.109805,583,4.459484,2,0.0
-92.668836,979,5.160748,2,0.0
-38.346101,1800,6.214508,1,58.0
-91.599947,921,6.905081,2,0.0
-84.461166,1800,8.397637,2,16.0
-65.646017,1800,12.125881,2,30.0
-108.799447,1800,15.840346,2,16.0
-58.750229,1800,19.568303,3,30.0
-13.775721,1800,22.568033,2,58.0
-82.999875,1235,24.990608,1,0.0
-45.284869,1652,27.6353,2,0.0
-27.699461,1800,30.912946,3,30.0
-74.169423,1800,34.517208,2,2.0
-86.808468,851,36.189304,2,0.0
-63.61149,1544,38.861402,1,0.0
-39.737115,1800,42.121666,1,30.0
-25.591281,1800,45.605367,3,2.0
-100.106617,1716,49.365654,2,0.0
-61.660123,785,50.995746,2,0.0
-18.9357,1800,54.401334,1,16.0
-56.498193,1477,57.340218,1,0.0
-48.194277,744,58.838404,2,0.0
-103.627495,1764,62.649877,1,0.0
-44.859386,1089,64.707546,1,0.0
-34.192759,1800,68.253197,1,86.0
-37.613957,1800,72.031006,1,58.0
-10.504532,1800,75.218467,1,16.0
-79.645477,905,77.057034,2,0.0
-19.588111,1800,80.43506,1,58.0
-51.080096,1800,83.653952,1,30.0
-61.705577,791,85.257408,2,0.0
-47.948262,840,104.375608,1,0.0
-8.598159,1800,107.953815,1,58.0
-61.218986,1164,110.263698,1,0.0
-64.371702,1181,112.670534,2,0.0
-25.2908,1800,116.719981,2,16.0
-62.067049,1659,120.400039,2,0.0
-11.66642,1800,124.182473,2,16.0
-43.585361,1800,128.063436,1,16.0
-75.339574,988,130.191029,2,0.0
28.007657,1800,133.682768,2,44.0
-57.957941,1800,137.597797,1,72.0
-51.820609,935,139.466151,2,0.0
-68.369574,815,141.158844,2,0.0
-29.917341,846,142.778164,2,0.0
-47.419561,1580,146.004332,1,0.0
-44.642488,1800,150.075972,2,16.0
-1.343545,1800,153.371757,1,100.0
-45.797816,1321,156.048537,2,0.0
-70.614077,1800,160.171849,2,86.0
-49.757083,1371,162.998989,1,0.0
-8.880225,1800,166.212214,1,72.0
-49.868564,1800,169.849775,1,72.0
-50.099961,1800,173.721719,1,2.0
-15.036665,1800,178.103558,2,30.0
-61.866685,1259,180.953855,2,0.0
-16.254782,1800,184.286202,1,44.0
23.176681,1800,187.625264,2,86.0
-59.628046,1342,190.338381,1,0.0
-57.096686,1038,192.571299,2,0.0
-71.789689,1363,195.394941,1,0.0
-43.73553,1115,197.885498,2,0.0
-35.889914,1800,201.962472,1,30.0
-37.485909,1449,204.841959,1,0.0
-50.815377,1730,226.359211,1,0.0
-57.101486,1526,229.728978,1,0.0
-32.789898,1800,233.877345,2,58.0
-28.745631,1800,238.015836,1,2.0
-66.871884,1142,240.620995,2,0.0
-60.632875,1151,243.215377,1,0.0
-64.564937,1362,246.438997,2,0.0
-72.531888,1795,250.786322,1,0.0
-17.172942,1800,255.087383,2,16.0
-27.094783,1800,258.912265,1,72.0
-32.460477,1800,262.967675,1,30.0
-29.052706,1800,267.227474,2,30.0
-62.178185,1624,270.746464,2,0.0
-2.245564,1800,274.588948,1,72.0
-7.23909,1800,278.702711,1,58.0
-16.628204,1800,283.137376,2,16.0
-48.239635,819,284.920763,2,0.0
-13.997657,1800,288.590003,1,58.0
-76.15421,1676,292.844167,2,0.0
-47.186431,728,294.478317,2,0.0
-2.590912,1800,298.264206,1,30.0
-41.295416,1342,301.522207,2,0.0
-45.142264,916,303.535309,2,0.0
-63.70466,1759,307.535052,2,0.0
14.864651,1800,311.076965,1,58.0
-43.971284,1800,314.912245,1,86.0
-60.203902,1800,319.200943,2,16.0
-56.631623,1296,322.214314,1,0.0
-32.160909,1800,326.664797,1,30.0
-11.867155,1800,330.773093,2,58.0
-55.117394,1172,333.599046,2,0.0
-68.561534,1800,338.199374,2,72.0
-46.844651,1369,360.89495,1,0.0
-58.023348,1655,364.779715,2,0.0
-48.071179,1272,367.692242,1,0.0
-49.346682,1800,372.220136,2,16.0
-41.384743,1800,376.448034,1,44.0
11.315863,1800,380.139847,1,72.0
-62.964521,806,381.951684,2,0.0
-53.919024,927,383.917568,1,0.0
-41.050925,1471,387.375207,1,0.0
-39.753184,1800,391.750861,1,16.0
-60.016015,1404,394.936026,1,0.0
-6.671497,1800,399.117978,2,30.0
-68.668938,1310,402.378248,2,0.0
-9.046336,1800,406.430525,2,2.0
-52.762969,903,408.572635,2,0.0
-33.193748,1800,412.902233,1,44.0
-50.450423,927,415.03718,1,0.0
-52.055018,1392,418.400535,2,0.0
-55.430966,1793,422.544707,1,0.0
-49.031391,803,424.619366,2,0.0
-11.090109,1800,428.568876,1,44.0
-80.686391,1510,432.049106,1,0.0
-32.634557,1800,436.240415,1,58.0
-52.784062,1207,439.096218,2,0.0
10.093625,1800,443.113286,1,2.0
-56.190288,1312,445.986898,1,0.0
-40.15289,1800,450.111143,1,2.0
-65.270802,1752,454.440225,1,0.0
-55.90857,1742,458.579477,1,0.0
-34.975253,1800,462.855746,1,2.0
-32.55448,1800,467.341116,1,58.0
-58.955473,1666,471.217453,1,0.0
-52.068477,1209,473.922575,1,0.0
-32.795255,775,492.005839,2,0.0
-52.209208,1800,496.323564,1,2.0
-30.29296,1800,501.035992,2,16.0
-57.239131,1556,504.510664,1,0.0
-9.736937,1800,508.634371,1,2.0
-37.634662,911,510.725457,2,0.0
-56.273098,1099,513.521944,2,0.0
-46.331766,933,515.782682,2,0.0
-81.19847,1170,518.487523,2,0.0
-19.594048,1800,522.548808,1,2.0
-31.870148,1072,524.706576,1,0.0
-3.886933,1800,528.649891,1,30.0
-76.956521,1698,533.131778,2,0.0
-65.124428,825,535.006139,2,0.0
-9.369426,1800,538.914095,1,30.0
-43.845133,1038,541.145459,1,0.0
-8.953291,1800,545.237646,2,16.0
-62.728647,1800,549.584081,1,72.0
-17.444509,1800,553.666392,1,16.0
-63.050146,1592,557.767338,2,0.0
-70.808687,949,560.163792,2,0.0
-55.01834,1774,564.700212,2,0.0
-13.142563,1515,567.798922,2,0.0
-38.952012,1800,572.29401,2,16.0
-20.774053,1800,576.594697,1,44.0
15.623137,1800,580.518054,2,2.0
-64.941731,1115,582.993939,1,0.0
-54.059443,1518,586.760526,1,0.0
-9.421841,1800,590.846241,1,58.0
-73.359917,1160,593.59664,1,0.0
-3.754914,1800,597.421999,1,86.0
7.205955,1800,601.195037,2,2.0
57.452423,1800,604.58787,2,44.0
-36.202104,1177,607.236218,1,0.0
7.591374,1800,632.023582,1,58.0
-0.869125,1800,636.273556,2,2.0
-5.926972,1800,640.055478,1,44.0
-64.195638,1530,643.593252,1,0.0
27.502701,1800,647.540419,2,2.0
-23.015607,1800,651.672529,1,44.0
-32.212435,722,653.09586,2,0.0
10.164532,1800,656.803437,1,58.0
-35.59557,1357,660.167898,2,0.0
36.254893,1630,663.190947,2,0.0
-46.262498,858,665.468376,2,0.0
-51.753061,1020,667.85028,1,0.0
-53.794142,632,669.299555,2,0.0
2.07927,1800,674.066029,1,16.0
-55.084328,959,676.631869,2,0.0
3.219728,1800,680.539378,1,44.0
-13.688526,1800,685.101084,2,16.0
-64.200921,1250,688.264147,2,0.0
-49.193885,375,689.11329,2,0.0
-9.307638,1800,693.938584,1,2.0
-53.042717,1114,696.793565,2,0.0
-49.171536,680,698.267101,2,0.0
-15.34719,1800,702.664068,1,58.0
-15.400443,1800,706.951022,1,86.0
-39.970529,816,708.910854,2,0.0
-29.972645,1670,712.57037,1,0.0
-30.250779,1800,716.98961,1,72.0
-9.254765,1800,721.124387,1,44.0
-35.371468,1766,725.423969,1,0.0
-34.38362,1087,727.833346,1,0.0
-43.599125,1681,732.106622,2,0.0
-42.301357,1509,735.865813,2,0.0
-14.938009,1800,739.70047,1,58.0
31.808775,1800,743.204521,1,72.0
-43.364953,1588,759.860065,1,0.0
-12.491294,1800,763.977192,2,16.0
-34.506634,1507,767.578586,1,0.0
-5.022189,1800,771.596945,1,16.0
-23.16896,1800,776.176785,2,16.0
-54.480392,1554,780.110532,1,0.0
-60.492176,1800,784.584134,2,30.0
-15.925036,1800,788.853562,1,16.0
-22.033229,1800,792.94356,1,44.0
-6.839658,1800,797.382354,2,44.0
-66.371861,1248,800.289658,1,0.0
-37.593375,1283,803.046091,1,0.0
5.863374,1800,806.953879,1,58.0
-18.441121,1800,811.235073,2,2.0
-38.231772,1169,813.934721,2,0.0
-45.075748,1274,816.89032,1,0.0
-75.228492,1579,820.551403,1,0.0
-42.205533,707,822.009129,2,0.0
-22.535908,1800,826.297696,2,44.0
9.253813,1635,829.6613,2,0.0
1.086409,1800,833.737758,1,2.0
-55.61588,720,835.539999,2,0.0
-15.978154,1800,839.33055,1,72.0
-40.274817,1240,842.352011,1,0.0
-40.68498,1574,846.134116,1,0.0
-50.59682,1651,850.098169,1,0.0
-52.767346,1800,854.499378,2,16.0
-52.617548,833,856.484003,2,0.0
-18.019265,1800,860.870725,2,72.0
-6.301064,1800,865.728158,2,44.0
-38.137688,1011,867.889552,2,0.0
-20.728319,1800,872.196878,1,16.0
-22.657568,1800,892.929328,2,30.0
-33.939987,1178,895.470788,1,0.0
-53.286489,925,897.507218,2,0.0
-31.681443,925,899.683327,2,0.0
-57.422397,1612,903.415109,2,0.0
-66.351706,1149,906.144956,2,0.0
-24.711254,1625,909.57211,1,0.0
-77.951518,1540,913.360988,2,0.0
-41.672632,814,915.245329,2,0.0
-37.44302,1366,918.372545,1,0.0
2.100922,1800,922.342747,1,16.0
-36.201062,799,923.975002,2,0.0
-59.724296,715,925.839517,2,0.0
-26.216459,1800,930.320756,2,30.0
-65.538318,1526,933.896369,1,0.0
-17.228819,1800,937.73061,1,58.0
-31.10322,998,939.860834,2,0.0
-26.299312,1323,942.477324,2,0.0
-52.867959,665,943.720414,1,0.0
3.568286,1800,947.31351,1,44.0
-38.269742,1097,949.66793,2,0.0
-1.464676,1800,953.386759,1,72.0
-70.197399,1069,955.489526,1,0.0
-32.908147,972,957.666998,2,0.0
31.117643,1800,961.30804,2,44.0
-7.298057,1800,965.830597,1,72.0
21.274777,1800,969.358508,2,44.0
-44.290484,844,971.476522,2,0.0
-15.253513,1800,975.537738,1,44.0
-70.767943,1761,980.254157,2,0.0
-2.216328,1250,982.809294,2,0.0
-41.974007,607,984.130129,2,0.0
13.056119,1800,987.65045,1,2.0
10.867445,1800,992.033684,2,30.0
11.148382,1800,996.043659,1,16.0
-37.870947,635,997.243199,1,0.0
20.573639,1800,1001.298576,2,30.0
-19.734867,1201,1021.828858,2,0.0
-56.241906,1738,1026.074375,2,0.0
-27.899443,1800,1030.196325,2,30.0
-25.26226,959,1032.305411,2,0.0
-46.724933,759,1034.136707,2,0.0
-46.291944,589,1035.623623,2,0.0
-53.12649,806,1037.279183,2,0.0
-41.721573,1141,1039.907137,2,0.0
-43.761721,1318,1043.146708,1,0.0
-44.106494,889,1045.132298,2,0.0
-47.454589,1346,1048.246639,2,0.0
-47.209913,1279,1051.204289,1,0.0
-21.280765,1800,1055.402109,1,30.0
36.704492,1800,1059.094724,2,2.0
-51.254058,530,1060.298729,2,0.0
-39.095718,732,1061.924173,2,0.0
-50.165559,704,1063.506731,2,0.0
-19.015722,1501,1066.67685,2,0.0
6.784412,1800,1070.67111,1,2.0
2.42302,1800,1074.402082,1,58.0
-31.75548,1592,1078.195033,1,0.0
-42.707457,1340,1081.197726,2,0.0
-42.034342,1800,1085.473341,1,16.0
-32.99441,948,1087.541073,2,0.0
-44.285974,822,1089.574471,2,0.0
-28.370194,1348,1092.465194,2,0.0
3.712049,1800,1096.605917,1,30.0
-16.969083,1800,1101.241391,1,16.0
-55.735505,847,1103.218487,2,0.0
3.115826,1800,1106.757546,1,58.0
-43.522682,725,1108.383531,2,0.0
-42.377831,869,1110.409339,2,0.0
-2.697654,1800,1114.04488,1,72.0
-39.649855,945,1116.00028,2,0.0
-49.304922,1076,1118.260359,1,0.0
-38.40499,1180,1121.070493,2,0.0
-37.894987,1207,1123.830729,2,0.0
21.151328,1800,1127.320019,2,30.0
-69.455189,1026,1129.467854,1,0.0
-37.124791,1800,1149.859277,2,58.0
-11.28189,1188,1152.856632,2,0.0
-35.52417,1800,1157.655792,2,2.0
-30.784584,1696,1160.892228,1,0.0
-33.217545,521,1162.008244,2,0.0
-52.734278,847,1163.975465,2,0.0
-47.489549,674,1165.587385,2,0.0
-41.381643,1115,1168.27233,2,0.0
-12.042204,1800,1172.815327,2,16.0
-5.37889,1522,1175.884435,2,0.0
-4.926403,1800,1179.755858,1,16.0
-18.232654,1800,1184.230714,2,2.0
-64.259415,976,1186.603543,2,0.0
-57.555623,776,1188.55474,2,0.0
3.789956,1800,1192.070897,1,2.0
-30.368306,664,1193.586723,2,0.0
-16.020738,1800,1197.985507,2,2.0
13.658829,1800,1201.456893,1,44.0
-41.32983,1471,1204.785325,1,0.0
35.426264,1800,1208.560205,2,16.0
-10.616108,1800,1212.75813,1,2.0
-49.262981,1550,1216.480375,1,0.0
3.282835,1800,1220.567342,2,2.0
-41.170561,1333,1223.544404,2,0.0
-50.519439,1236,1226.447055,2,0.0
-21.918035,1800,1230.533535,1,2.0
-31.939665,1800,1234.75112,1,58.0
-16.095909,1800,1238.988834,1,16.0
-43.082034,1509,1242.471384,2,0.0
-25.472072,1445,1245.511069,1,0.0
-30.055733,1800,1250.053381,2,30.0
-36.093618,1800,1254.577373,2,58.0
-55.041955,952,1256.882653,2,0.0
-61.552949,1069,1259.453891,2,0.0
-29.224956,1800,1263.536241,1,16.0
