#{"t_start": 1788161947.4895744, "env_id": "None"}
r,l,t,phase,player_health,episode_enemies_destroyed,episode_spawners_destroyed,episode_phases_advanced,episode_damage_taken,episode_xp_earned,episode_max_level,active_minibosses,active_boss_hazards,drone_level
-37.358099,117,3.316326,1,0.0,1,0,0,112.0,8.0,1,0,0,0
-39.811953,183,4.114563,1,0.0,0,0,0,112.0,0.0,1,0,0,0
-38.515467,76,4.391744,1,0.0,0,0,0,112.0,0.0,1,0,0,0
-38.891261,201,5.295814,1,0.0,0,0,0,112.0,0.0,1,0,0,0
-42.113652,133,5.8516,1,0.0,0,0,0,140.0,0.0,1,0,0,0
-38.345693,118,6.317387,1,0.0,0,0,0,112.0,0.0,1,0,0,0
-38.88719,171,7.012079,1,0.0,1,0,0,112.0,8.0,1,0,0,0
-38.724521,121,7.484829,1,0.0,0,0,0,112.0,0.0,1,0,0,0
-37.110372,110,7.916367,1,0.0,1,0,0,112.0,8.0,1,0,0,0
-38.2015,111,8.344317,1,0.0,0,0,0,112.0,0.0,1,0,0,0
-39.580326,190,9.132535,1,0.0,0,0,0,112.0,0.0,1,0,0,0
-39.025107,115,9.560168,1,0.0,0,0,0,112.0,0.0,1,0,0,0
-39.944809,179,10.32081,1,0.0,0,0,0,112.0,0.0,1,0,0,0
-38.64771,245,11.373176,1,0.0,1,0,0,112.0,8.0,1,0,0,0
-36.581275,121,11.831769,1,0.0,1,0,0,112.0,8.0,1,0,0,0
-36.649025,72,12.10259,1,0.0,0,0,0,112.0,0.0,1,0,0,0
-38.148135,144,12.669842,1,0.0,1,0,0,112.0,8.0,1,0,0,0
-37.757171,135,13.184218,1,0.0,1,0,0,112.0,8.0,1,0,0,0
-37.576022,136,13.714866,1,0.0,1,0,0,112.0,8.0,1,0,0,0
-39.771511,158,14.338232,1,0.0,0,0,0,112.0,0.0,1,0,0,0
-38.889656,92,14.680406,1,0.0,0,0,0,112.0,0.0,1,0,0,0
-37.975993,282,15.896614,1,0.0,2,0,0,112.0,16.0,1,0,0,0
-40.064877,249,16.963982,1,0.0,0,0,0,112.0,0.0,1,0,0,0
-39.086002,121,17.471478,1,0.0,0,0,0,112.0,0.0,1,0,0,0
-38.963625,127,17.952064,1,0.0,0,0,0,112.0,0.0,1,0,0,0
-37.932127,121,18.415946,1,0.0,0,0,0,112.0,0.0,1,0,0,0
-39.459458,96,18.779653,1,0.0,0,0,0,112.0,0.0,1,0,0,0
-40.037522,185,19.524075,1,0.0,0,0,0,112.0,0.0,1,0,0,0
-36.726856,141,20.084162,1,0.0,0,0,0,112.0,0.0,1,0,0,0
-39.621065,77,20.375714,1,0.0,0,0,0,112.0,0.0,1,0,0,0
-38.682382,107,20.81032,1,0.0,0,0,0,112.0,0.0,1,0,0,0
-39.428401,118,21.281021,1,0.0,0,0,0,112.0,0.0,1,0,0,0
-40.183061,196,22.104683,1,0.0,0,0,0,112.0,0.0,1,0,0,0
-36.843477,166,22.759439,1,0.0,0,0,0,112.0,0.0,1,0,0,0
-39.449462,96,23.176829,1,0.0,0,0,0,112.0,0.0,1,0,0,0
46.898773,241,24.615488,2,0.0,7,3,1,101.92,186.0,2,0,0,1
113.277229,371,26.928759,3,0.0,8,5,2,170.65600000000003,289.0,3,0,0,1
110.154279,268,28.58316,3,0.0,6,5,2,108.83200000000002,273.0,3,0,2,1
52.985058,256,30.212486,2,0.0,2,4,1,115.36000000000001,181.0,2,1,0,0
32.357754,227,31.616565,2,0.0,0,3,1,172.48000000000002,130.0,2,0,0,0
39.852157,219,32.969125,2,0.0,3,3,1,127.68,154.0,2,0,0,0
29.771915,184,34.091053,2,0.0,0,3,1,171.92000000000002,130.0,2,0,0,0
116.327556,365,36.312924,3,0.0,11,5,2,171.13600000000002,313.0,3,0,2,1
112.424323,407,38.943371,3,0.0,10,5,2,101.10400000000001,305.0,3,0,0,1
32.426218,205,40.157541,2,0.0,1,3,1,171.36,138.0,2,0,0,0
37.762529,264,41.791629,2,0.0,7,3,1,165.928,186.0,2,1,0,0
48.561019,306,43.768786,2,0.0,2,4,1,171.92000000000002,181.0,2,0,0,0
54.301659,252,45.353253,2,0.0,2,4,1,101.36000000000001,181.0,2,1,0,0
38.569546,201,46.560126,2,0.0,2,3,1,100.80000000000001,146.0,2,0,0,0
34.213736,274,48.326231,2,0.0,1,3,1,171.36,138.0,2,0,0,0
23.785148,207,49.612349,2,0.0,2,2,1,120.568,111.0,2,1,0,0
119.970688,419,52.454569,3,0.0,11,5,2,121.79200000000002,313.0,3,1,3,0
-22.640272,94,53.044374,1,0.0,0,1,0,112.0,35.0,1,0,0,0
33.606976,260,54.743072,2,0.0,3,3,1,171.92000000000002,154.0,2,1,0,0
40.989656,211,56.031799,2,0.0,2,3,1,100.80000000000001,146.0,2,0,0,0
40.198139,227,57.409167,2,0.0,3,3,1,114.80000000000001,154.0,2,0,0,0
59.099932,285,59.18573,2,0.0,4,4,1,100.24000000000001,197.0,2,0,0,1
107.901944,410,61.832659,3,0.0,8,5,2,109.39200000000002,289.0,3,0,2,1
117.069639,353,64.03849,3,0.0,10,5,2,105.80800000000002,305.0,3,1,2,1
57.543484,266,65.665781,2,0.0,4,4,1,101.36000000000001,197.0,2,0,0,0
88.233253,354,67.934034,3,0.0,3,5,2,230.80000000000004,249.0,3,0,2,0
39.520778,235,69.382806,2,0.0,2,3,1,100.24000000000001,146.0,2,0,0,0
35.454857,282,71.085519,2,0.0,3,3,1,171.92000000000002,154.0,2,0,0,0
20.064742,212,72.371467,2,0.0,3,2,1,156.24,119.0,2,1,0,0
51.424136,285,74.113816,2,0.0,4,4,1,157.92000000000002,197.0,2,0,0,0
35.734964,193,75.244419,2,0.0,4,3,1,157.92000000000002,162.0,2,0,0,0
31.331091,209,76.526001,2,0.0,0,3,1,171.36,130.0,2,0,0,0
55.592825,271,78.261295,2,0.0,4,4,1,114.80000000000001,197.0,2,0,0,1
105.717977,328,80.394781,3,0.0,7,5,2,162.36800000000002,281.0,3,0,2,0
40.768349,286,82.228567,2,0.0,2,3,1,100.24000000000001,146.0,2,1,0,0
55.137066,317,84.206796,2,0.0,6,4,1,157.92000000000002,213.0,3,1,0,1
33.072812,200,85.404308,2,0.0,3,3,1,171.52800000000005,154.0,2,0,0,0
-20.634443,129,86.188028,1,0.0,2,1,0,112.0,51.0,1,0,0,0
56.634456,210,87.429096,2,0.0,4,4,1,100.24000000000001,197.0,2,0,0,2
105.999597,479,90.541323,3,0.0,4,5,2,114.57600000000002,257.0,3,0,2,0
33.964899,237,91.982757,2,0.0,2,3,1,170.8,146.0,2,0,0,0
-22.491789,164,92.983678,1,0.0,3,1,0,154.0,59.0,2,0,0,0
48.885487,239,94.486662,2,0.0,3,4,1,170.8,189.0,2,1,0,0
-22.290197,94,95.056033,1,0.0,1,1,0,112.0,43.0,1,0,0,0
21.140412,152,95.991371,2,0.0,1,2,1,120.568,103.0,2,1,0,1
36.585686,224,97.360795,2,0.0,5,3,1,157.36,170.0,2,0,0,1
25.163853,195,98.536931,2,0.0,3,2,1,114.24000000000001,119.0,2,0,0,0
-23.375889,127,99.296239,1,0.0,1,1,0,112.0,43.0,1,0,0,0
58.485575,242,100.781118,2,0.0,7,4,1,100.80000000000001,221.0,3,0,0,1
-21.301072,135,101.602757,1,0.0,2,1,0,112.0,51.0,1,0,0,0
-22.410766,127,102.390243,1,0.0,0,1,0,112.0,35.0,1,0,0,0
-22.126459,125,103.166241,1,0.0,2,1,0,112.0,51.0,1,0,0,0
55.645037,237,104.570605,2,0.0,3,4,1,100.80000000000001,189.0,2,0,0,1
49.904875,229,105.97158,2,0.0,5,3,1,122.808,260.0,3,0,0,2
33.811349,225,107.319709,2,0.0,2,3,1,157.92000000000002,146.0,2,0,0,0
15.4323,247,108.879957,2,0.0,1,2,1,199.92000000000002,103.0,2,1,0,0
102.116416,394,111.332971,3,0.0,7,5,2,159.37600000000003,281.0,3,0,2,1
57.799857,246,112.803936,2,0.0,6,4,1,100.24000000000001,213.0,3,0,0,0
41.125903,212,114.108629,2,0.0,1,3,1,102.256,138.0,2,1,0,0
36.851875,206,115.372903,2,0.0,1,3,1,113.12,138.0,2,1,0,0
40.991053,231,116.745695,2,0.0,5,3,1,112.56,170.0,2,0,0,1
32.285834,191,117.906701,2,0.0,1,3,1,157.92000000000002,138.0,2,0,0,0
35.080247,233,119.322344,2,0.0,1,3,1,157.92000000000002,138.0,2,0,0,0
-21.464975,126,120.097893,1,0.0,1,1,0,112.0,43.0,1,0,0,0
31.721432,252,121.638711,2,0.0,0,3,1,156.8,130.0,2,0,0,0
40.391422,175,122.724216,2,0.0,2,3,1,100.80000000000001,146.0,2,0,0,0
93.948284,439,125.564569,3,0.0,1,5,2,142.06400000000002,233.0,3,0,2,0
33.552453,219,126.879943,2,0.0,2,3,1,157.92000000000002,146.0,2,0,0,0
36.472943,175,127.942704,2,0.0,0,3,1,114.24000000000001,130.0,2,0,0,0
51.700533,265,129.581543,2,0.0,2,4,1,157.92000000000002,181.0,2,0,0,1
97.657399,372,131.946397,3,0.0,1,5,2,164.83200000000002,233.0,3,0,3,0
18.066858,208,133.283431,2,0.0,1,2,1,171.36,103.0,2,0,0,0
-22.821294,101,133.926944,1,0.0,2,1,0,112.0,51.0,1,0,0,0
34.639694,206,135.199253,2,0.0,1,3,1,170.8,138.0,2,0,0,0
56.00627,213,136.465851,2,0.0,4,4,1,101.36000000000001,197.0,2,0,0,1
53.269098,165,137.491926,2,0.0,2,4,1,101.36000000000001,181.0,2,1,0,1
-21.367996,79,137.992053,1,0.0,1,1,0,112.0,43.0,1,0,0,0
39.073961,221,139.395604,2,0.0,1,3,1,100.24000000000001,138.0,2,1,0,0
56.760252,264,141.09563,2,0.0,6,4,1,101.36000000000001,213.0,3,1,0,1
-24.129679,127,141.890978,1,0.0,0,1,0,126.0,35.0,1,0,0,0
33.894417,258,143.504324,2,0.0,1,3,1,171.92000000000002,138.0,2,0,0,0
52.675761,203,144.76548,2,0.0,1,4,1,100.24000000000001,173.0,2,0,0,1
101.20652,386,146.551001,3,0.0,7,5,2,205.52000000000004,281.0,3,0,0,1
51.092418,187,154.593114,2,0.0,2,4,1,128.8,181.0,2,0,0,1
24.900259,167,155.604202,2,0.0,2,2,1,113.12,111.0,2,0,0,0
36.750083,195,156.824167,2,0.0,1,3,1,100.80000000000001,138.0,2,0,0,1
112.874822,458,159.750474,3,0.0,6,5,2,107.40800000000002,273.0,3,0,0,1
-23.059855,112,160.434096,1,0.0,0,1,0,112.0,35.0,1,0,0,0
35.555102,199,161.631729,2,0.0,3,3,1,157.36,154.0,2,0,0,0
32.957066,238,163.094113,2,0.0,2,3,1,170.8,146.0,2,0,0,0
22.480386,195,164.282407,2,0.0,1,2,1,114.24000000000001,103.0,2,0,0,0
54.884056,171,165.298572,2,0.0,3,4,1,100.24000000000001,189.0,2,0,0,1
92.016257,389,167.878387,3,0.0,3,5,2,216.24000000000004,249.0,3,0,2,0
32.438391,195,169.063499,2,0.0,2,3,1,171.36,146.0,2,0,0,0
19.77424,240,170.559352,2,0.0,2,2,1,171.92000000000002,111.0,2,0,0,0
54.144334,273,172.273534,2,0.0,2,4,1,100.80000000000001,181.0,2,0,0,0
21.158737,245,173.837957,2,0.0,3,2,1,171.92000000000002,119.0,2,0,0,0
-36.658787,88,174.387871,1,0.0,0,0,0,112.0,0.0,1,0,0,0
22.810606,215,175.650501,2,0.0,2,2,1,157.92000000000002,111.0,2,0,0,0
37.627123,235,177.095604,2,0.0,5,3,1,171.36,170.0,2,0,0,0
58.330376,237,178.55747,2,0.0,5,4,1,100.80000000000001,205.0,3,0,0,1
36.306321,205,179.839262,2,0.0,1,3,1,113.68,138.0,2,0,0,1
103.937577,499,183.193624,3,0.0,9,5,2,154.11200000000002,297.0,3,0,2,1
34.805181,221,184.614644,2,0.0,0,3,1,129.36,130.0,2,0,0,0
24.712834,151,185.520316,2,0.0,1,2,1,102.256,103.0,2,1,0,0
56.364684,287,187.349677,2,0.0,4,4,1,114.80000000000001,197.0,2,0,0,1
102.643372,382,189.853862,3,0.0,2,5,2,104.68800000000002,241.0,3,0,2,0
50.779959,282,191.679715,2,0.0,1,4,1,114.80000000000001,173.0,2,0,0,0
26.640604,196,192.886885,2,0.0,2,2,1,100.24000000000001,111.0,2,0,0,0
54.474502,272,194.619168,2,0.0,7,4,1,156.8,221.0,3,0,0,1
37.600284,180,195.692477,2,0.0,1,3,1,101.36000000000001,138.0,2,0,0,0
53.887718,204,196.960206,2,0.0,3,4,1,117.376,189.0,2,1,0,1
25.602491,138,197.792814,2,0.0,2,2,1,110.264,111.0,2,1,0,1
23.524551,197,198.958698,2,0.0,1,2,1,101.36000000000001,103.0,2,0,0,0
53.688869,237,200.452515,2,0.0,3,4,1,114.80000000000001,189.0,2,1,0,0
36.253836,246,202.000092,2,0.0,4,3,1,171.92000000000002,162.0,2,0,0,0
42.380876,208,203.316281,2,0.0,3,3,1,102.256,154.0,2,1,0,1
31.902115,273,205.054741,2,0.0,3,3,1,200.48000000000002,154.0,2,0,0,0
111.535399,403,207.616476,3,0.0,10,5,2,105.504,305.0,3,0,0,2
20.68803,276,209.424164,2,0.0,4,2,1,157.92000000000002,127.0,2,1,0,0
-21.81129,133,210.270679,1,0.0,1,1,0,112.0,43.0,1,0,0,0
38.866742,191,211.475946,2,0.0,2,3,1,101.36000000000001,146.0,2,1,0,1
38.400146,240,212.972685,2,0.0,2,3,1,100.80000000000001,146.0,2,0,0,1
107.426676,389,215.512547,3,0.0,11,5,2,142.376,313.0,3,0,2,1
-23.583107,113,216.195664,1,0.0,1,1,0,112.0,43.0,1,0,0,0
56.829832,202,217.477991,2,0.0,4,4,1,100.24000000000001,197.0,2,0,0,1
46.402554,239,219.025681,2,0.0,1,4,1,171.92000000000002,173.0,2,0,0,0
84.460788,489,222.314833,3,0.0,1,5,2,277.0688,233.0,3,0,0,0
19.761026,236,223.77955,2,0.0,2,2,1,171.92000000000002,111.0,2,0,0,0
-22.884254,69,224.185354,1,0.0,1,1,0,112.0,43.0,1,0,0,0
37.39961,263,225.240052,2,0.0,2,3,1,122.808,146.0,2,1,0,1
43.666397,284,226.06313,2,0.0,6,3,1,109.36800000000001,178.0,2,1,0,1
53.792737,188,227.103915,2,0.0,2,4,1,101.92,181.0,2,0,0,1
22.53921,231,228.589481,2,0.0,4,2,1,157.92000000000002,127.0,2,1,0,0
39.324379,227,230.051677,2,0.0,2,3,1,100.24000000000001,146.0,2,1,0,0
18.653192,208,231.344414,2,0.0,1,2,1,157.92000000000002,103.0,2,1,0,0
15.786216,248,232.942317,2,0.0,0,2,1,171.36,95.0,2,0,0,0
24.65968,199,234.165694,2,0.0,0,2,1,100.24000000000001,95.0,2,0,0,0
53.643362,287,235.954043,2,0.0,5,4,1,151.928,205.0,3,1,0,1
38.608709,141,236.809105,2,0.0,2,3,1,106.624,146.0,2,0,0,1
-23.956848,109,237.481748,1,0.0,0,1,0,112.0,35.0,1,0,0,0
94.084725,291,239.344748,3,0.0,2,5,2,142.62400000000002,241.0,3,0,2,0
37.152471,227,240.810697,2,0.0,1,3,1,107.688,138.0,2,1,0,1
53.269093,169,241.818565,2,0.0,2,4,1,101.92,181.0,2,0,0,0
39.419356,288,243.702813,2,0.0,2,3,1,100.24000000000001,146.0,2,0,0,0
40.382166,289,245.588576,2,0.0,2,3,1,100.80000000000001,146.0,2,1,0,1
39.66035,218,247.041845,2,0.0,3,3,1,109.36800000000001,154.0,2,1,0,1
36.928645,147,247.979136,2,0.0,1,3,1,100.24000000000001,138.0,2,0,0,0
40.925441,232,249.479115,2,0.0,4,3,1,114.24000000000001,162.0,2,0,0,1
-22.063819,98,250.132069,1,0.0,1,1,0,112.0,43.0,1,0,0,0
-23.623825,114,250.885725,1,0.0,0,1,0,112.0,35.0,1,0,0,0
-20.875154,133,251.735607,1,0.0,1,1,0,112.0,43.0,1,0,0,0
32.432714,188,253.038016,2,0.0,1,3,1,171.36,138.0,2,0,0,0
24.719275,157,254.243306,2,0.0,2,2,1,101.36000000000001,111.0,2,0,0,1
20.549532,252,256.120808,2,0.0,2,2,1,165.36800000000002,111.0,2,1,0,0
24.920691,248,257.919654,2,0.0,2,2,1,100.80000000000001,111.0,2,0,0,0
58.737328,319,260.176267,2,0.0,7,4,1,130.48000000000002,221.0,3,0,0,1
-22.048512,120,260.926678,1,0.0,2,1,0,112.0,51.0,1,0,0,0
-22.061775,119,261.678695,1,0.0,1,1,0,112.0,43.0,1,0,0,0
35.979585,211,262.967175,2,0.0,4,3,1,157.36,162.0,2,0,0,1
102.141463,524,266.503504,3,0.0,2,5,2,111.55200000000002,241.0,3,0,2,0
33.182155,251,268.129496,2,0.0,1,3,1,156.24,138.0,2,0,0,0
24.966609,200,269.423822,2,0.0,2,2,1,114.80000000000001,111.0,2,0,0,0
36.188178,236,270.955673,2,0.0,3,3,1,157.36,154.0,2,0,0,1
54.209955,190,272.1281,2,0.0,3,4,1,100.80000000000001,189.0,2,0,0,1
102.39292,333,274.334618,3,0.0,5,5,2,153.07200000000003,265.0,3,0,0,0
31.725622,252,275.89702,2,0.0,3,3,1,199.92000000000002,154.0,2,0,0,0
35.398744,242,277.387176,2,0.0,3,3,1,157.92000000000002,154.0,2,0,0,0
58.505561,214,278.113982,2,0.0,6,4,1,101.36000000000001,213.0,3,0,0,1
30.472035,283,278.888484,2,0.0,7,2,1,100.80000000000001,151.0,2,1,0,0
104.028886,298,279.679692,3,0.0,4,5,2,104.94400000000002,257.0,3,0,2,1
102.513571,322,280.54655,3,0.0,1,5,2,102.784,233.0,3,0,0,0
39.223187,205,281.085806,2,0.0,1,3,1,100.80000000000001,138.0,2,0,0,1
100.027649,325,282.782239,3,0.0,4,5,2,106.368,257.0,3,0,2,0
13.334886,217,284.156263,2,0.0,0,2,1,200.48000000000002,95.0,2,1,0,0
53.380336,231,285.705284,2,0.0,2,4,1,109.92800000000001,181.0,2,1,0,1
18.662885,348,288.169173,2,0.0,2,2,1,171.92000000000002,111.0,2,0,0,0
20.635075,216,289.603064,2,0.0,1,2,1,113.12,103.0,2,0,0,0
52.365967,212,290.992211,2,0.0,1,4,1,108.808,173.0,2,1,0,0
41.193162,250,292.531074,2,0.0,4,3,1,101.36000000000001,162.0,2,0,0,1
23.290534,152,293.477865,2,0.0,1,2,1,101.36000000000001,103.0,2,1,0,1
24.000696,341,295.851311,2,0.0,3,2,1,106.624,119.0,2,1,0,0
47.354348,264,297.519843,2,0.0,3,4,1,170.8,189.0,2,0,0,0
37.425514,227,298.949177,2,0.0,2,3,1,114.24000000000001,146.0,2,0,0,0
27.881035,159,299.906172,2,0.0,0,3,1,199.92000000000002,130.0,2,0,0,0
52.180463,231,301.382345,2,0.0,3,4,1,128.8,189.0,2,0,0,1
51.702095,267,303.101575,2,0.0,1,4,1,113.68,173.0,2,0,0,0
21.70425,180,304.226098,2,0.0,0,2,1,107.128,95.0,2,1,0,1
33.380846,320,306.444938,2,0.0,1,3,1,157.92000000000002,138.0,2,1,0,0
22.483612,182,315.304065,2,0.0,1,2,1,113.12,103.0,2,0,0,0
-23.463881,101,315.93667,1,0.0,1,1,0,112.0,43.0,1,0,0,0
23.03415,266,317.606344,2,0.0,2,2,1,128.8,111.0,2,0,0,0
104.873444,465,320.610751,3,0.0,8,5,2,134.06400000000002,289.0,3,0,0,1
101.441471,400,323.295737,3,0.0,1,5,2,106.12000000000002,233.0,3,0,2,0
59.975079,266,324.917097,2,0.0,6,4,1,101.92,213.0,3,0,0,1
33.110654,243,326.470952,2,0.0,1,3,1,171.92000000000002,138.0,2,1,0,0
98.943,426,329.021107,3,0.0,4,5,2,175.08,257.0,3,0,0,1
-19.051949,149,329.434798,1,0.0,2,1,0,112.0,51.0,1,0,0,0
39.268462,223,330.052806,2,0.0,2,3,1,113.12,146.0,2,0,0,1
44.503627,197,330.598724,2,0.0,5,3,1,100.80000000000001,170.0,2,0,0,2
-21.990008,119,330.899568,1,0.0,0,1,0,112.0,35.0,1,0,0,0
109.003803,309,331.699104,3,0.0,7,5,2,121.23200000000003,281.0,3,0,2,1
96.975092,331,332.574888,3,0.0,6,5,2,203.36000000000004,273.0,3,0,2,1
108.330755,360,333.532994,3,0.0,9,5,2,116.78400000000002,297.0,3,0,0,1
101.223203,334,334.543939,3,0.0,8,5,2,166.51200000000003,289.0,3,0,3,1
39.466095,155,334.958911,2,0.0,2,3,1,109.36800000000001,146.0,2,1,0,1
31.906797,180,335.448261,2,0.0,2,3,1,171.92000000000002,146.0,2,0,0,0
25.24009,189,335.936891,2,0.0,2,2,1,112.56,111.0,2,0,0,1
30.892796,186,336.434983,2,0.0,1,3,1,171.92000000000002,138.0,2,0,0,0
30.072691,215,337.040965,2,0.0,1,3,1,200.48000000000002,138.0,2,0,0,0
42.037406,230,337.666018,2,0.0,4,3,1,114.80000000000001,162.0,2,0,0,1
40.601725,233,339.113285,2,0.0,2,3,1,100.80000000000001,146.0,2,0,0,1
48.477611,200,340.396875,2,0.0,2,4,1,157.36,181.0,2,1,0,0
41.982202,189,341.587452,2,0.0,1,3,1,100.80000000000001,138.0,2,0,0,0
51.269549,266,343.328322,2,0.0,3,4,1,136.808,189.0,2,1,0,0
37.78428,176,344.416154,2,0.0,1,3,1,109.36800000000001,138.0,2,1,0,2
22.703249,201,345.685633,2,0.0,3,2,1,122.248,119.0,2,1,0,0
55.005119,203,346.976866,2,0.0,4,4,1,109.36800000000001,197.0,2,1,0,0
54.144262,212,348.32495,2,0.0,3,4,1,100.80000000000001,189.0,2,0,0,1
42.280523,259,350.011096,2,0.0,5,3,1,100.80000000000001,170.0,2,1,0,2
20.335223,279,351.891103,2,0.0,0,2,1,114.80000000000001,95.0,2,0,0,0
103.251004,401,354.576121,3,0.0,7,5,2,160.20800000000003,281.0,3,0,0,1
54.47762,257,356.264975,2,0.0,3,4,1,114.24000000000001,189.0,2,0,0,0
55.793036,237,357.791068,2,0.0,3,4,1,100.80000000000001,189.0,2,0,0,1
33.774623,286,359.643803,2,0.0,2,3,1,172.48000000000002,146.0,2,0,0,0
26.008003,226,361.058515,2,0.0,3,2,1,114.80000000000001,119.0,2,0,0,0
53.491774,478,364.999429,2,0.0,3,4,1,109.312,189.0,2,0,0,0
103.843413,285,367.067863,3,0.0,6,5,2,104.94400000000002,273.0,3,0,2,1
31.319529,260,368.76718,2,0.0,1,3,1,201.04000000000002,138.0,2,0,0,0
54.22334,234,370.194333,2,0.0,2,4,1,100.80000000000001,181.0,2,0,0,0
40.984173,220,371.519493,2,0.0,3,3,1,100.80000000000001,154.0,2,1,0,1
13.952663,429,374.485502,2,0.0,1,2,1,199.92000000000002,103.0,2,0,0,0
54.361919,188,375.665117,2,0.0,3,4,1,101.92,189.0,2,0,0,1
55.695504,209,376.925873,2,0.0,3,4,1,101.36000000000001,189.0,2,0,0,1
14.88772,212,378.24929,2,0.0,0,2,1,171.14160000000004,95.0,2,1,0,0
55.236266,197,379.483933,2,0.0,4,4,1,100.24000000000001,197.0,2,0,0,2
105.17257,424,382.229114,3,0.0,9,5,2,158.22400000000002,297.0,3,0,3,1
54.95306,234,383.69592,2,0.0,3,4,1,104.83200000000001,189.0,2,0,0,1
110.363874,410,386.409386,3,0.0,10,5,2,115.13600000000002,305.0,3,0,2,0
31.109684,225,387.838683,2,0.0,0,3,1,171.92000000000002,130.0,2,0,0,0
94.298887,356,390.204372,3,0.0,2,5,2,170.09600000000003,241.0,3,0,0,0
48.421053,221,391.612709,2,0.0,3,4,1,170.8,189.0,2,0,0,0
93.881953,334,393.775062,3,0.0,2,5,2,147.80800000000002,241.0,3,0,2,0
106.966359,451,396.776803,3,0.0,8,5,2,107.96800000000002,289.0,3,0,2,1
98.04761,325,398.829619,3,0.0,6,5,2,179.95200000000003,273.0,3,0,0,1
42.694517,203,400.112958,2,0.0,1,3,1,101.92,138.0,2,0,0,0
45.126735,337,402.401288,2,0.0,2,4,1,201.04000000000002,181.0,2,1,0,0
21.828322,236,403.980278,2,0.0,0,2,1,113.12,95.0,2,0,0,0
97.288662,351,406.914405,3,0.0,3,5,2,157.86880000000002,249.0,3,0,0,0
100.333603,350,409.193008,3,0.0,5,5,2,174.24000000000004,265.0,3,0,3,1
36.244212,279,410.958407,2,0.0,3,3,1,157.92000000000002,154.0,2,0,0,0
41.257518,231,412.382021,2,0.0,5,3,1,113.68,170.0,2,0,0,1
103.676136,286,414.248637,3,0.0,1,5,2,112.67200000000001,233.0,3,0,0,1
47.179952,241,415.775894,2,0.0,1,4,1,172.48000000000002,173.0,2,0,0,0
55.372281,221,417.147654,2,0.0,3,4,1,100.80000000000001,189.0,2,0,0,2
91.431243,412,419.837196,3,0.0,8,5,2,273.92,289.0,3,0,2,0
-21.79435,110,420.526689,1,0.0,1,1,0,112.0,43.0,1,0,0,0
55.559662,286,422.311837,2,0.0,3,4,1,100.80000000000001,189.0,2,0,0,0
105.283018,360,424.670363,3,0.0,6,5,2,102.22400000000002,273.0,3,0,0,0
53.565365,193,425.852687,2,0.0,2,4,1,101.36000000000001,181.0,2,0,0,0
24.152523,207,427.137028,2,0.0,2,2,1,116.816,111.0,2,1,0,1
58.746083,248,428.661682,2,0.0,8,4,1,115.36000000000001,229.0,3,0,0,1
115.188877,390,431.213476,3,0.0,8,5,2,151.95200000000003,289.0,3,0,2,1
27.113992,163,432.235165,2,0.0,3,2,1,110.264,119.0,2,1,0,0
54.394431,209,433.551192,2,0.0,2,4,1,111.384,181.0,2,1,0,1
41.144331,217,434.920159,2,0.0,3,3,1,100.24000000000001,154.0,2,0,0,2
39.718052,176,436.011312,2,0.0,2,3,1,100.24000000000001,146.0,2,0,0,1
54.886185,254,437.657989,2,0.0,7,4,1,157.36,221.0,3,0,0,1
105.460378,367,439.996287,3,0.0,6,5,2,101.13600000000002,273.0,3,0,3,1
29.196475,235,441.554808,2,0.0,0,3,1,199.92000000000002,130.0,2,1,0,0
55.608465,169,442.584097,2,0.0,3,4,1,101.36000000000001,189.0,2,0,0,1
54.712821,181,443.694744,2,0.0,5,4,1,113.68,205.0,3,0,0,1
110.59311,320,445.784909,3,0.0,6,5,2,106.36800000000001,273.0,3,0,3,2
32.278885,307,447.74402,2,0.0,1,3,1,157.92000000000002,138.0,2,0,0,0
52.681332,217,449.067686,2,0.0,2,4,1,113.68,181.0,2,0,0,0
36.815054,238,450.617383,2,0.0,4,3,1,150.808,162.0,2,1,0,1
43.180424,206,451.939195,2,0.0,3,3,1,106.624,154.0,2,0,0,0
53.357532,231,453.377399,2,0.0,2,4,1,101.36000000000001,181.0,2,0,0,0
44.783471,228,454.78279,2,0.0,5,3,1,101.36000000000001,170.0,2,0,0,1
57.735703,280,456.561424,2,0.0,5,4,1,100.24000000000001,205.0,3,1,0,1
22.030693,251,458.195354,2,0.0,2,2,1,157.92000000000002,111.0,2,1,0,0
56.216528,241,459.690082,2,0.0,3,4,1,106.624,189.0,2,0,0,1
34.04457,277,461.491925,2,0.0,2,3,1,165.928,146.0,2,1,0,0
23.273929,303,463.555302,2,0.0,1,2,1,114.24000000000001,103.0,2,0,0,0
40.693662,172,464.649559,2,0.0,3,3,1,114.24000000000001,154.0,2,0,0,1
25.997049,191,474.135701,2,0.0,2,2,1,101.36000000000001,111.0,2,0,0,1
37.282134,158,475.14705,2,0.0,1,3,1,109.36800000000001,138.0,2,1,0,2
17.077814,283,477.018551,2,0.0,1,2,1,171.92000000000002,103.0,2,0,0,0
51.456576,263,478.692174,2,0.0,3,4,1,157.92000000000002,189.0,2,1,0,0
39.906927,266,480.417584,2,0.0,3,3,1,100.24000000000001,154.0,2,0,0,0
42.92123,210,481.725042,2,0.0,4,3,1,101.36000000000001,162.0,2,0,0,1
38.807609,250,483.399703,2,0.0,3,3,1,108.808,154.0,2,1,0,1
60.286321,229,484.872796,2,0.0,5,4,1,109.36800000000001,205.0,3,1,0,2
35.742904,243,486.409278,2,0.0,2,3,1,157.92000000000002,146.0,2,0,0,0
52.886582,261,488.056863,2,0.0,3,4,1,157.92000000000002,189.0,2,0,0,0
57.38659,235,489.615652,2,0.0,3,4,1,101.36000000000001,189.0,2,0,0,1
105.833984,472,492.698209,3,0.0,15,5,2,222.59200000000004,345.0,3,0,2,1
45.518341,361,495.097412,2,0.0,2,4,1,172.48000000000002,181.0,2,0,0,0
38.33441,221,496.528522,2,0.0,2,3,1,108.248,146.0,2,1,0,0
55.204654,191,497.714616,2,0.0,3,4,1,108.808,189.0,2,1,0,2
42.361338,174,498.85881,2,0.0,3,3,1,100.80000000000001,154.0,2,1,0,1
42.019558,222,500.307602,2,0.0,4,3,1,100.24000000000001,162.0,2,1,0,0
38.321877,191,501.512772,2,0.0,1,3,1,113.68,138.0,2,0,0,0
36.996902,194,502.741375,2,0.0,2,3,1,122.248,146.0,2,1,0,0
104.893034,474,505.944559,3,0.0,7,5,2,106.36800000000001,281.0,3,0,0,0
52.814426,164,506.968606,2,0.0,1,4,1,124.48800000000001,173.0,2,1,0,0
38.941862,270,508.683043,2,0.0,4,3,1,157.36,162.0,2,0,0,1
57.1535,241,510.219281,2,0.0,5,4,1,101.36000000000001,205.0,3,1,0,1
38.074691,175,511.320131,2,0.0,1,3,1,101.36000000000001,138.0,2,1,0,0
57.886769,222,512.674544,2,0.0,3,4,1,100.80000000000001,189.0,2,0,0,1
54.491147,195,513.867391,2,0.0,3,4,1,103.376,189.0,2,1,0,2
43.810997,227,515.288954,2,0.0,4,3,1,100.24000000000001,162.0,2,0,0,1
37.539221,158,516.279648,2,0.0,1,3,1,108.248,138.0,2,1,0,0
36.97862,223,517.732025,2,0.0,0,3,1,114.80000000000001,130.0,2,0,0,0
39.010501,228,518.516198,2,0.0,3,3,1,114.80000000000001,154.0,2,0,0,0
22.724089,222,519.137765,2,0.0,2,2,1,113.68,111.0,2,0,0,0
51.656782,248,519.806928,2,0.0,2,4,1,157.36,181.0,2,0,0,0
39.830579,243,520.456878,2,0.0,3,3,1,100.80000000000001,154.0,2,0,0,1
101.954183,283,521.236279,3,0.0,4,5,2,102.0096,257.0,3,0,0,0
54.391027,203,521.778018,2,0.0,2,4,1,106.624,181.0,2,0,0,0
59.196289,206,522.352933,2,0.0,4,4,1,101.92,197.0,2,0,0,1
18.8105,132,522.73119,2,0.0,0,2,1,158.256,95.0,2,1,0,0
53.98769,166,523.23575,2,0.0,3,4,1,100.80000000000001,189.0,2,1,0,1
36.886965,211,523.851818,2,0.0,3,3,1,157.92000000000002,154.0,2,0,0,0
36.139888,336,525.232855,2,0.0,2,3,1,128.24,146.0,2,0,0,0
104.280375,347,527.42135,3,0.0,5,5,2,104.94400000000002,265.0,3,0,2,0
21.116632,314,529.459466,2,0.0,4,2,1,171.36,127.0,2,1,0,0
50.856439,241,530.937737,2,0.0,3,4,1,157.92000000000002,189.0,2,0,0,0
103.627469,327,533.047317,3,0.0,7,5,2,209.10400000000004,281.0,3,0,0,1
53.561816,268,534.767311,2,0.0,1,4,1,100.80000000000001,173.0,2,0,0,0
25.059332,230,536.261181,2,0.0,1,2,1,101.36000000000001,103.0,2,1,0,1
110.746021,283,537.977542,3,0.0,5,5,2,101.13600000000002,265.0,3,0,0,2
52.250209,223,539.420085,2,0.0,0,4,1,100.24000000000001,165.0,2,0,0,1
41.169492,198,540.693219,2,0.0,4,3,1,102.256,162.0,2,1,0,1
53.92519,254,542.359665,2,0.0,2,4,1,100.24000000000001,181.0,2,0,0,0
119.133075,358,544.773949,3,0.0,11,5,2,101.13600000000002,313.0,3,0,0,0
53.277315,201,546.090399,2,0.0,2,4,1,109.36800000000001,181.0,2,1,0,0
109.098856,345,548.399565,3,0.0,10,5,2,112.94400000000002,305.0,3,0,0,2
46.412337,249,549.99565,2,0.0,6,3,1,100.80000000000001,178.0,2,0,0,2
22.364461,234,551.528861,2,0.0,2,2,1,113.12,111.0,2,1,0,0
29.512815,139,552.386141,2,0.0,0,2,1,102.816,95.0,2,1,0,0
42.356607,245,554.001644,2,0.0,4,3,1,100.24000000000001,162.0,2,0,0,0
51.774605,263,555.741431,2,0.0,2,4,1,128.8,181.0,2,0,0,0
106.298871,396,558.526143,3,0.0,5,5,2,100.57600000000002,265.0,3,0,0,0
54.191018,230,559.97534,2,0.0,2,4,1,114.80000000000001,181.0,2,0,0,0
26.342176,156,560.948469,2,0.0,1,2,1,102.256,103.0,2,1,0,1
26.315934,156,561.929246,2,0.0,3,2,1,108.808,119.0,2,1,0,1
47.764429,218,563.344668,2,0.0,4,3,1,117.936,252.0,3,0,0,0
99.709439,397,565.921859,3,0.0,4,5,2,162.96000000000004,257.0,3,0,0,1
19.399476,155,566.876145,2,0.0,1,2,1,171.92000000000002,103.0,2,0,0,0
51.815552,277,568.671691,2,0.0,5,4,1,170.8,205.0,3,0,0,1
23.888578,268,570.465978,2,0.0,2,2,1,128.24,111.0,2,1,0,0
26.943166,220,571.831628,2,0.0,3,2,1,114.24000000000001,119.0,2,0,0,0
102.652387,404,574.460593,3,0.0,3,5,2,114.06400000000002,249.0,3,0,2,0
37.676632,207,575.761504,2,0.0,2,3,1,113.12,146.0,2,0,0,0
39.341309,196,577.013286,2,0.0,1,3,1,100.24000000000001,138.0,2,0,0,0
96.598627,330,579.096262,3,0.0,4,5,2,168.24800000000002,257.0,3,0,3,0
109.79294,297,580.931365,3,0.0,9,5,2,116.25600000000001,297.0,3,0,0,1
92.291449,352,583.24286,3,0.0,5,5,2,221.47200000000004,265.0,3,0,2,0
101.807171,315,585.205764,3,0.0,5,5,2,153.07200000000003,265.0,3,0,0,1
55.079496,205,586.451381,2,0.0,1,4,1,100.80000000000001,173.0,2,0,0,0
104.358542,395,588.981484,3,0.0,9,5,2,177.52000000000004,297.0,3,0,0,2
48.290242,216,590.336418,2,0.0,1,4,1,157.36,173.0,2,0,0,1
25.129571,175,591.394747,2,0.0,1,2,1,100.80000000000001,103.0,2,0,0,0
26.17532,184,592.521908,2,0.0,2,2,1,100.24000000000001,111.0,2,0,0,0
41.393552,260,594.36791,2,0.0,0,3,1,100.24000000000001,130.0,2,1,0,0
89.595445,393,596.971172,3,0.0,2,5,2,233.52000000000004,241.0,3,0,2,0
97.090561,439,599.865172,3,0.0,5,5,2,168.67200000000003,265.0,3,0,2,0
37.181121,212,601.19455,2,0.0,4,3,1,171.36,162.0,2,1,0,0
102.358614,402,603.818178,3,0.0,8,5,2,157.69600000000003,289.0,3,0,0,1
49.450131,262,605.484244,2,0.0,2,4,1,157.36,181.0,2,0,0,0
104.568405,370,607.869497,3,0.0,6,5,2,109.95200000000001,273.0,3,0,3,1
107.047712,370,610.230374,3,0.0,6,5,2,106.36800000000001,273.0,3,0,2,0
109.544329,458,613.188528,3,0.0,9,5,2,109.95200000000001,297.0,3,0,0,1
57.163207,241,614.7107,2,0.0,4,4,1,101.92,197.0,2,0,0,0
28.64704,214,616.071504,2,0.0,4,2,1,100.24000000000001,127.0,2,1,0,0
24.65707,208,617.422655,2,0.0,3,2,1,115.36000000000001,119.0,2,1,0,1
31.32804,229,618.881199,2,0.0,1,3,1,201.04000000000002,138.0,2,1,0,0
36.400793,188,620.099452,2,0.0,1,3,1,116.816,138.0,2,1,0,1
63.986971,262,621.763778,2,0.0,9,4,1,100.80000000000001,237.0,3,0,0,1
54.881441,194,622.988309,2,0.0,3,4,1,101.36000000000001,189.0,2,1,0,1
97.071081,411,624.211599,3,0.0,2,5,2,132.72000000000003,241.0,3,0,3,0
40.726188,219,631.928443,2,0.0,2,3,1,101.92,146.0,2,0,0,0
56.507569,249,633.494451,2,0.0,5,4,1,100.80000000000001,205.0,3,0,0,1
103.187466,351,635.718817,3,0.0,7,5,2,152.51200000000003,281.0,3,0,2,1
108.943477,396,638.26133,3,0.0,9,5,2,117.64800000000002,297.0,3,0,3,2
120.449977,419,640.994453,3,0.0,11,5,2,118.93440000000001,313.0,3,1,2,1
109.455682,351,643.197755,3,0.0,8,5,2,101.69600000000001,289.0,3,0,0,1
24.056567,178,644.27368,2,0.0,1,2,1,106.568,103.0,2,1,0,1
36.336064,258,645.915117,2,0.0,0,3,1,100.24000000000001,130.0,2,0,0,0
42.033615,176,646.987527,2,0.0,2,3,1,100.80000000000001,146.0,2,0,0,0
103.114352,406,649.654168,3,0.0,3,5,2,175.36,249.0,3,0,2,0
39.576542,174,650.716792,2,0.0,2,3,1,110.824,146.0,2,1,0,1
101.934348,429,653.518942,3,0.0,7,5,2,117.34400000000001,281.0,3,0,0,1
19.983263,325,655.127975,2,0.0,3,2,1,157.92000000000002,119.0,2,0,0,0
107.632664,392,656.520957,3,0.0,7,5,2,113.53600000000002,281.0,3,0,2,0
52.135215,212,657.255715,2,0.0,2,4,1,115.36000000000001,181.0,2,0,0,0
52.114296,284,658.0884,2,0.0,2,4,1,113.12,181.0,2,0,0,0
52.210053,235,658.803551,2,0.0,1,4,1,115.92000000000002,173.0,2,0,0,0
106.330595,336,659.751815,3,0.0,7,5,2,104.94400000000002,281.0,3,0,2,2
95.68455,331,660.667125,3,0.0,4,5,2,170.62400000000002,257.0,3,0,0,0
100.163806,299,661.497698,3,0.0,2,5,2,113.53920000000001,241.0,3,0,2,0
52.856453,174,662.014981,2,0.0,2,4,1,109.36800000000001,181.0,2,1,0,2
42.081027,174,662.930073,2,0.0,3,3,1,102.816,154.0,2,1,0,2
38.327691,249,664.617361,2,0.0,2,3,1,128.8,146.0,2,1,0,1
20.361158,239,666.162955,2,0.0,1,2,1,157.92000000000002,103.0,2,1,0,0
54.245284,285,668.010994,2,0.0,3,4,1,114.80000000000001,189.0,2,0,0,0
100.940917,366,670.424926,3,0.0,4,5,2,133.80800000000002,257.0,3,0,2,0
58.729577,342,672.677448,2,0.0,6,4,1,100.80000000000001,213.0,3,1,0,0
55.167098,177,673.777945,2,0.0,2,4,1,109.36800000000001,181.0,2,1,0,0
108.246532,343,675.975739,3,0.0,9,5,2,108.52800000000002,297.0,3,0,0,1
99.473252,425,678.726008,3,0.0,10,5,2,216.24000000000004,305.0,3,0,2,1
49.675577,224,680.152153,2,0.0,2,4,1,157.36,181.0,2,0,0,0
37.944926,270,681.978298,2,0.0,1,3,1,109.36800000000001,138.0,2,1,0,0
100.017786,361,684.271715,3,0.0,7,5,2,171.21600000000004,281.0,3,0,2,0
44.473121,250,685.877051,2,0.0,5,3,1,113.12,170.0,2,0,0,0
95.473089,315,687.889767,3,0.0,3,5,2,174.24000000000004,249.0,3,0,3,1
40.263195,165,688.905647,2,0.0,3,3,1,116.816,154.0,2,1,0,1
48.605992,284,690.790718,2,0.0,3,4,1,171.92000000000002,189.0,2,0,0,0
-21.128356,134,691.665346,1,0.0,1,1,0,112.0,43.0,1,0,0,0
55.454556,203,692.971954,2,0.0,3,4,1,100.24000000000001,189.0,2,0,0,0
102.749683,436,695.987569,3,0.0,8,5,2,170.65600000000003,289.0,3,0,2,2
98.936234,333,698.137861,3,0.0,5,5,2,198.928,265.0,3,0,0,1
98.709201,331,700.32051,3,0.0,1,5,2,114.06400000000002,233.0,3,0,3,0
37.981871,189,701.534487,2,0.0,1,3,1,108.808,138.0,2,1,0,0
103.840477,436,704.674791,3,0.0,4,5,2,117.08800000000002,257.0,3,0,2,0
59.770953,265,706.445699,2,0.0,4,4,1,100.80000000000001,197.0,2,0,0,2
54.440123,200,707.726495,2,0.0,4,4,1,114.24000000000001,197.0,2,0,0,1
-21.215282,95,708.310231,1,0.0,1,1,0,112.0,43.0,1,0,0,0
51.354969,165,709.350314,2,0.0,1,4,1,101.36000000000001,173.0,2,0,0,1
54.721412,198,710.596816,2,0.0,2,4,1,101.92,181.0,2,0,0,1
40.949228,174,711.684083,2,0.0,3,3,1,113.68,154.0,2,0,0,1
32.115005,203,712.963758,2,0.0,0,3,1,157.92000000000002,130.0,2,0,0,0
-20.579316,95,713.538029,1,0.0,2,1,0,112.0,51.0,1,0,0,0
111.458112,562,717.325707,3,0.0,10,5,2,117.08800000000002,305.0,3,0,0,1
23.260279,263,719.113381,2,0.0,2,2,1,114.24000000000001,111.0,2,1,0,0
95.645356,228,720.620695,3,0.0,0,5,2,106.36800000000001,225.0,3,0,0,0
42.180353,190,721.859711,2,0.0,4,3,1,114.24000000000001,162.0,2,0,0,1
43.40009,250,723.500901,2,0.0,0,4,1,201.04000000000002,165.0,2,0,0,0
96.12751,324,725.560743,3,0.0,3,5,2,162.36800000000002,249.0,3,0,0,1
116.766037,555,729.487424,3,0.0,11,5,2,107.76000000000002,313.0,3,0,2,1
56.123464,192,730.693033,2,0.0,4,4,1,108.808,197.0,2,1,0,1
99.090257,409,733.367289,3,0.0,7,5,2,207.78400000000002,281.0,3,0,2,1
101.140169,309,735.304326,3,0.0,7,5,2,166.51200000000003,281.0,3,0,0,1
35.031969,223,736.689894,2,0.0,2,3,1,171.36,146.0,2,0,0,0
24.485058,142,737.598171,2,0.0,1,2,1,111.38400000000001,103.0,2,1,0,0
40.149452,232,739.140759,2,0.0,3,3,1,101.36000000000001,154.0,2,0,0,1
54.748798,226,740.600182,2,0.0,3,4,1,100.80000000000001,189.0,2,0,0,1
91.96486,397,743.2387,3,0.0,3,5,2,197.05600000000004,249.0,3,0,0,0
90.492402,309,745.268373,3,0.0,2,5,2,210.80800000000002,241.0,3,0,0,0
30.915796,334,747.473189,2,0.0,3,3,1,201.04000000000002,154.0,2,0,0,0
36.555681,193,748.679975,2,0.0,2,3,1,116.816,146.0,2,1,0,1
101.822504,357,750.916078,3,0.0,6,5,2,165.98400000000004,273.0,3,0,0,1
38.907705,147,751.817101,2,0.0,2,3,1,113.12,146.0,2,0,0,0
54.241272,200,753.066015,2,0.0,3,4,1,100.80000000000001,189.0,2,1,0,1
96.764287,439,756.029236,3,0.0,4,5,2,217.88800000000003,257.0,3,0,2,0
43.394695,256,757.707289,2,0.0,4,3,1,101.36000000000001,162.0,2,1,0,1
104.324329,327,759.785023,3,0.0,9,5,2,171.21600000000004,297.0,3,0,0,2
37.76501,156,760.769766,2,0.0,0,3,1,108.248,130.0,2,1,0,0
108.411261,301,762.652069,3,0.0,6,5,2,113.53600000000002,273.0,3,0,0,1
101.94405,479,765.84725,3,0.0,7,5,2,149.48800000000003,281.0,3,0,0,1
54.44957,218,767.237877,2,0.0,3,4,1,100.24000000000001,189.0,2,0,0,1
31.695382,234,768.693998,2,0.0,3,3,1,200.48000000000002,154.0,2,0,0,0
116.329153,556,772.446634,3,0.0,17,5,2,163.28000000000003,361.0,3,0,2,1
55.841543,267,774.134243,2,0.0,1,4,1,100.80000000000001,173.0,2,0,0,0
52.57654,222,775.552969,2,0.0,1,4,1,100.24000000000001,173.0,2,0,0,0
40.858699,249,777.205252,2,0.0,3,3,1,106.624,154.0,2,0,0,0
31.378185,300,779.239172,2,0.0,0,3,1,171.36,130.0,2,0,0,0
119.69077,421,782.017108,3,0.0,12,5,2,127.81600000000002,411.0,3,0,2,1
37.825415,165,783.072206,2,0.0,0,3,1,101.36000000000001,130.0,2,0,0,1
51.649007,223,784.581388,2,0.0,1,4,1,115.92000000000002,173.0,2,1,0,0
35.076892,248,797.872135,2,0.0,2,3,1,171.92000000000002,146.0,2,0,0,0
41.371151,178,798.991615,2,0.0,2,3,1,100.24000000000001,146.0,2,0,0,0
52.138337,298,800.890995,2,0.0,4,4,1,171.92000000000002,197.0,2,0,0,0
96.947734,372,803.348961,3,0.0,0,5,2,131.08800000000002,225.0,3,0,2,0
107.062409,372,806.106287,3,0.0,4,5,2,119.968,257.0,3,0,2,0
105.103918,320,808.337733,3,0.0,8,5,2,166.54400000000004,289.0,3,0,0,2
56.800777,309,810.319499,2,0.0,2,4,1,101.36000000000001,181.0,2,0,0,0
70.980827,324,812.473688,2,0.0,12,4,1,115.92000000000002,351.0,3,0,0,1
54.867838,260,814.18836,2,0.0,2,4,1,100.24000000000001,181.0,2,0,0,0
53.570404,245,815.840142,2,0.0,1,4,1,109.36800000000001,173.0,2,1,0,0
43.855263,209,817.133656,2,0.0,4,3,1,100.80000000000001,162.0,2,0,0,1
16.786286,245,818.667044,2,0.0,1,2,1,172.48000000000002,103.0,2,0,0,0
53.171148,265,820.327204,2,0.0,7,4,1,157.92000000000002,221.0,3,0,0,0
42.537767,249,821.911933,2,0.0,4,3,1,100.24000000000001,162.0,2,1,0,1
54.426514,227,823.374581,2,0.0,1,4,1,109.36800000000001,173.0,2,1,0,1
36.381235,244,824.853049,2,0.0,5,3,1,172.48000000000002,170.0,2,0,0,0
103.989688,323,826.867306,3,0.0,5,5,2,162.40000000000003,265.0,3,0,2,1
17.421387,221,828.267576,2,0.0,2,2,1,171.92000000000002,111.0,2,0,0,0
51.762574,257,829.920626,2,0.0,6,4,1,173.376,213.0,3,1,0,0
98.686588,410,831.489176,3,0.0,7,5,2,175.88800000000003,281.0,3,0,2,1
44.102027,195,832.027665,2,0.0,4,3,1,101.36000000000001,162.0,2,0,0,1
38.540006,172,832.641649,2,0.0,2,3,1,108.248,146.0,2,1,0,0
98.184491,311,833.569074,3,0.0,2,5,2,138.48000000000002,241.0,3,0,2,0
99.405347,453,834.850063,3,0.0,5,5,2,164.35200000000003,265.0,3,0,0,0
24.008564,259,835.560617,2,0.0,2,2,1,114.24000000000001,111.0,2,0,0,0
-22.821534,83,836.05302,1,0.0,2,1,0,112.0,51.0,1,0,0,0
38.555457,182,837.137892,2,0.0,1,3,1,100.80000000000001,138.0,2,0,0,1
100.817922,448,840.030129,3,0.0,2,5,2,121.23200000000003,241.0,3,0,2,0
102.735813,328,842.067744,3,0.0,6,5,2,115.13600000000002,273.0,3,0,3,0
123.496674,314,844.030347,3,0.0,7,5,2,104.72000000000003,281.0,3,0,3,0
55.906273,235,845.454648,2,0.0,4,4,1,100.24000000000001,197.0,2,0,0,1
104.046611,398,848.052322,3,0.0,7,5,2,122.32000000000002,281.0,3,0,2,2
19.489486,237,849.659539,2,0.0,1,2,1,157.92000000000002,103.0,2,1,0,0
39.102311,167,850.685097,2,0.0,1,3,1,110.824,138.0,2,1,0,2
39.945551,175,851.703223,2,0.0,2,3,1,100.80000000000001,146.0,2,0,0,1
31.081193,193,852.914093,2,0.0,0,3,1,171.92000000000002,130.0,2,1,0,0
102.175311,436,855.856389,3,0.0,2,5,2,102.6592,241.0,3,0,3,0
100.526069,360,858.218467,3,0.0,1,5,2,105.24800000000002,233.0,3,0,2,0
30.8708,384,860.901486,2,0.0,4,3,1,200.48000000000002,162.0,2,0,0,0
-22.676012,179,862.141735,1,0.0,1,1,0,112.0,43.0,1,0,0,0
54.606941,213,863.480783,2,0.0,3,4,1,101.36000000000001,189.0,2,1,0,0
32.97857,224,864.894792,2,0.0,1,3,1,157.92000000000002,138.0,2,0,0,0
101.238899,438,867.751619,3,0.0,5,5,2,124.99200000000002,265.0,3,0,0,0
92.479139,465,870.830877,3,0.0,4,5,2,221.47200000000004,257.0,3,0,0,0
55.03859,238,872.323529,2,0.0,4,4,1,101.36000000000001,197.0,2,0,0,2
35.827036,247,873.875916,2,0.0,4,3,1,179.36800000000002,162.0,2,1,0,0
51.109344,198,875.152071,2,0.0,0,4,1,100.24000000000001,165.0,2,0,0,0
52.325663,277,876.981752,2,0.0,2,4,1,115.92000000000002,181.0,2,0,0,0
34.153063,284,878.793217,2,0.0,3,3,1,170.8,154.0,2,0,0,0
39.502257,157,879.724851,2,0.0,1,3,1,100.80000000000001,138.0,2,0,0,1
95.806372,400,882.353965,3,0.0,0,5,2,123.39200000000002,225.0,3,0,2,0
38.800647,192,883.521899,2,0.0,2,3,1,100.24000000000001,146.0,2,0,0,0
40.491298,183,884.70574,2,0.0,3,3,1,100.24000000000001,154.0,2,1,0,1
-21.394139,130,885.526264,1,0.0,0,1,0,112.0,35.0,1,0,0,0
42.883451,260,887.296825,2,0.0,6,3,1,114.80000000000001,178.0,2,1,0,1
20.475942,206,888.596914,2,0.0,1,2,1,113.68,103.0,2,0,0,0
56.230627,213,889.936811,2,0.0,2,4,1,109.36800000000001,181.0,2,1,0,1
56.978085,238,891.409619,2,0.0,3,4,1,114.80000000000001,189.0,2,0,0,1
32.781756,260,893.144553,2,0.0,1,3,1,165.92800000000003,138.0,2,1,0,0
40.579265,221,894.511528,2,0.0,4,3,1,113.68,162.0,2,0,0,1
52.514416,166,895.564721,2,0.0,1,4,1,100.80000000000001,173.0,2,0,0,1
101.309873,313,897.607376,3,0.0,4,5,2,104.38400000000001,257.0,3,0,2,1
24.728799,255,899.441933,2,0.0,2,2,1,102.816,111.0,2,1,0,1
37.646012,205,900.71176,2,0.0,1,3,1,113.12,138.0,2,0,0,0
49.823353,231,902.180488,2,0.0,5,4,1,186.48000000000002,205.0,3,0,0,0
50.214296,210,903.496762,2,0.0,3,4,1,157.92000000000002,189.0,2,0,0,0
57.597488,219,904.992138,2,0.0,3,4,1,101.92,189.0,2,0,0,1
35.155692,164,905.992994,2,0.0,4,3,1,164.24800000000002,162.0,2,1,0,0
57.433541,237,907.443797,2,0.0,4,4,1,100.80000000000001,197.0,2,0,0,1
105.045346,435,910.31735,3,0.0,7,5,2,111.55200000000002,281.0,3,0,0,0
24.677237,142,911.166975,2,0.0,1,2,1,116.256,103.0,2,1,0,1
43.794238,201,912.410295,2,0.0,4,3,1,100.80000000000001,162.0,2,0,0,1
-23.042489,105,913.059574,1,0.0,2,1,0,112.0,51.0,1,0,0,0
36.585577,183,914.17853,2,0.0,1,3,1,113.12,138.0,2,0,0,0
40.216044,217,915.544182,2,0.0,3,3,1,100.80000000000001,154.0,2,0,0,2
102.275001,390,918.228941,3,0.0,3,5,2,117.64800000000002,249.0,3,0,3,1
32.853966,227,919.704667,2,0.0,0,3,1,157.92000000000002,130.0,2,1,0,0
56.404873,211,921.084868,2,0.0,3,4,1,105.728,189.0,2,1,0,1
43.414704,292,922.98398,2,0.0,5,3,1,114.80000000000001,170.0,2,0,0,0
54.091997,188,924.149264,2,0.0,3,4,1,100.24000000000001,189.0,2,0,0,1
106.01439,583,928.303249,3,0.0,5,5,2,119.24800000000002,265.0,3,0,0,0
108.348866,431,931.095067,3,0.0,12,5,2,182.49600000000004,321.0,3,0,2,0
22.606059,291,933.008734,2,0.0,2,2,1,114.80000000000001,111.0,2,0,0,0
99.790354,423,935.8333,3,0.0,2,5,2,104.68800000000002,241.0,3,0,0,0
50.354601,182,936.994375,2,0.0,0,4,1,121.128,165.0,2,1,0,1
99.405772,285,938.886349,3,0.0,1,5,2,110.48000000000002,233.0,3,0,2,0
102.452165,461,942.00829,3,0.0,11,5,2,183.02400000000003,313.0,3,0,2,1
99.530154,389,944.605518,3,0.0,6,5,2,193.39200000000002,273.0,3,0,0,0
40.90186,188,945.759187,2,0.0,4,3,1,113.68,162.0,2,0,0,1
53.0785,178,946.835236,2,0.0,1,4,1,100.24000000000001,173.0,2,0,0,0
52.249048,186,948.029578,2,0.0,0,4,1,100.24000000000001,165.0,2,1,0,0
38.807766,209,949.330822,2,0.0,2,3,1,101.36000000000001,146.0,2,1,0,0
37.209242,240,950.8484,2,0.0,4,3,1,171.92000000000002,162.0,2,0,0,0
58.24623,183,951.952231,2,0.0,6,4,1,101.36000000000001,213.0,3,0,0,1
38.079446,215,961.211826,2,0.0,2,3,1,113.68,146.0,2,1,0,0
104.972604,525,964.810166,3,0.0,11,5,2,197.05600000000004,313.0,3,0,0,1
42.281914,205,966.071657,2,0.0,3,3,1,113.68,154.0,2,0,0,1
37.783698,221,967.450446,2,0.0,3,3,1,157.92000000000002,154.0,2,0,0,0
21.8992,163,968.461997,2,0.0,2,2,1,167.38400000000001,111.0,2,1,0,0
39.12795,249,970.055565,2,0.0,5,3,1,157.92000000000002,170.0,2,0,0,0
33.337162,267,971.777962,2,0.0,2,3,1,171.36,146.0,2,0,0,0
49.523579,227,973.214365,2,0.0,3,4,1,156.24,189.0,2,0,0,0
57.4628,200,974.416499,2,0.0,6,4,1,104.83200000000001,213.0,3,0,0,1
36.972442,204,975.622674,2,0.0,1,3,1,112.56,138.0,2,0,0,0
101.506442,312,976.521103,3,0.0,4,5,2,105.80800000000002,257.0,3,0,0,1
54.80366,214,977.074248,2,0.0,3,4,1,114.24000000000001,189.0,2,0,0,1
41.580398,205,977.65572,2,0.0,3,3,1,101.36000000000001,154.0,2,0,0,0
22.608379,116,977.980973,2,0.0,0,2,1,115.136,95.0,2,1,0,1
51.72624,242,978.794478,2,0.0,4,4,1,157.92000000000002,197.0,2,1,0,0
55.855227,182,979.91451,2,0.0,2,4,1,100.80000000000001,181.0,2,0,0,1
96.972265,319,981.949679,3,0.0,3,5,2,169.53600000000003,249.0,3,0,0,1
129.64367,785,987.506584,3,0.0,26,5,2,113.50400000000002,433.0,4,0,2,1
23.199421,130,988.260866,2,0.0,0,2,1,110.824,95.0,2,1,0,1
99.198105,373,990.645479,3,0.0,5,5,2,161.80800000000002,265.0,3,0,3,0
54.882505,264,992.302385,2,0.0,1,4,1,100.80000000000001,173.0,2,0,0,0
48.824999,249,993.828922,2,0.0,2,4,1,200.48000000000002,181.0,2,0,0,0
111.397552,357,996.173659,3,0.0,9,5,2,161.32800000000003,297.0,3,0,2,1
93.773898,402,998.878005,3,0.0,4,5,2,220.91200000000003,257.0,3,0,2,1
26.127836,144,999.759287,2,0.0,0,2,1,102.256,95.0,2,1,0,1
26.799541,155,1000.717948,2,0.0,2,2,1,102.256,111.0,2,1,0,0
103.648936,415,1003.351635,3,0.0,8,5,2,164.91200000000003,289.0,3,0,0,1
61.66759,308,1005.29076,2,0.0,8,4,1,114.80000000000001,229.0,3,0,0,1
94.185011,364,1007.641549,3,0.0,2,5,2,175.87840000000003,241.0,3,0,0,0
26.870492,117,1008.368349,2,0.0,2,2,1,101.696,111.0,2,1,0,1
55.030761,200,1009.602091,2,0.0,1,4,1,100.80000000000001,173.0,2,0,0,0
99.420221,334,1011.746887,3,0.0,6,5,2,166.51200000000003,273.0,3,0,2,1
102.601364,282,1013.540738,3,0.0,5,5,2,116.22400000000002,265.0,3,0,2,2
54.654486,179,1014.659932,2,0.0,0,4,1,109.36800000000001,165.0,2,1,0,0
101.63951,425,1017.399269,3,0.0,10,5,2,191.84000000000003,305.0,3,0,2,2
55.72686,201,1018.631948,2,0.0,4,4,1,100.80000000000001,197.0,2,0,0,2
56.251683,176,1019.712027,2,0.0,4,4,1,108.248,197.0,2,1,0,0
31.289847,214,1021.088266,2,0.0,1,3,1,171.36,138.0,2,1,0,0
107.70012,305,1022.979156,3,0.0,5,5,2,101.13600000000002,265.0,3,0,2,0
52.126191,225,1024.401683,2,0.0,1,4,1,113.68,173.0,2,0,0,0
124.786122,456,1027.447867,3,0.0,14,5,2,108.95520000000002,337.0,3,1,3,0
-21.400511,94,1028.017903,1,0.0,2,1,0,112.0,51.0,1,0,0,0
56.137179,191,1029.17888,2,0.0,4,4,1,100.24000000000001,197.0,2,0,0,1
111.256883,315,1031.172106,3,0.0,8,5,2,113.53600000000002,289.0,3,0,0,1
103.566627,501,1034.550737,3,0.0,7,5,2,116.78400000000002,281.0,3,0,2,0
56.199911,237,1036.012303,2,0.0,6,4,1,129.92000000000002,213.0,3,0,0,1
105.379908,341,1038.112191,3,0.0,4,5,2,100.57600000000002,257.0,3,0,2,0
58.612207,287,1040.056164,2,0.0,4,4,1,101.36000000000001,197.0,2,1,0,1
91.85919,422,1042.929715,3,0.0,3,5,2,181.60000000000002,249.0,3,0,2,0
32.340428,169,1044.024535,2,0.0,0,3,1,165.928,130.0,2,1,0,1
59.100267,249,1045.659513,2,0.0,5,4,1,100.80000000000001,205.0,3,0,0,0
44.944059,213,1047.063207,2,0.0,3,4,1,201.04000000000002,189.0,2,0,0,0
53.182472,274,1048.844812,2,0.0,3,4,1,157.92000000000002,189.0,2,0,0,0
54.777913,240,1049.652959,2,0.0,3,4,1,114.80000000000001,189.0,2,0,0,1
98.573639,412,1050.769508,3,0.0,2,5,2,110.96000000000001,241.0,3,0,2,0
113.465399,421,1051.931483,3,0.0,9,5,2,111.55200000000002,297.0,3,0,0,1
55.877208,220,1052.498604,2,0.0,3,4,1,115.36000000000001,189.0,2,0,0,0
90.772025,467,1053.830939,3,0.0,3,5,2,230.008,249.0,3,0,3,0
104.541215,285,1054.571252,3,0.0,4,5,2,110.99200000000002,257.0,3,0,0,0
93.143596,321,1055.450337,3,0.0,1,5,2,169.08800000000002,233.0,3,0,2,0
87.852406,397,1056.574769,3,0.0,0,5,2,228.30400000000003,225.0,3,0,0,0
101.988918,463,1057.861403,3,0.0,8,5,2,163.032,289.0,3,0,2,1
93.636567,447,1059.100701,3,0.0,1,5,2,178.91200000000003,233.0,3,0,2,0
100.046747,439,1060.323331,3,0.0,7,5,2,170.5184,281.0,3,0,0,1
21.4498,174,1060.785125,2,0.0,0,2,1,114.80000000000001,95.0,2,1,0,0
55.865303,272,1061.504088,2,0.0,5,4,1,114.24000000000001,205.0,3,0,0,0
37.748884,204,1062.043088,2,0.0,1,3,1,114.80000000000001,138.0,2,0,0,0
19.965838,177,1062.552985,2,0.0,1,2,1,164.80800000000002,103.0,2,1,0,0
39.70874,195,1063.057868,2,0.0,2,3,1,100.24000000000001,146.0,2,0,0,0
54.637349,201,1063.595325,2,0.0,3,4,1,100.24000000000001,189.0,2,0,0,0
100.684972,461,1064.887103,3,0.0,8,5,2,177.28000000000003,289.0,3,0,2,1
23.453186,316,1065.77439,2,0.0,2,2,1,113.68,111.0,2,0,0,0
57.018666,255,1066.441164,2,0.0,3,4,1,113.12,189.0,2,0,0,2
101.789492,388,1067.481625,3,0.0,7,5,2,159.616,281.0,3,0,0,1
41.054127,234,1068.076199,2,0.0,2,3,1,100.80000000000001,146.0,2,0,0,0
51.384686,210,1068.614738,2,0.0,1,4,1,114.80000000000001,173.0,2,0,0,1
38.956366,191,1069.110761,2,0.0,2,3,1,114.24000000000001,146.0,2,1,0,0
56.12924,194,1069.606084,2,0.0,5,4,1,108.808,205.0,3,1,0,1
56.151831,217,1070.141291,2,0.0,4,4,1,101.36000000000001,197.0,2,0,0,2
51.690994,163,1070.546858,2,0.0,0,4,1,100.24000000000001,165.0,2,1,0,0
24.586114,194,1071.058928,2,0.0,2,2,1,109.92800000000001,111.0,2,1,0,1
-21.416531,116,1071.350172,1,0.0,1,1,0,112.0,43.0,1,0,0,0
40.539076,244,1071.999243,2,0.0,3,3,1,100.24000000000001,154.0,2,1,0,0
20.91587,232,1072.589585,2,0.0,2,2,1,157.92000000000002,111.0,2,1,0,0
95.680185,434,1073.786647,3,0.0,4,5,2,168.192,257.0,3,0,2,0
51.170342,231,1074.38975,2,0.0,3,4,1,157.36,189.0,2,0,0,1
100.640485,344,1075.320409,3,0.0,6,5,2,167.5392,273.0,3,0,2,2
54.296031,166,1075.745837,2,0.0,2,4,1,109.92800000000001,181.0,2,1,0,1
39.193416,194,1076.236399,2,0.0,2,3,1,100.24000000000001,146.0,2,0,0,0
42.772851,198,1076.757539,2,0.0,4,3,1,100.24000000000001,162.0,2,0,0,1
53.873022,211,1077.308771,2,0.0,2,4,1,101.92,181.0,2,0,0,1
108.080007,339,1081.709608,3,0.0,9,5,2,113.20000000000002,297.0,3,0,2,1
56.492131,291,1082.508946,2,0.0,5,4,1,101.92,205.0,3,0,0,1
43.205871,180,1082.975726,2,0.0,2,3,1,100.80000000000001,146.0,2,0,0,0
55.613009,279,1083.727291,2,0.0,4,4,1,108.248,197.0,2,1,0,1
23.513254,132,1084.055636,2,0.0,0,2,1,110.824,95.0,2,1,0,1
35.820939,209,1084.607471,2,0.0,1,3,1,128.24,138.0,2,0,0,0
34.780027,230,1085.185755,2,0.0,3,3,1,172.48000000000002,154.0,2,0,0,0
38.455942,218,1085.793139,2,0.0,1,3,1,100.24000000000001,138.0,2,1,0,0
22.227437,150,1086.17758,2,0.0,1,2,1,108.248,103.0,2,1,0,0
94.855342,397,1087.248031,3,0.0,3,5,2,215.20000000000005,249.0,3,0,3,1
88.943255,422,1088.451435,3,0.0,4,5,2,243.72800000000004,257.0,3,0,3,0
23.363611,177,1088.886235,2,0.0,3,2,1,152.264,119.0,2,1,0,0
44.574528,265,1089.582855,2,0.0,5,3,1,108.248,170.0,2,1,0,0
57.225755,227,1090.163488,2,0.0,4,4,1,109.36800000000001,197.0,2,1,0,1
97.202445,328,1091.031655,3,0.0,3,5,2,156.06400000000002,249.0,3,0,3,0
92.331625,368,1092.049403,3,0.0,1,5,2,179.47200000000004,233.0,3,0,0,0
25.986542,276,1092.820989,2,0.0,4,2,1,102.256,127.0,2,1,0,1
100.65444,450,1094.048816,3,0.0,4,5,2,148.92800000000003,257.0,3,0,2,0
106.063973,434,1095.238213,3,0.0,12,5,2,164.88000000000002,321.0,3,0,2,1
24.15154,258,1095.93486,2,0.0,3,2,1,100.24000000000001,119.0,2,1,0,0
39.973477,249,1096.622739,2,0.0,1,3,1,101.36000000000001,138.0,2,0,0,0
93.245744,475,1097.890239,3,0.0,1,5,2,175.32800000000003,233.0,3,0,2,0
44.314257,274,1098.608648,2,0.0,4,3,1,103.376,162.0,2,1,0,0
118.540141,622,1100.265264,3,0.0,17,5,2,107.76000000000002,361.0,3,0,2,1
38.688428,249,1100.91728,2,0.0,3,3,1,113.12,154.0,2,1,0,0
40.030052,216,1101.503056,2,0.0,3,3,1,112.56,154.0,2,1,0,0
38.722737,185,1102.553969,2,0.0,1,3,1,100.24000000000001,138.0,2,0,0,0
120.366747,389,1105.288058,3,0.0,9,5,2,117.64800000000002,297.0,3,1,2,1
101.286756,417,1108.131545,3,0.0,8,5,2,181.07200000000003,289.0,3,0,0,1
36.727586,122,1108.922711,2,0.0,1,3,1,110.264,138.0,2,1,0,1
18.823234,216,1110.386666,2,0.0,1,2,1,157.92000000000002,103.0,2,1,0,0
57.029823,255,1112.015278,2,0.0,2,4,1,100.24000000000001,181.0,2,0,0,0
107.002242,362,1114.435891,3,0.0,10,5,2,164.91200000000003,305.0,3,0,2,2
103.605567,411,1117.314406,3,0.0,6,5,2,112.08000000000001,273.0,3,0,2,1
101.691555,403,1120.08288,3,0.0,2,5,2,102.3008,241.0,3,0,2,0
29.237593,161,1121.076926,2,0.0,3,2,1,110.824,119.0,2,1,0,2
25.64009,156,1122.09705,2,0.0,1,2,1,108.248,103.0,2,1,0,0
57.149667,267,1123.74719,2,0.0,3,4,1,114.24000000000001,189.0,2,0,0,0
50.270659,230,1125.226069,2,0.0,5,4,1,164.24800000000002,205.0,3,1,0,1
103.227734,315,1127.393122,3,0.0,3,5,2,108.83200000000002,249.0,3,0,0,0
54.245399,208,1128.749298,2,0.0,2,4,1,100.24000000000001,181.0,2,0,0,0
104.937833,302,1130.637994,3,0.0,5,5,2,109.92000000000002,265.0,3,0,2,1
57.227808,222,1132.028123,2,0.0,4,4,1,100.80000000000001,197.0,2,0,0,1
116.742733,381,1134.456682,3,0.0,7,5,2,160.72000000000003,281.0,3,0,0,0
24.402516,260,1136.171975,2,0.0,1,2,1,100.24000000000001,103.0,2,0,0,0
41.483962,227,1137.660418,2,0.0,5,3,1,100.24000000000001,170.0,2,0,0,0
57.2314,203,1138.89641,2,0.0,5,4,1,101.36000000000001,205.0,3,0,0,1
108.524346,352,1141.236296,3,0.0,5,5,2,105.80800000000002,265.0,3,0,2,1
22.222332,163,1142.335945,2,0.0,0,2,1,100.24000000000001,95.0,2,0,0,0
101.772038,446,1145.543759,3,0.0,3,5,2,108.83200000000002,249.0,3,0,2,0
20.528761,229,1147.044107,2,0.0,3,2,1,178.808,119.0,2,1,0,0
43.014581,173,1148.170515,2,0.0,4,3,1,101.36000000000001,162.0,2,0,0,2
95.807552,394,1150.942673,3,0.0,4,5,2,206.35200000000003,257.0,3,0,0,1
98.978074,286,1152.876136,3,0.0,6,5,2,156.88000000000002,273.0,3,0,2,1
120.649442,584,1157.062512,3,0.0,19,5,2,122.32000000000002,377.0,3,0,2,2
60.277298,285,1159.026535,2,0.0,6,4,1,129.36,213.0,3,0,0,1
53.335438,262,1160.756627,2,0.0,3,4,1,116.48,189.0,2,0,0,1
42.183478,232,1162.218365,2,0.0,4,3,1,114.24000000000001,162.0,2,0,0,0
116.735136,562,1166.536143,3,0.0,13,5,2,112.97600000000003,329.0,3,0,3,0
-22.600866,85,1167.128272,1,0.0,1,1,0,112.0,43.0,1,0,0,0
23.451854,203,1168.512053,2,0.0,1,2,1,107.688,103.0,2,1,0,0
108.778877,537,1172.398175,3,0.0,6,5,2,101.13600000000002,273.0,3,0,2,1
55.895728,258,1174.088227,2,0.0,4,4,1,108.808,197.0,2,1,0,1
36.705507,233,1175.662223,2,0.0,2,3,1,157.92000000000002,146.0,2,1,0,0
40.010566,287,1177.536807,2,0.0,4,3,1,114.80000000000001,162.0,2,0,0,0
26.926242,165,1178.571141,2,0.0,4,2,1,131.936,127.0,2,1,0,1
58.390503,221,1179.994815,2,0.0,6,4,1,114.80000000000001,213.0,3,0,0,1
25.619729,216,1181.403023,2,0.0,5,2,1,150.80800000000002,135.0,2,1,0,1
57.852915,230,1182.914886,2,0.0,3,4,1,100.80000000000001,189.0,2,0,0,2
99.767569,299,1185.015638,3,0.0,3,5,2,104.68800000000002,249.0,3,0,2,0
42.593446,282,1186.850615,2,0.0,3,3,1,100.24000000000001,154.0,2,0,0,0
55.031576,185,1188.014887,2,0.0,2,4,1,101.36000000000001,181.0,2,0,0,1
54.522595,304,1190.038433,2,0.0,4,4,1,128.8,197.0,2,0,0,0
42.901982,253,1191.792656,2,0.0,4,3,1,100.24000000000001,162.0,2,0,0,0
53.801031,194,1193.134363,2,0.0,3,4,1,101.92,189.0,2,0,0,0
27.254164,254,1194.815424,2,0.0,5,2,1,128.24,135.0,2,1,0,1
53.121936,168,1195.900719,2,0.0,2,4,1,100.24000000000001,181.0,2,0,0,1
54.248416,212,1197.222182,2,0.0,2,4,1,100.80000000000001,181.0,2,0,0,1
54.619684,181,1198.296215,2,0.0,3,4,1,100.80000000000001,189.0,2,0,0,1
33.615626,211,1199.698845,2,0.0,0,3,1,157.92000000000002,130.0,2,0,0,0
33.42293,186,1200.873941,2,0.0,2,3,1,171.36,146.0,2,0,0,0
94.007299,432,1203.583005,3,0.0,3,5,2,164.35200000000003,249.0,3,0,3,0
43.805962,303,1205.722291,2,0.0,6,3,1,101.92,178.0,2,1,0,1
57.128058,202,1207.058598,2,0.0,4,4,1,101.36000000000001,197.0,2,0,0,1
23.976697,137,1207.795202,2,0.0,2,2,1,110.264,111.0,2,1,0,1
58.221552,309,1208.731433,2,0.0,7,4,1,101.36000000000001,221.0,3,1,0,1
51.800747,161,1209.137746,2,0.0,0,4,1,129.36,165.0,2,0,0,0
24.785388,158,1209.563624,2,0.0,1,2,1,102.816,103.0,2,1,0,1
56.172046,256,1210.221967,2,0.0,3,4,1,100.24000000000001,189.0,2,0,0,2
19.490927,172,1210.659715,2,0.0,0,2,1,121.128,95.0,2,1,0,0
38.645099,243,1211.311422,2,0.0,2,3,1,117.376,146.0,2,1,0,1
52.323683,248,1211.958675,2,0.0,4,4,1,164.808,197.0,2,1,0,1
