#{"t_start": 1787898180.8071544, "env_id": "None"}
r,l,t,phase,player_health
-16.883,717,1.954394,1,0.0
-25.054,546,2.462458,1,0.0
-24.994,606,3.049278,1,0.0
-25.106,494,3.530611,1,0.0
-23.097,503,4.007523,1,0.0
-24.815,785,4.834553,1,0.0
-24.788,812,5.693063,1,0.0
-25.148,452,6.149251,1,0.0
-25.15,450,7.612421,1,0.0
-25.115,485,9.321184,1,0.0
-25.136,464,10.950732,1,0.0
-24.625,975,13.129859,1,0.0
-25.062,538,13.569381,1,0.0
-24.808,792,14.15627,1,0.0
-25.115,485,14.469914,1,0.0
-25.153,447,14.758706,1,0.0
-16.965,635,15.196148,1,0.0
-25.225,375,15.487996,1,0.0
-23.125,475,15.785178,1,0.0
-24.874,726,16.359492,1,0.0
-24.691,909,17.043406,1,0.0
-25.067,533,17.389496,1,0.0
-24.959,641,17.881369,1,0.0
-17.26,340,18.103702,1,0.0
-17.184,416,18.399714,1,0.0
-24.824,776,18.982341,1,0.0
-25.089,511,19.334511,1,0.0
-25.159,441,19.677919,1,0.0
-25.099,501,20.0598,1,0.0
-24.994,606,20.590752,1,0.0
-24.922,678,21.091871,1,0.0
-24.951,649,21.533614,1,0.0
-24.8,800,22.133628,1,0.0
-24.916,684,22.637054,1,0.0
-24.904,696,23.144931,1,0.0
-25.19,410,23.457192,1,0.0
-25.026,574,23.960865,1,0.0
-25.013,587,24.422857,1,0.0
-24.981,619,24.883738,1,0.0
-25.102,498,25.255178,1,0.0
-25.022,578,25.733795,1,0.0
-23.149,451,26.05461,1,0.0
-25.214,386,26.908561,1,0.0
-25.032,568,27.438942,1,0.0
-24.955,645,27.979765,1,0.0
-17.136,464,28.29682,1,0.0
-25.183,417,28.569699,1,0.0
-24.799,801,29.227171,1,0.0
-25.032,568,29.676832,1,0.0
-17.153,447,30.012391,1,0.0
-24.886,714,30.567887,1,0.0
-24.876,724,31.103338,1,0.0
-25.212,388,31.410387,1,0.0
-17.136,464,31.863998,1,0.0
-25.114,486,32.275892,1,0.0
-21.024,576,32.711349,1,0.0
-25.116,484,33.086904,1,0.0
-24.962,638,33.631091,1,0.0
-22.956,644,34.131882,1,0.0
-22.968,632,34.605402,1,0.0
-24.752,848,35.276736,1,0.0
-24.746,854,36.051992,1,0.0
-25.127,473,36.454176,1,0.0
-25.156,444,36.794958,1,0.0
-25.217,383,37.130912,1,0.0
-25.089,511,37.559381,1,0.0
-22.943,657,38.089723,1,0.0
-20.791,809,38.736747,1,0.0
-20.906,694,39.335871,1,0.0
-25.087,513,39.761976,1,0.0
-25.181,419,40.076585,1,0.0
-23.199,401,40.40561,1,0.0
-23.175,425,40.729467,1,0.0
-23.059,541,41.166401,1,0.0
-23.186,414,41.493292,1,0.0
-24.854,746,42.100097,1,0.0
-24.876,724,42.692739,1,0.0
-23.103,497,43.100096,1,0.0
-25.136,464,43.484625,1,0.0
-25.234,366,43.814807,1,0.0
-24.974,626,44.379556,1,0.0
-24.729,871,45.182719,1,0.0
-22.937,663,45.782994,1,0.0
-25.134,466,46.148012,1,0.0
-25.224,376,46.439137,1,0.0
-25.099,501,46.803939,1,0.0
-17.079,521,47.196939,1,0.0
-23.055,545,48.288942,1,0.0
-25.304,996,49.196267,1,0.0
-24.777,823,49.887485,1,0.0
-16.607,993,50.731447,1,0.0
-21.114,486,51.123842,1,0.0
-25.125,475,51.493764,1,0.0
-12.812,788,52.160305,1,0.0
-17.174,426,52.513122,1,0.0
-20.932,668,53.097423,1,0.0
-21.035,565,53.594171,1,0.0
-24.75,850,54.270268,1,0.0
-23.225,375,54.585474,1,0.0
-17.224,376,54.872857,1,0.0
-24.651,949,55.638075,1,0.0
-22.979,621,56.150954,1,0.0
-23.115,485,56.501718,1,0.0
-16.813,787,57.135086,1,0.0
-25.117,483,57.557065,1,0.0
-16.654,946,58.38281,1,0.0
-22.812,788,59.058831,1,0.0
-25.164,436,59.380087,1,0.0
-17.12,480,59.778621,1,0.0
-21.007,593,60.258043,1,0.0
-25.081,519,60.742203,1,0.0
-14.92,680,61.300941,1,0.0
-14.936,664,61.830583,1,0.0
-24.911,689,62.413951,1,0.0
-21.072,528,62.80516,1,0.0
-25.218,382,63.096652,1,0.0
-22.88,720,63.673291,1,0.0
-24.339,1261,64.763554,1,0.0
-25.112,488,65.208066,1,0.0
-25.025,575,65.741528,1,0.0
-23.049,551,66.215474,1,0.0
-17.219,381,66.499767,1,0.0
-17.117,483,66.881825,1,0.0
-25.2,400,67.243081,1,0.0
-25.15,450,67.641806,1,0.0
-22.847,753,68.372069,1,0.0
-24.848,752,70.096296,1,0.0
-14.722,878,70.771261,1,0.0
-25.107,493,71.158734,1,0.0
-20.782,818,71.830737,1,0.0
-25.043,557,72.26869,1,0.0
-24.731,869,73.01216,1,0.0
-24.795,805,73.715183,1,0.0
-24.949,651,74.300661,1,0.0
-24.94,660,74.88508,1,0.0
-22.945,655,75.483224,1,0.0
-25.03,570,75.896095,1,0.0
-25.078,522,76.346355,1,0.0
-25.099,501,76.790697,1,0.0
-25.114,486,77.188227,1,0.0
-22.88,720,77.84496,1,0.0
-25.044,556,78.298823,1,0.0
-23.015,585,78.797954,1,0.0
-14.861,739,79.366827,1,0.0
-24.74,860,80.122622,1,0.0
-20.977,623,80.635011,1,0.0
-25.164,436,81.007114,1,0.0
-25.184,416,81.366971,1,0.0
-25.049,551,81.836594,1,0.0
-24.992,608,82.33065,1,0.0
-25.111,489,82.70305,1,0.0
-14.597,1003,83.674196,1,0.0
-24.939,661,84.265356,1,0.0
-16.824,776,85.006007,1,0.0
-25.181,419,85.409764,1,0.0
-25.142,458,85.777987,1,0.0
-25.073,527,86.200584,1,0.0
-22.581,1019,87.119129,1,0.0
-16.651,949,87.969193,1,0.0
-22.99,610,88.485316,1,0.0
-14.973,627,89.081653,1,0.0
-25.089,511,89.524767,1,0.0
-24.558,1042,90.452846,1,0.0
-25.183,417,90.812551,1,0.0
-25.197,403,91.184473,1,0.0
-25.244,356,91.487236,1,0.0
-25.192,408,92.450382,1,0.0
-17.173,427,92.800018,1,0.0
-18.821,779,93.538052,1,0.0
-21.056,544,94.009666,1,0.0
-25.047,553,94.474511,1,0.0
-21.042,558,94.938321,1,0.0
-15.164,436,95.31444,1,0.0
-22.993,607,95.852072,1,0.0
-19.049,551,96.299564,1,0.0
-16.897,703,96.920679,1,0.0
-25.044,556,97.400276,1,0.0
-25.233,367,97.74407,1,0.0
-6.74,860,98.507643,1,0.0
-24.843,757,99.135758,1,0.0
-20.901,699,99.771029,1,0.0
-15.05,550,100.233245,1,0.0
-25.232,368,100.545799,1,0.0
-17.023,577,101.032213,1,0.0
-16.926,674,101.650221,1,0.0
-16.822,778,102.296088,1,0.0
-14.745,855,103.059995,1,0.0
-22.898,702,103.731967,1,0.0
-24.99,610,104.265103,1,0.0
-21.033,567,104.839344,1,0.0
-17.126,474,105.287818,1,0.0
-20.817,783,105.898773,1,0.0
-25.107,493,106.342612,1,0.0
7.297,597,106.837746,2,0.0
-16.9,700,107.393755,1,0.0
-23.176,424,107.735399,1,0.0
-25.134,466,108.182007,1,0.0
-25.174,426,108.584273,1,0.0
-21.106,494,108.998558,1,0.0
-22.788,812,109.771854,1,0.0
-15.013,587,110.282024,1,0.0
-21.047,553,110.736307,1,0.0
-24.704,896,111.563994,1,0.0
-16.377,1223,112.648688,1,0.0
-25.091,509,113.11977,1,0.0
-15.131,469,113.543411,1,0.0
-25.751,549,114.004072,1,0.0
-23.134,466,115.324435,1,0.0
-16.882,718,115.997742,1,0.0
-25.212,388,116.349399,1,0.0
-23.456,844,117.17819,1,0.0
-12.729,871,117.989563,1,0.0
-15.141,459,118.351634,1,0.0
-24.71,890,119.110019,1,0.0
-21.024,576,119.639579,1,0.0
-25.099,501,120.045143,1,0.0
-23.071,529,120.527759,1,0.0
-20.928,672,121.141868,1,0.0
-13.074,526,121.619285,1,0.0
10.122,722,122.210958,2,0.0
-16.926,674,122.819051,1,0.0
-15.129,471,123.218584,1,0.0
-23.016,584,123.689759,1,0.0
-25.122,478,124.119116,1,0.0
-17.145,455,124.535452,1,0.0
-14.945,655,125.131293,1,0.0
-22.702,898,125.898056,1,0.0
-16.877,723,126.530429,1,0.0
-22.633,967,127.414217,1,0.0
-25.085,515,127.881532,1,0.0
-21.186,414,128.229444,1,0.0
-24.948,652,128.93154,1,0.0
-16.859,741,129.616054,1,0.0
-18.691,909,130.473872,1,0.0
-14.263,1337,131.655654,1,0.0
-16.281,1319,132.839867,1,0.0
-18.882,718,133.526237,1,0.0
-23.17,430,133.899786,1,0.0
-25.255,345,134.186146,1,0.0
-18.645,955,135.1395,1,0.0
-24.88,720,135.849797,1,0.0
-24.817,783,136.571738,1,0.0
-24.883,717,137.297489,1,0.0
-25.096,504,138.585607,1,0.0
-24.88,720,139.248716,1,0.0
5.756,356,139.582316,2,0.0
-25.151,449,139.971338,1,0.0
-10.904,696,140.702425,1,0.0
-15.182,418,141.115234,1,0.0
7.984,584,141.750426,2,0.0
-23.217,383,142.134076,1,0.0
-15.124,476,142.607131,1,0.0
-10.566,1034,143.642757,1,0.0
-23.086,514,144.113666,1,0.0
-23.023,577,144.755056,1,0.0
-25.222,378,145.193793,1,0.0
8.761,1361,146.55079,2,0.0
-15.027,573,147.042913,1,0.0
-24.826,774,147.791086,1,0.0
-25.113,487,148.236661,1,0.0
-13.145,455,148.67343,1,0.0
-25.252,348,148.990786,1,0.0
-24.758,842,149.797176,1,0.0
-16.887,713,150.461375,1,0.0
-16.821,779,151.207233,1,0.0
-13.199,401,151.59229,1,0.0
-25.177,423,151.989154,1,0.0
-25.188,412,152.364384,1,0.0
-12.541,1059,153.417346,1,0.0
-23.152,448,153.810875,1,0.0
-18.805,795,154.549133,1,0.0
-18.958,642,155.171533,1,0.0
-25.081,519,155.689879,1,0.0
5.797,397,156.0544,2,0.0
-22.905,695,156.754979,1,0.0
-11.066,534,157.274753,1,0.0
-16.259,1341,158.618745,1,0.0
-17.126,474,159.075918,1,0.0
-16.936,664,159.741837,1,0.0
-0.644,956,160.698131,1,0.0
-25.239,361,161.104954,1,0.0
-18.786,814,161.852842,1,0.0
-13.0,600,162.434734,1,0.0
-4.626,974,164.126148,1,0.0
-21.14,460,164.552362,1,0.0
-23.041,559,165.123899,1,0.0
-14.689,911,166.05073,1,0.0
-8.437,1163,167.133794,1,0.0
-16.987,613,167.68383,1,0.0
-14.472,1128,168.758497,1,0.0
-14.643,957,169.665749,1,0.0
-22.927,673,170.293681,1,0.0
8.048,648,170.952384,2,0.0
-8.621,979,171.801877,1,0.0
-17.143,457,172.215119,1,0.0
-22.708,892,173.152051,1,0.0
-2.685,915,174.003381,1,0.0
-14.955,645,174.613576,1,0.0
14.269,869,175.426105,2,0.0
-5.959,1641,177.074791,1,0.0
-20.923,677,177.735736,1,0.0
-14.815,785,178.444326,1,0.0
-24.859,741,179.092917,1,0.0
-16.934,666,179.688452,1,0.0
-14.657,943,180.57529,1,0.0
-15.103,497,181.046355,1,0.0
-24.948,652,181.643914,1,0.0
-14.953,647,182.279408,1,0.0
12.16,760,182.997211,2,0.0
-22.814,786,183.731147,1,0.0
-25.074,526,184.301546,1,0.0
1.663,1263,185.726476,1,0.0
20.62,1220,186.88274,2,0.0
-24.879,721,187.635651,1,0.0
-15.016,584,188.973817,1,0.0
-25.208,392,189.348724,1,0.0
-25.17,430,189.73697,1,0.0
-18.909,691,190.399151,1,0.0
-17.11,490,190.838603,1,0.0
-17.119,481,191.279159,1,0.0
-14.67,930,192.202867,1,0.0
-13.023,577,192.773176,1,0.0
25.798,1098,193.862712,2,0.0
-8.735,865,194.695369,1,0.0
14.536,1136,195.86977,2,0.0
-24.888,712,196.541948,1,0.0
-20.981,619,197.212473,1,0.0
-17.048,552,197.706019,1,0.0
-8.275,1325,198.949815,1,0.0
-15.012,588,199.491944,1,0.0
-12.916,684,200.076219,1,0.0
-2.509,1091,201.169651,1,0.0
12.264,864,201.986962,2,0.0
-12.814,786,202.734253,1,0.0
-4.575,1025,203.67452,1,0.0
-25.013,587,204.181821,1,0.0
-17.224,376,204.566436,1,0.0
-14.899,701,205.271706,1,0.0
-14.461,1139,206.4318,1,0.0
-14.671,929,207.386221,1,0.0
-15.019,581,207.962936,1,0.0
8.151,751,208.649827,2,0.0
-6.509,1091,209.741776,1,0.0
25.175,1775,211.350441,2,0.0
-17.068,532,211.843533,1,0.0
-10.586,1014,214.137871,1,0.0
-16.951,649,214.678516,1,0.0
-12.793,807,215.377702,1,0.0
-16.726,874,216.200267,1,0.0
-16.99,610,216.882214,1,0.0
-12.811,789,217.701559,1,0.0
-10.811,789,218.454356,1,0.0
12.217,817,219.231902,2,0.0
-25.18,420,219.648535,1,0.0
-10.723,877,220.489971,1,0.0
-23.127,473,220.920725,1,0.0
-6.606,994,221.937393,1,0.0
-8.67,930,222.819505,1,0.0
37.144,1744,224.426966,2,0.0
-14.882,718,225.147553,1,0.0
-22.986,614,225.70558,1,0.0
-22.83,770,226.430521,1,0.0
-15.054,546,226.948446,1,0.0
-16.792,808,227.723805,1,0.0
-18.966,634,228.345126,1,0.0
-23.06,540,228.869745,1,0.0
8.08,680,229.541251,2,0.0
20.415,1015,230.49001,2,0.0
-10.786,814,231.227687,1,0.0
-14.987,613,231.785083,1,0.0
15.854,454,232.175016,2,0.0
6.136,736,232.904191,2,0.0
-14.609,991,233.87497,1,0.0
-2.63,970,234.789517,1,0.0
14.213,813,235.503576,2,0.0
-16.94,660,236.067194,1,0.0
-17.021,579,236.690976,1,0.0
24.36,960,237.605868,2,0.0
-15.21,390,238.799814,1,0.0
10.464,1064,239.840185,2,0.0
-16.08,1520,241.381808,1,0.0
-10.158,1442,242.823086,1,0.0
1.57,1170,243.935661,1,0.0
-12.82,780,244.641135,1,0.0
-13.01,590,245.242234,1,0.0
-10.757,843,246.039057,1,0.0
-8.892,708,246.696918,1,0.0
-8.901,699,247.354246,1,0.0
-12.716,884,248.180735,1,0.0
-8.482,1118,249.44913,1,0.0
-17.831,469,249.942394,1,0.0
-22.925,675,250.633555,1,0.0
-25.302,298,250.918343,1,0.0
-25.24,360,251.285124,1,0.0
-15.052,548,251.847064,1,0.0
-8.656,944,252.864964,1,0.0
-25.098,502,253.385298,1,0.0
-14.668,932,254.261859,1,0.0
-22.711,889,255.181433,1,0.0
-20.563,1037,256.229817,1,0.0
-23.206,394,256.629633,1,0.0
-18.901,699,257.377477,1,0.0
15.906,506,257.874501,2,0.0
-10.999,601,258.535147,1,0.0
12.059,659,259.154605,2,0.0
-16.412,1188,260.265178,1,0.0
-12.748,852,261.139413,1,0.0
14.278,878,261.955016,2,0.0
-25.103,497,262.406112,1,0.0
-13.021,579,262.939257,1,0.0
-14.973,627,264.252782,1,0.0
-15.209,391,264.633306,1,0.0
-15.173,427,265.099509,1,0.0
9.969,569,265.610559,2,0.0
12.109,709,266.328029,2,0.0
-21.066,534,266.814049,1,0.0
-6.905,695,267.507258,1,0.0
-8.456,1144,268.608633,1,0.0
-24.931,669,269.314085,1,0.0
6.135,735,270.032007,2,0.0
10.175,775,270.823903,2,0.0
-16.735,865,271.60572,1,0.0
-24.853,747,272.285304,1,0.0
13.83,430,272.7086,2,0.0
-12.712,888,273.611204,1,0.0
-16.563,1037,274.664616,1,0.0
10.07,670,275.262357,2,0.0
-15.067,533,275.815277,1,0.0
-16.905,695,276.464415,1,0.0
16.811,1411,277.819244,2,0.0
12.468,1068,278.806293,2,0.0
-10.91,690,279.523674,1,0.0
-13.077,523,280.000353,1,0.0
-22.993,607,280.568327,1,0.0
7.847,447,281.035109,2,0.0
7.893,493,281.460875,2,0.0
-12.898,702,282.101982,1,0.0
24.186,786,282.819735,2,0.0
8.381,981,283.745551,2,0.0
-14.471,1129,284.879607,1,0.0
-6.598,1002,285.968849,1,0.0
-17.176,424,286.446316,1,0.0
10.068,668,287.120669,2,0.0
-12.647,953,287.985372,1,0.0
