#{"t_start": 1788168998.7787564, "env_id": "None"}
r,l,t,phase,player_health,episode_enemies_destroyed,episode_spawners_destroyed,episode_phases_advanced,episode_damage_taken,episode_xp_earned,episode_max_level,active_minibosses,active_boss_hazards,drone_level
-25.696264,378,1.543095,1,0.0,15,0,0,112.0,90.0,2,0,0,0
-26.34581,390,2.092515,1,0.0,18,0,0,112.0,108.0,2,0,0,0
-22.419346,175,2.335242,1,0.0,3,1,0,112.0,48.0,1,0,0,0
-31.203,223,2.652333,1,0.0,7,0,0,112.0,42.0,1,0,0,0
-30.773659,246,3.013265,1,0.0,10,0,0,112.0,60.0,2,0,0,0
26.04834,900,4.166397,1,100.0,32,1,0,0.0,222.0,2,0,0,0
-21.108558,527,4.946458,1,0.0,23,0,0,112.0,138.0,2,0,0,0
-33.424023,339,5.440513,1,0.0,13,0,0,112.0,78.0,2,0,0,0
18.24469,900,6.799794,1,51.34999999999779,48,0,0,56.0,288.0,3,0,0,1
-25.301014,339,7.279013,1,0.0,15,0,0,112.0,90.0,2,0,0,0
-38.37354,140,7.476514,1,0.0,2,0,0,112.0,12.0,1,0,0,0
-33.092158,215,7.777042,1,0.0,7,0,0,112.0,42.0,1,0,0,0
123.484858,743,9.342051,3,0.0,30,5,2,132.72000000000003,374.0,3,0,0,0
128.729793,570,10.674705,3,0.0,25,5,2,105.50400000000002,344.0,3,0,2,0
118.454487,428,11.624926,3,0.0,22,5,2,116.48,326.0,3,0,3,1
156.583786,805,13.417786,3,0.0,35,5,2,123.64800000000002,404.0,3,1,2,1
151.344921,970,15.697241,3,0.0,45,5,2,123.64800000000001,464.0,3,0,2,2
40.108034,220,16.191953,2,0.0,5,3,1,124.48800000000001,142.0,2,1,0,0
138.796976,800,17.978327,3,0.0,34,5,2,116.48000000000002,398.0,3,0,2,1
363.77408,743,19.661621,5,0.0,34,13,4,117.48799999999999,812.0,4,1,0,0
154.201022,941,21.778578,3,0.0,40,5,2,116.48000000000002,434.0,3,0,2,2
207.615916,1163,24.546618,3,6.359999999999054,56,5,2,116.48000000000002,605.0,4,0,0,1
492.593165,919,26.584054,6,0.0,60,16,5,176.264,1080.0,5,0,0,2
59.339218,300,27.217458,2,0.0,9,4,1,101.92,196.0,2,0,0,1
144.198523,609,28.585448,3,0.0,27,5,2,115.92000000000002,356.0,3,1,2,1
117.48057,279,29.189891,3,0.0,9,5,2,101.69600000000003,248.0,3,0,0,0
130.928477,261,29.751493,3,0.0,10,5,2,101.69600000000003,254.0,3,0,0,1
119.452957,415,30.663154,3,0.0,19,5,2,109.08800000000002,308.0,3,0,0,0
26.154262,145,30.979605,2,0.0,4,2,1,118.832,106.0,2,1,0,0
132.137993,609,32.424213,3,0.0,28,5,2,174.72000000000003,362.0,3,0,3,2
40.396909,171,32.815141,2,0.0,4,3,1,103.376,136.0,2,1,0,0
120.858708,332,33.537136,3,0.0,14,5,2,114.3632,278.0,3,1,2,1
115.836471,469,34.590205,3,0.0,20,5,2,130.25600000000003,314.0,3,0,0,1
158.390541,719,36.318383,3,0.0,34,5,2,145.656,473.0,3,0,0,1
115.89891,386,37.206723,3,0.0,14,5,2,101.36000000000001,278.0,3,0,3,1
115.743742,464,38.212592,3,0.0,21,5,2,112.67200000000001,320.0,3,0,2,1
132.835702,439,39.182213,3,0.0,20,5,2,101.69600000000001,314.0,3,0,0,1
366.035445,879,41.288125,5,0.0,61,12,4,207.59199999999998,944.0,5,0,0,1
137.601767,479,42.401631,3,0.0,24,5,2,101.69600000000003,338.0,3,0,2,0
896.649499,1442,45.836938,9,0.0,129,27,8,362.7440000000001,2245.0,7,0,3,1
156.665369,703,47.49027,3,0.0,31,5,2,121.65440000000001,380.0,3,1,0,1
146.102825,481,48.585739,3,0.0,18,5,2,116.25600000000001,302.0,3,0,2,1
61.514957,218,49.079394,2,0.0,7,4,1,101.92,184.0,2,0,0,0
110.564668,291,49.75552,3,0.0,12,5,2,101.92,266.0,3,0,2,0
139.041288,348,50.609106,3,0.0,19,5,2,123.14400000000002,383.0,3,0,2,0
140.381337,422,51.526454,3,0.0,20,5,2,123.08800000000002,314.0,3,0,2,1
129.243394,405,52.3941,3,0.0,15,5,2,101.69600000000001,284.0,3,0,2,1
121.980224,364,53.248874,3,0.0,14,5,2,135.24,353.0,3,0,3,0
71.013911,234,53.809794,2,0.0,12,4,1,117.936,289.0,3,0,0,1
112.737152,368,59.45012,3,0.0,18,5,2,170.91200000000003,302.0,3,0,2,1
135.441064,326,60.197618,3,0.0,12,5,2,108.86400000000002,266.0,3,0,2,1
124.69841,419,61.163417,3,0.0,17,5,2,143.24800000000002,371.0,3,0,2,1
132.473603,299,61.858698,3,0.0,11,5,2,127.84800000000003,335.0,3,0,2,2
150.823665,351,62.659001,3,0.0,17,5,2,127.28800000000003,371.0,3,0,2,0
56.494032,221,63.15382,2,0.0,6,4,1,101.92,178.0,2,0,0,1
479.29296,792,65.029068,6,0.0,58,16,5,137.624,1068.0,5,0,2,2
27.870857,184,65.436473,2,0.0,4,2,1,103.376,106.0,2,1,0,0
34.326705,186,65.871607,2,0.0,3,3,1,130.48000000000002,130.0,2,1,0,0
477.897911,1121,68.508843,6,0.0,76,16,5,297.0880000000001,1176.0,5,0,2,1
61.581674,244,69.08009,2,0.0,11,4,1,101.36000000000001,208.0,2,0,0,0
116.420897,362,69.899109,3,0.0,16,5,2,105.50400000000002,290.0,3,0,2,0
117.88264,351,70.691668,3,0.0,13,5,2,108.52800000000002,272.0,3,0,0,1
142.05765,502,71.878616,3,0.0,22,5,2,105.504,326.0,3,0,0,1
496.054137,994,74.280479,6,0.0,63,16,5,161.648,1173.0,5,0,2,2
107.236896,279,74.850993,3,0.0,7,5,2,108.86400000000002,236.0,3,0,2,1
118.994481,436,75.808,3,0.0,17,5,2,104.72000000000003,296.0,3,0,0,0
38.750543,171,76.178371,2,0.0,2,3,1,111.384,124.0,2,1,0,0
130.712448,629,77.649415,3,0.0,22,5,2,108.86400000000002,326.0,3,0,2,0
143.813048,666,79.226153,3,0.0,30,5,2,116.25600000000001,374.0,3,0,0,0
160.362194,677,80.886024,3,0.0,30,5,2,119.06720000000001,449.0,3,0,3,1
128.63543,702,82.6402,3,0.0,29,5,2,105.50400000000002,368.0,3,0,2,1
131.757599,442,83.679568,3,0.0,19,5,2,115.96480000000001,308.0,3,0,0,1
141.004096,371,84.52528,3,0.0,17,5,2,100.80000000000001,296.0,3,0,2,2
497.04521,1072,87.0621,6,0.0,71,16,5,230.272,1296.0,5,0,2,0
131.531348,495,88.152748,3,0.0,22,5,2,119.84000000000002,326.0,3,0,3,1
120.315862,321,88.861951,3,0.0,11,5,2,118.94400000000002,260.0,3,0,2,2
153.267854,822,90.893159,3,0.0,38,5,2,200.03200000000004,422.0,3,1,3,2
128.047012,368,91.749341,3,0.0,14,5,2,159.936,278.0,3,0,2,1
217.755508,577,93.129458,4,0.0,25,7,3,171.02400000000006,556.0,4,0,0,1
138.192212,491,94.194211,3,0.0,23,5,2,115.69600000000003,332.0,3,0,3,0
160.385957,671,95.715039,3,0.0,31,5,2,130.0432,455.0,3,1,2,1
137.445675,329,96.487426,3,0.0,14,5,2,124.26400000000002,353.0,3,0,2,0
140.318725,506,97.704077,3,0.0,20,5,2,108.52800000000002,314.0,3,0,3,2
61.410436,276,98.377352,2,0.0,9,4,1,103.376,196.0,2,1,0,1
531.563587,1161,101.272141,6,0.0,88,16,5,187.32800000000003,1248.0,5,0,2,2
65.456099,255,101.851192,2,0.0,13,4,1,100.80000000000001,220.0,2,0,0,1
139.652359,495,103.043,3,0.0,24,5,2,109.08800000000002,338.0,3,0,3,1
161.784596,873,105.188747,3,0.0,39,5,2,108.86400000000002,428.0,3,0,2,0
135.447543,450,106.250465,3,0.0,21,5,2,163.74400000000003,320.0,3,0,2,2
128.655873,416,107.221293,3,0.0,16,5,2,105.50400000000002,290.0,3,0,2,1
130.226432,388,108.159755,3,0.0,19,5,2,159.93600000000004,308.0,3,0,0,1
144.464938,574,109.61692,3,0.0,24,5,2,123.64800000000002,338.0,3,1,2,1
113.934153,355,110.490946,3,0.0,14,5,2,104.72000000000003,278.0,3,0,0,0
135.366992,441,111.490744,3,0.0,20,5,2,180.37600000000003,389.0,3,0,2,1
169.982647,637,112.981528,3,0.0,33,5,2,130.25600000000003,467.0,3,0,0,1
496.078778,940,115.186486,6,0.0,66,16,5,255.44800000000006,1191.0,5,0,2,1
131.201324,539,116.425997,3,0.0,24,5,2,130.48000000000002,338.0,3,0,2,0
115.994125,278,117.045486,3,0.0,8,5,2,100.57600000000002,242.0,3,0,2,0
121.735236,403,122.664141,3,0.0,16,5,2,108.52800000000002,290.0,3,0,0,1
57.506412,222,123.148694,2,0.0,7,4,1,102.256,184.0,2,1,0,1
276.396728,663,124.793103,4,0.0,35,10,3,183.68000000000004,706.0,4,1,0,1
113.04616,362,125.606257,3,0.0,13,5,2,170.91200000000003,272.0,3,0,0,1
142.220673,667,127.262145,3,0.0,29,5,2,109.08800000000002,368.0,3,0,0,0
135.730446,364,128.124189,3,0.0,12,5,2,105.504,266.0,3,0,2,1
250.634441,498,129.308308,4,0.0,22,9,3,119.39200000000002,598.0,4,1,0,1
132.226892,393,130.191241,3,0.0,20,5,2,173.93600000000004,389.0,3,0,2,1
132.645941,517,131.380473,3,0.0,21,5,2,105.50400000000002,320.0,3,0,0,2
144.090445,432,132.383656,3,0.0,20,5,2,120.68000000000002,389.0,3,0,0,1
148.73085,489,133.433078,3,0.0,20,5,2,108.86400000000002,314.0,3,0,2,1
138.28841,588,134.857391,3,0.0,24,5,2,106.0864,338.0,3,0,0,0
120.22424,383,135.725603,3,0.0,13,5,2,115.69600000000003,272.0,3,0,2,0
105.46862,315,136.443165,3,0.0,7,5,2,119.84000000000003,236.0,3,0,2,0
145.023183,578,137.770661,3,0.0,26,5,2,131.096,425.0,3,0,0,0
42.345673,259,138.346119,2,0.0,9,3,1,117.376,166.0,2,1,0,0
133.441361,418,139.288952,3,0.0,21,5,2,131.096,395.0,3,0,3,3
132.846139,399,140.249654,3,0.0,15,5,2,116.25600000000003,284.0,3,0,0,1
121.348581,475,141.411304,3,0.0,19,5,2,108.86400000000002,308.0,3,0,0,0
163.399206,570,142.850692,3,0.0,27,5,2,108.864,506.0,3,0,0,2
124.607528,403,143.721348,3,0.0,15,5,2,123.08800000000002,284.0,3,0,2,1
121.267133,407,144.643326,3,0.0,19,5,2,184.0832,308.0,3,0,2,1
44.80831,336,145.477151,2,0.0,8,3,1,103.376,160.0,2,1,0,0
358.411459,740,147.316966,5,0.0,40,13,4,171.78000000000003,848.0,4,1,0,2
125.749758,356,148.164577,3,0.0,16,5,2,107.2288,290.0,3,0,0,1
131.903598,336,148.92491,3,0.0,13,5,2,116.25600000000001,272.0,3,0,0,1
115.669018,334,149.684393,3,0.0,13,5,2,123.08800000000002,272.0,3,0,2,2
142.993771,441,150.773764,3,0.0,22,5,2,120.68000000000002,401.0,3,0,2,1
105.520191,498,151.910832,3,0.0,14,5,2,194.76800000000003,278.0,3,0,0,0
521.093221,913,154.173359,6,0.0,68,16,5,147.144,1203.0,5,0,2,1
27.591296,228,154.709242,2,0.0,5,2,1,110.824,112.0,2,1,0,1
137.198588,386,155.582585,3,0.0,15,5,2,112.67200000000003,284.0,3,0,3,0
115.232139,296,156.268554,3,0.0,7,5,2,104.72000000000003,236.0,3,0,0,0
143.342732,419,157.259897,3,0.0,22,5,2,116.53600000000002,401.0,3,0,0,1
147.619821,480,158.381473,3,0.0,24,5,2,115.69600000000003,413.0,3,0,0,2
133.277937,428,159.477758,3,0.0,18,5,2,100.57600000000002,302.0,3,0,2,0
135.802312,426,160.52659,3,0.0,20,5,2,104.94400000000002,314.0,3,0,0,1
129.675261,450,161.574265,3,0.0,18,5,2,122.52800000000002,302.0,3,0,3,1
57.329218,305,162.330239,2,0.0,10,4,1,115.92000000000002,202.0,2,1,0,0
124.082976,329,163.110047,3,0.0,14,5,2,100.57600000000002,278.0,3,0,2,2
130.712776,396,164.026202,3,0.0,14,5,2,115.69600000000003,278.0,3,0,0,1
134.728112,470,165.136236,3,0.0,21,5,2,107.96800000000002,320.0,3,0,0,0
137.233112,365,166.004243,3,0.0,13,5,2,116.25600000000001,272.0,3,0,0,2
126.067732,449,167.125147,3,0.0,20,5,2,105.87360000000001,314.0,3,0,0,0
132.164218,497,168.248424,3,0.0,22,5,2,112.11200000000002,326.0,3,0,2,2
139.59847,458,169.246651,3,0.0,18,5,2,115.69600000000003,302.0,3,0,2,0
122.525972,312,169.944893,3,0.0,13,5,2,208.936,347.0,3,0,3,0
123.182261,350,170.702063,3,0.0,13,5,2,105.50400000000002,272.0,3,0,2,1
60.032367,276,171.350597,2,0.0,9,4,1,102.816,196.0,2,1,0,1
125.15221,309,172.087438,3,0.0,12,5,2,108.52800000000002,266.0,3,0,0,1
115.076801,345,172.86187,3,0.0,13,5,2,166.096,272.0,3,0,2,0
115.446234,426,173.886443,3,0.0,15,5,2,116.25600000000003,284.0,3,0,0,0
49.07407,217,174.408402,2,0.0,11,3,1,109.36800000000001,178.0,2,1,0,0
133.076417,434,175.458093,3,0.0,19,5,2,124.26400000000002,383.0,3,0,3,0
136.989003,538,176.796752,3,0.0,25,5,2,104.94400000000002,344.0,3,0,2,1
149.466854,521,178.079427,3,0.0,21,5,2,151.61440000000002,395.0,3,1,0,1
115.092122,302,178.766805,3,0.0,11,5,2,101.69600000000001,260.0,3,0,0,0
37.616757,218,179.306848,2,0.0,5,3,1,109.36800000000001,142.0,2,1,0,0
266.073963,772,181.215286,4,0.0,39,9,3,216.38400000000007,700.0,4,0,0,2
133.535054,428,190.57352,3,0.0,23,5,2,123.92800000000001,407.0,3,0,2,1
499.555547,867,192.581177,6,0.0,50,16,5,114.44,1095.0,5,0,2,1
129.083512,433,193.638135,3,0.0,18,5,2,109.08800000000001,302.0,3,0,0,1
112.690741,326,194.40138,3,0.0,14,5,2,116.25600000000001,278.0,3,0,0,0
127.264553,464,195.563737,3,0.0,22,5,2,163.18400000000003,326.0,3,0,3,1
472.777979,763,198.069383,6,0.0,43,16,5,131.768,1053.0,5,0,0,2
146.80252,449,199.856512,3,0.0,21,5,2,121.65440000000001,395.0,3,1,0,1
124.543097,368,200.954906,3,0.0,14,5,2,112.67200000000003,278.0,3,0,0,1
125.925216,330,201.803348,3,0.0,13,5,2,109.14400000000002,272.0,3,0,0,1
131.741087,390,202.834719,3,0.0,15,5,2,103.1968,284.0,3,0,0,0
191.99229,739,204.993271,3,0.0,38,5,2,140.63840000000002,572.0,4,2,0,1
469.91077,721,207.174325,6,0.0,44,16,5,180.208,1059.0,5,0,2,0
1262.826198,1757,212.19807,12,0.0,159,38,11,312.15999999999997,2951.0,8,0,2,2
468.731329,886,214.905302,6,0.0,52,16,5,173.656,1032.0,5,0,2,2
136.919988,424,216.373048,3,0.0,18,5,2,101.69600000000003,302.0,3,1,0,1
216.105693,680,218.613638,4,0.0,25,7,3,165.64800000000002,556.0,4,1,0,0
119.987304,360,219.551175,3,0.0,13,5,2,113.63520000000001,272.0,3,0,0,2
432.26092,988,222.569248,5,0.0,71,15,4,177.40800000000004,1094.0,5,0,0,2
144.458088,434,223.800007,3,0.0,24,5,2,127.23200000000001,413.0,3,0,2,1
128.572502,457,224.977715,3,0.0,19,5,2,100.24000000000001,308.0,3,0,2,2
136.633267,377,225.934691,3,0.0,15,5,2,104.94400000000002,284.0,3,0,3,1
501.635973,958,228.527046,6,0.0,60,16,5,168.87199999999999,1155.0,5,0,0,2
356.465995,706,230.484078,5,0.0,43,12,4,179.42400000000004,986.0,5,0,0,2
47.322058,272,231.238743,2,0.0,11,3,1,109.36800000000001,178.0,2,1,0,1
167.589958,658,233.038753,3,0.0,32,5,2,129.96480000000003,461.0,3,0,2,1
149.104689,609,234.720815,3,0.0,28,5,2,107.85600000000002,362.0,3,1,3,1
61.033721,243,235.436956,2,0.0,8,4,1,101.36000000000001,190.0,2,0,0,0
134.112356,460,236.618471,3,0.0,18,5,2,108.52800000000002,302.0,3,0,3,1
147.612928,649,238.435435,3,0.0,25,5,2,108.52800000000002,344.0,3,2,0,2
379.155848,851,240.846016,5,0.0,51,14,4,321.55200000000013,944.0,5,0,0,0
58.189275,175,241.346799,2,0.0,7,4,1,102.816,184.0,2,1,0,0
145.364109,395,242.422915,3,0.0,18,5,2,116.25600000000001,302.0,3,0,0,1
126.11038,461,243.668088,3,0.0,19,5,2,127.23200000000003,308.0,3,0,3,0
154.9595,617,245.418206,3,0.0,27,5,2,104.94400000000002,356.0,3,1,2,1
203.515194,956,248.301483,3,0.0,48,5,2,159.936,632.0,4,1,3,1
126.691678,483,249.624981,3,0.0,17,5,2,146.496,296.0,3,0,2,0
149.341399,468,250.956203,3,0.0,18,5,2,104.72000000000003,302.0,3,0,0,1
158.144279,472,252.230363,3,0.0,22,5,2,126.67200000000003,401.0,3,0,0,1
148.716616,527,253.65904,3,0.0,24,5,2,117.09600000000002,338.0,3,0,2,1
135.92665,324,254.495067,3,0.0,11,5,2,116.25600000000001,260.0,3,0,2,1
141.637129,372,255.522374,3,0.0,16,5,2,100.57600000000002,290.0,3,0,2,2
407.18491,838,257.800349,5,0.0,49,15,4,177.96800000000005,962.0,5,0,0,1
523.440664,1141,268.461439,6,0.0,75,16,5,169.00800000000004,1245.0,5,1,3,4
139.00484,428,269.62554,3,0.0,19,5,2,122.52800000000002,308.0,3,0,2,1
131.557979,368,270.590851,3,0.0,13,5,2,112.67200000000001,272.0,3,0,3,0
144.072443,411,271.694067,3,0.0,18,5,2,116.25600000000003,302.0,3,0,0,0
132.726785,392,272.743787,3,0.0,16,5,2,114.30720000000001,290.0,3,0,2,1
143.36257,437,273.883439,3,0.0,19,5,2,112.11200000000002,308.0,3,0,2,1
56.539488,271,274.65843,2,0.0,14,3,1,123.92800000000001,271.0,3,0,0,1
140.740407,499,276.017676,3,0.0,21,5,2,116.83728000000002,320.0,3,1,2,2
126.673078,402,277.084604,3,0.0,15,5,2,115.69600000000003,284.0,3,0,0,0
40.499789,152,277.481135,2,0.0,2,3,1,109.92800000000001,124.0,2,1,0,0
141.929401,429,278.761514,3,0.0,18,5,2,107.96800000000002,302.0,3,0,2,1
61.826637,333,279.727919,2,0.0,12,4,1,108.808,214.0,2,1,0,0
159.878271,564,281.258083,3,0.0,27,5,2,136.08,431.0,3,1,2,2
131.650778,303,282.026469,3,0.0,12,5,2,101.69600000000001,266.0,3,0,3,0
382.823903,797,284.27448,5,0.0,45,14,4,189.92400000000004,908.0,5,1,0,1
134.417787,486,285.600151,3,0.0,20,5,2,105.50400000000002,314.0,3,0,2,0
118.102106,370,286.598202,3,0.0,15,5,2,105.50400000000002,284.0,3,0,0,0
486.518908,841,288.961505,6,0.0,52,16,5,126.98400000000001,1032.0,5,0,0,2
481.527455,866,291.405105,6,0.0,54,16,5,118.272,1044.0,5,0,2,0
387.37494,916,294.105411,5,0.0,45,14,4,228.90559999999994,908.0,5,0,0,1
128.393697,312,295.370357,3,0.0,11,5,2,112.11200000000002,260.0,3,0,2,0
137.914679,427,296.736356,3,0.0,15,5,2,112.67200000000003,284.0,3,1,2,0
484.983538,774,298.643507,6,0.0,49,16,5,134.992,1089.0,5,0,2,2
138.496399,450,299.749826,3,0.0,18,5,2,104.50720000000001,302.0,3,1,2,0
524.233854,1013,302.457738,6,0.0,70,16,5,160.49599999999998,1215.0,5,0,0,2
174.882917,708,304.509218,3,0.0,35,5,2,104.50720000000001,404.0,3,1,3,1
804.864076,1573,309.081287,8,0.0,132,25,7,275.9440000000001,2031.0,7,0,0,4
509.494511,1117,312.098261,6,0.0,78,16,5,166.18400000000003,1263.0,5,0,0,0
500.337327,846,314.531008,6,0.0,59,16,5,118.94399999999999,1074.0,5,0,2,1
160.729375,600,316.08939,3,0.0,27,5,2,105.50400000000002,356.0,3,1,2,1
113.329707,262,316.693307,3,0.0,8,5,2,104.94400000000002,242.0,3,0,2,1
158.520922,576,318.08553,3,0.0,28,5,2,119.84000000000002,437.0,3,0,2,0
490.955779,921,320.425398,6,0.0,66,16,5,213.732,1191.0,5,0,0,2
172.012362,657,322.067645,3,0.0,33,5,2,123.64800000000002,542.0,4,0,3,1
145.027908,557,323.454358,3,0.0,22,5,2,111.67520000000002,326.0,3,1,2,1
134.139465,417,324.456789,3,0.0,16,5,2,111.67520000000002,290.0,3,1,2,1
466.638115,778,326.300536,6,0.0,49,16,5,116.47999999999999,1014.0,5,0,2,0
501.761591,948,328.695207,6,0.0,65,16,5,146.13199999999998,1185.0,5,0,2,3
161.299498,540,330.000316,3,0.0,25,5,2,124.18560000000001,494.0,3,0,0,1
528.634342,1043,332.598901,6,0.0,65,16,5,157.56,1260.0,5,0,2,3
175.855679,772,334.592981,3,0.0,37,5,2,111.28320000000002,416.0,3,2,2,1
131.940542,415,346.027732,3,0.0,20,5,2,111.28320000000002,314.0,3,0,2,1
483.713686,742,347.760149,6,0.0,47,16,5,102.99600000000002,1002.0,5,0,0,0
134.178857,374,348.61966,3,0.0,13,5,2,107.85600000000001,272.0,3,0,0,2
135.521364,481,349.7229,3,0.0,19,5,2,101.13600000000002,308.0,3,0,0,1
149.311191,452,350.762062,3,0.0,22,5,2,112.67200000000001,401.0,3,0,2,0
145.482363,592,352.087868,3,0.0,25,5,2,109.08800000000002,344.0,3,1,2,0
252.629383,738,353.730484,4,0.0,40,8,3,207.87200000000004,676.0,4,0,0,2
2333.132966,2458,359.67678,18,0.0,285,60,17,352.5919999999999,4984.0,10,0,0,5
115.86546,279,360.285639,3,0.0,9,5,2,101.69600000000003,248.0,3,0,2,1
139.122261,585,361.648887,3,0.0,24,5,2,120.96000000000001,338.0,3,0,2,0
126.166576,248,362.225136,3,0.0,8,5,2,101.69600000000001,317.0,3,0,2,0
763.680072,1269,365.358376,8,0.0,101,24,7,269.8960000000001,1890.0,6,0,0,2
203.007705,443,366.356514,4,0.0,17,6,3,123.17760000000001,478.0,3,1,0,0
136.669508,518,367.602625,3,0.0,17,5,2,152.544,296.0,3,2,2,1
358.231739,595,368.953333,5,0.0,35,13,4,125.85999999999999,818.0,4,1,0,2
493.016023,893,371.008313,6,0.0,53,16,5,106.82400000000001,1038.0,5,0,2,1
1311.116532,1894,375.756467,12,0.0,182,38,11,344.744,2939.0,8,0,0,4
126.703744,249,376.319193,3,0.0,8,5,2,101.69600000000001,242.0,3,0,2,1
137.48064,534,377.555532,3,0.0,23,5,2,101.69600000000003,332.0,3,0,2,0
241.82276,665,379.081228,4,0.0,28,8,3,214.70400000000006,604.0,4,0,0,2
142.307874,444,380.096388,3,0.0,19,5,2,112.67200000000003,308.0,3,0,3,0
134.257957,323,380.781986,3,0.0,13,5,2,112.67200000000003,272.0,3,0,2,0
116.415767,329,381.546259,3,0.0,13,5,2,108.86400000000002,272.0,3,0,3,0
144.564369,567,383.003629,3,0.0,25,5,2,110.54400000000001,344.0,3,1,2,1
231.560673,598,384.451893,4,0.0,24,7,3,116.14400000000003,550.0,4,1,0,1
246.697129,532,385.763207,4,0.0,23,9,3,182.11200000000005,604.0,4,1,0,0
136.059255,445,386.866847,3,0.0,17,5,2,115.48320000000001,296.0,3,1,2,1
138.370985,491,388.043608,3,0.0,23,5,2,124.18560000000002,332.0,3,0,3,0
477.013585,820,390.086133,6,0.0,48,16,5,166.184,1008.0,5,0,2,0
135.433863,382,390.998862,3,0.0,20,5,2,135.24,389.0,3,0,2,0
116.954607,488,392.176446,3,0.0,19,5,2,113.51200000000001,308.0,3,0,2,0
163.853791,638,393.750689,3,0.0,28,5,2,107.85600000000002,362.0,3,2,0,1
24.908271,152,394.085195,2,0.0,3,2,1,110.264,100.0,2,1,0,1
58.414697,226,394.599488,2,0.0,6,4,1,102.816,178.0,2,1,0,1
152.338827,604,396.061945,3,0.0,28,5,2,177.74400000000003,362.0,3,0,3,2
153.212136,580,397.476192,3,0.0,27,5,2,152.20800000000003,431.0,3,0,2,1
684.486036,1449,401.104861,7,0.0,137,19,6,239.6052,1934.0,6,0,0,3
142.89923,421,402.113181,3,0.0,19,5,2,112.67200000000003,308.0,3,0,0,1
487.531766,779,404.145168,6,0.0,53,16,5,166.208,1113.0,5,0,2,2
132.168415,386,405.131268,3,0.0,19,5,2,109.08800000000002,308.0,3,0,2,2
482.935522,836,414.865354,6,0.0,56,16,5,161.704,1056.0,5,0,0,2
166.177744,703,416.602819,3,0.0,34,5,2,131.656,473.0,3,1,2,0
246.766411,479,417.759022,4,0.0,27,8,3,175.16800000000006,673.0,4,0,0,0
139.822897,409,418.719206,3,0.0,19,5,2,112.67200000000003,308.0,3,0,0,2
143.41906,487,419.897686,3,0.0,23,5,2,130.81600000000003,332.0,3,0,0,1
134.472733,364,420.739352,3,0.0,19,5,2,112.67200000000003,308.0,3,0,2,0
62.067584,271,421.407253,2,0.0,7,4,1,111.384,184.0,2,1,0,1
487.34055,905,423.592129,6,0.0,59,16,5,175.144,1149.0,5,0,0,1
123.513679,334,424.363171,3,0.0,12,5,2,101.69600000000003,266.0,3,0,2,1
161.22376,782,426.333832,3,0.0,32,5,2,136.59408000000002,461.0,3,0,2,0
157.178924,669,428.200906,3,0.0,33,5,2,105.50400000000002,392.0,3,0,0,0
486.790328,887,430.282851,6,0.0,52,16,5,235.53599999999997,1032.0,5,1,2,1
130.425876,370,431.102431,3,0.0,16,5,2,104.3168,290.0,3,0,2,2
117.107832,287,431.794024,3,0.0,11,5,2,109.08800000000002,260.0,3,0,3,2
279.695895,667,433.486939,4,0.0,33,9,3,148.00800000000004,739.0,4,0,0,1
117.794453,296,434.307988,3,0.0,8,5,2,101.69600000000001,242.0,3,0,2,1
389.5605,913,436.85938,5,0.0,64,13,4,166.43200000000004,992.0,5,0,0,3
512.686794,907,439.391163,6,0.0,60,16,5,155.232,1155.0,5,0,0,2
172.912138,779,441.396707,3,0.0,37,5,2,115.48320000000001,491.0,3,1,2,1
627.768995,898,443.787104,7,0.0,60,21,6,160.16000000000003,1382.0,5,0,0,1
135.889137,408,444.901043,3,0.0,19,5,2,105.50400000000002,308.0,3,0,2,0
143.074705,533,446.645528,3,0.0,23,5,2,126.23520000000002,332.0,3,1,2,0
127.385502,358,447.743964,3,0.0,13,5,2,105.50400000000002,272.0,3,0,2,2
133.008504,563,449.26868,3,0.0,21,5,2,104.94400000000002,320.0,3,0,2,0
397.810268,724,451.151661,5,0.0,44,14,4,180.992,1052.0,5,1,0,1
373.751717,890,453.325138,5,0.0,47,13,4,197.23200000000006,890.0,4,0,0,2
666.703525,1263,456.293708,7,0.0,93,20,6,169.848,1700.0,6,0,0,1
460.994294,864,458.534351,6,0.0,50,16,5,127.67999999999998,1020.0,5,0,0,2
458.659601,852,460.65854,6,0.0,51,16,5,252.45600000000007,1101.0,5,0,2,1
132.181725,429,461.636063,3,0.0,19,5,2,108.52800000000002,308.0,3,0,3,0
132.193063,255,462.206856,3,0.0,9,5,2,119.84000000000002,248.0,3,0,3,1
123.861452,272,462.800587,3,0.0,10,5,2,112.67200000000003,254.0,3,0,3,0
150.353788,425,463.762808,3,0.0,19,5,2,105.28000000000002,308.0,3,0,2,1
693.745573,1595,467.659176,7,0.0,122,19,6,392.8120000000001,1919.0,6,1,0,1
180.927575,858,469.845465,3,0.0,39,5,2,120.06400000000002,503.0,3,1,2,2
391.249133,685,471.445054,5,0.0,48,14,4,130.032,926.0,5,0,0,2
173.232534,705,473.087075,3,0.0,31,5,2,127.00800000000001,530.0,4,1,0,2
130.553755,313,473.769164,3,0.0,14,5,2,130.25600000000003,278.0,3,0,3,1
135.93666,389,474.590389,3,0.0,16,5,2,112.67200000000003,290.0,3,0,0,1
628.892288,1122,488.153933,7,0.0,96,20,6,322.7960000000001,1643.0,6,0,0,0
364.933435,871,490.2192,5,0.0,50,12,4,194.76800000000006,878.0,4,0,0,1
155.802354,532,491.460866,3,0.0,25,5,2,115.69600000000003,344.0,3,0,3,1
152.70657,622,493.021485,3,0.0,18,5,2,101.69600000000003,377.0,3,2,0,0
585.215527,868,495.053795,7,0.0,54,19,6,234.08000000000004,1361.0,5,1,0,2
132.539436,332,495.821332,3,0.0,14,5,2,120.06400000000002,278.0,3,0,2,0
134.817492,358,496.620302,3,0.0,14,5,2,116.25600000000001,278.0,3,0,2,1
125.255645,382,497.501559,3,0.0,17,5,2,191.352,296.0,3,0,3,2
140.948913,421,498.451955,3,0.0,15,5,2,108.52800000000002,284.0,3,0,2,1
134.780793,440,499.492351,3,0.0,20,5,2,122.65120000000002,314.0,3,1,2,1
126.668187,333,500.249231,3,0.0,12,5,2,101.69600000000001,266.0,3,0,2,1
1340.204926,1780,504.549298,12,0.0,163,38,11,250.00400000000002,3050.0,8,0,3,1
128.870355,306,505.236194,3,0.0,12,5,2,116.25600000000001,266.0,3,0,0,0
164.170758,537,506.503119,3,0.0,31,5,2,127.51200000000001,455.0,3,0,2,1
122.125839,284,507.132451,3,0.0,12,5,2,112.67200000000001,266.0,3,0,2,3
140.711568,371,508.00368,3,0.0,15,5,2,127.23200000000001,284.0,3,0,3,1
621.904238,933,510.194572,7,0.0,74,19,6,132.16,1481.0,6,0,0,2
137.39775,331,510.949374,3,0.0,15,5,2,115.69600000000003,284.0,3,0,0,0
779.726188,1283,514.041031,8,0.0,114,25,7,399.34000000000015,1998.0,7,0,0,1
497.548187,701,515.69813,6,0.0,43,16,5,106.6,1053.0,5,0,2,2
132.216366,368,516.530234,3,0.0,15,5,2,101.36000000000001,284.0,3,0,2,0
483.415974,756,518.327543,6,0.0,46,16,5,124.744,996.0,5,0,0,2
256.343391,636,519.904639,4,0.0,28,8,3,139.21600000000004,679.0,4,1,0,1
488.176204,749,521.65101,6,0.0,50,16,5,115.58399999999999,1020.0,5,0,2,3
276.431576,708,523.362862,4,0.0,39,9,3,185.64000000000004,775.0,4,0,0,1
145.796364,546,524.658944,3,0.0,28,5,2,108.86400000000002,437.0,3,0,3,0
124.630705,406,525.580273,3,0.0,18,5,2,130.25600000000003,302.0,3,0,2,0
119.657254,404,526.536003,3,0.0,11,5,2,116.25600000000001,260.0,3,0,2,0
114.050708,298,527.218451,3,0.0,10,5,2,112.11200000000002,254.0,3,0,0,1
438.374109,762,528.99545,6,0.0,45,16,5,267.00800000000004,990.0,5,0,0,1
465.939411,658,530.61971,6,0.0,47,16,5,216.24800000000002,1077.0,5,0,3,1
483.79643,756,532.34381,6,0.0,44,16,5,123.48000000000003,1059.0,5,0,0,1
126.986122,269,532.932915,3,0.0,10,5,2,130.816,254.0,3,0,0,1
135.768707,412,533.865723,3,0.0,16,5,2,123.64800000000002,290.0,3,0,2,1
128.009525,409,534.822708,3,0.0,18,5,2,115.69600000000003,302.0,3,0,2,1
105.622925,297,535.49041,3,0.0,7,5,2,105.28000000000002,236.0,3,0,2,0
136.632694,425,536.465231,3,0.0,17,5,2,105.28000000000002,296.0,3,0,0,1
145.916066,626,537.937756,3,0.0,27,5,2,120.06400000000002,356.0,3,1,2,0
113.011607,287,538.598441,3,0.0,9,5,2,101.69600000000001,248.0,3,0,3,0
119.049137,319,539.346595,3,0.0,12,5,2,101.92000000000002,266.0,3,0,3,0
469.619206,706,540.951486,6,0.0,41,16,5,197.99200000000002,966.0,5,0,2,0
216.453451,439,541.947099,4,0.0,17,6,3,140.84000000000003,553.0,4,1,0,1
128.765664,357,542.751645,3,0.0,14,5,2,134.40000000000003,278.0,3,0,0,1
129.956488,339,543.481253,3,0.0,13,5,2,120.6464,272.0,3,0,2,1
593.867643,996,550.664105,7,0.0,63,19,6,246.0680000000001,1340.0,5,1,0,2
119.939706,227,551.153189,3,0.0,9,5,2,112.11200000000002,248.0,3,0,0,2
129.255547,370,551.94629,3,0.0,14,5,2,105.50400000000002,278.0,3,0,2,2
470.382359,917,554.007983,6,0.0,62,16,5,193.62400000000005,1092.0,5,0,2,3
137.287097,463,555.123421,3,0.0,21,5,2,101.69600000000003,320.0,3,0,0,0
511.589213,1077,557.738625,6,0.0,76,16,5,159.6,1251.0,5,0,3,2
141.747388,402,558.671355,3,0.0,18,5,2,107.96800000000002,302.0,3,0,3,1
139.735057,460,559.736291,3,0.0,19,5,2,101.69600000000003,308.0,3,0,2,2
48.167043,189,560.155143,2,0.0,7,3,1,101.92,154.0,2,0,0,0
283.127159,467,561.218067,4,0.0,29,10,3,125.66400000000003,745.0,4,0,0,0
153.532236,503,562.42507,3,0.0,24,5,2,117.09600000000002,413.0,3,0,2,0
132.760747,426,563.452348,3,0.0,20,5,2,119.50400000000002,314.0,3,0,3,1
128.193567,369,564.291472,3,0.0,16,5,2,106.08640000000001,290.0,3,0,2,0
354.852254,723,566.059263,5,0.0,42,12,4,172.70400000000004,830.0,4,0,0,2
128.117492,343,566.895153,3,0.0,13,5,2,112.67200000000003,272.0,3,0,2,2
113.938245,335,567.660163,3,0.0,12,5,2,111.55200000000002,266.0,3,0,2,2
624.800929,1123,570.253385,7,0.0,77,20,6,441.8400000000002,1604.0,6,0,0,1
266.507752,488,571.393448,4,0.0,31,10,3,189.16800000000006,682.0,4,0,0,1
131.32503,419,572.345204,3,0.0,18,5,2,126.67200000000003,302.0,3,0,2,0
123.792854,300,573.018124,3,0.0,13,5,2,103.1968,272.0,3,0,0,1
114.964289,379,573.878248,3,0.0,17,5,2,156.35200000000003,296.0,3,0,2,0
111.349508,283,574.508482,3,0.0,8,5,2,112.67200000000003,242.0,3,0,0,0
472.868836,701,576.098109,6,0.0,41,16,5,193.848,1041.0,5,0,0,0
119.259124,288,576.751386,3,0.0,10,5,2,112.11200000000002,254.0,3,0,0,1
139.077933,405,577.678306,3,0.0,18,5,2,116.25600000000001,302.0,3,0,2,1
152.884505,422,578.651119,3,0.0,17,5,2,101.69600000000001,371.0,3,0,3,0
122.873432,326,579.399263,3,0.0,10,5,2,101.97600000000001,254.0,3,0,0,1
138.845242,465,580.46072,3,0.0,19,5,2,127.23200000000001,308.0,3,0,2,1
137.801669,338,581.202675,3,0.0,14,5,2,116.25600000000001,278.0,3,0,3,1
134.441731,409,582.153125,3,0.0,17,5,2,131.43200000000002,371.0,3,0,0,0
135.630132,412,583.135294,3,0.0,17,5,2,105.50400000000002,296.0,3,0,2,1
385.904934,612,584.555846,5,0.0,36,15,4,168.112,884.0,4,0,0,1
392.638886,633,586.032276,5,0.0,36,15,4,125.99999999999999,884.0,4,0,0,2
140.322704,379,586.917817,3,0.0,16,5,2,123.64800000000002,290.0,3,0,3,0
122.515943,466,588.001564,3,0.0,20,5,2,131.04000000000002,314.0,3,0,2,0
135.782721,291,588.652442,3,0.0,10,5,2,115.13600000000002,254.0,3,0,2,0
236.129511,487,589.767232,4,0.0,23,8,3,122.08000000000003,574.0,4,1,0,2
239.360875,467,590.900921,4,0.0,20,8,3,130.704,556.0,4,1,0,1
750.737145,1106,593.424643,8,0.0,86,25,7,375.40000000000015,1830.0,6,0,0,1
196.229179,937,595.792968,3,0.0,48,5,2,207.20000000000005,632.0,4,0,2,0
228.285313,521,597.023607,4,0.0,21,7,3,141.2096,532.0,4,1,0,2
139.699921,420,597.993902,3,0.0,18,5,2,108.52800000000002,302.0,3,0,2,1
246.148868,637,599.578325,4,0.0,29,8,3,175.16800000000006,610.0,4,1,0,2
369.309843,592,600.960418,5,0.0,38,14,4,191.40800000000004,866.0,4,0,0,3
138.149991,372,601.796198,3,0.0,15,5,2,127.23200000000001,359.0,3,0,2,2
243.239901,705,603.764907,4,0.0,35,7,3,197.12000000000006,691.0,4,1,0,1
511.747804,993,606.193481,6,0.0,58,16,5,201.88,1143.0,5,0,2,1
122.581404,255,606.742229,3,0.0,11,5,2,105.52640000000001,260.0,3,0,2,0
265.740755,623,608.186435,4,0.0,33,9,3,185.58400000000006,664.0,4,1,0,2
138.285391,419,617.138204,3,0.0,19,5,2,134.68,308.0,3,0,2,1
128.9789,387,618.030424,3,0.0,17,5,2,101.92000000000002,296.0,3,0,2,2
124.029279,295,618.675157,3,0.0,10,5,2,115.69600000000003,254.0,3,0,2,1
128.286872,315,619.340543,3,0.0,14,5,2,127.23200000000001,278.0,3,0,2,0
123.427698,299,619.969063,3,0.0,13,5,2,108.52800000000002,272.0,3,0,3,1
350.405735,859,621.93013,5,0.0,46,12,4,236.5440000000001,854.0,4,0,0,2
157.184506,612,623.364057,3,0.0,31,5,2,222.88000000000002,455.0,3,0,2,1
153.780512,507,624.536778,3,0.0,27,5,2,122.93120000000002,431.0,3,1,2,1
125.27896,328,625.268682,3,0.0,16,5,2,178.92000000000002,365.0,3,0,0,0
130.51926,438,626.312369,3,0.0,21,5,2,101.13600000000002,320.0,3,0,3,0
365.750802,683,627.933666,5,0.0,43,13,4,203.40319999999994,866.0,4,0,0,1
129.507535,281,628.560848,3,0.0,12,5,2,109.08800000000002,266.0,3,0,0,1
286.773944,904,630.785335,4,0.0,51,8,3,254.13920000000007,892.0,4,0,0,2
124.187852,325,631.516073,3,0.0,11,5,2,101.69600000000001,260.0,3,0,0,1
132.665844,368,632.345953,3,0.0,16,5,2,109.08800000000002,290.0,3,0,0,1
159.913126,564,633.654678,3,0.0,25,5,2,107.53120000000001,344.0,3,1,2,0
129.888196,299,634.355479,3,0.0,11,5,2,101.69600000000001,260.0,3,0,0,2
656.218842,1076,636.855139,7,0.0,88,21,6,305.2000000000001,1625.0,6,0,0,1
112.720965,308,637.555869,3,0.0,12,5,2,123.64800000000002,266.0,3,0,2,0
376.668755,692,639.205081,5,0.0,44,14,4,191.96800000000002,902.0,5,1,0,2
499.064448,1075,641.714057,6,0.0,73,16,5,289.58400000000006,1233.0,5,0,2,0
148.638501,447,642.720303,3,0.0,18,5,2,112.67200000000003,302.0,3,0,0,1
66.8399,239,643.251208,2,0.0,10,4,1,124.48800000000001,277.0,3,0,0,1
167.097141,685,644.768362,3,0.0,32,5,2,103.3872,386.0,3,1,0,0
143.918602,632,646.237934,3,0.0,24,5,2,130.0432,338.0,3,1,0,2
383.942974,1159,648.907754,5,0.0,64,11,4,265.99608,1082.0,5,1,0,2
149.521706,451,650.026457,3,0.0,20,5,2,116.48000000000002,314.0,3,0,2,1
392.109267,747,651.819552,5,0.0,54,13,4,212.63200000000006,1082.0,5,0,0,0
174.536318,668,653.426886,3,0.0,30,5,2,105.50400000000002,449.0,3,1,0,1
757.004749,1040,655.885428,8,0.0,76,25,7,189.84000000000003,1695.0,6,0,0,2
467.259915,744,657.643751,6,0.0,53,16,5,200.144,1038.0,5,0,0,1
125.665628,265,658.264111,3,0.0,8,5,2,112.11200000000002,242.0,3,0,3,0
129.392081,405,659.227184,3,0.0,18,5,2,127.23200000000001,302.0,3,0,2,0
1801.133332,2411,665.002902,15,0.0,268,49,14,378.3759999999999,4056.0,9,0,2,5
529.812673,1209,667.816886,6,0.0,93,16,5,132.1936,1278.0,5,0,0,1
125.495013,245,668.375682,3,0.0,8,5,2,102.53600000000002,242.0,3,0,0,1
386.751612,846,670.407053,5,0.0,51,13,4,176.84800000000007,989.0,5,0,0,2
135.605492,391,671.333188,3,0.0,15,5,2,107.71488000000002,284.0,3,1,3,1
318.27716,1017,673.870105,4,0.0,86,9,3,182.33600000000004,982.0,5,0,0,1
127.536626,385,674.738121,3,0.0,15,5,2,104.72000000000003,284.0,3,0,2,0
612.396483,891,684.614986,7,0.0,58,19,6,183.70800000000003,1460.0,6,0,0,2
117.482819,285,685.217012,3,0.0,11,5,2,130.81600000000003,260.0,3,0,0,2
479.084692,804,687.036826,6,0.0,47,16,5,197.99200000000002,1002.0,5,0,2,1
156.986845,600,688.39614,3,0.0,28,5,2,212.03840000000002,437.0,3,1,0,1
494.515362,745,690.055303,6,0.0,49,16,5,184.048,1164.0,5,0,0,1
1446.48702,2508,696.098907,12,0.0,353,38,11,782.1920000000005,4115.0,9,0,0,3
295.197888,778,697.898859,4,0.0,46,9,3,135.52000000000004,817.0,4,0,0,1
1049.229435,1523,701.895238,10,0.0,131,31,9,222.128,2379.0,7,1,0,3
139.508652,380,702.917166,3,0.0,16,5,2,105.50400000000002,290.0,3,0,2,1
494.344519,868,705.010048,6,0.0,60,16,5,187.61200000000002,1080.0,5,0,0,1
123.833989,368,705.882315,3,0.0,14,5,2,112.67200000000003,278.0,3,0,3,0
305.701359,901,708.100527,4,0.0,71,9,3,175.16800000000006,892.0,4,0,0,3
180.26466,769,710.090027,3,0.0,37,5,2,116.09920000000002,491.0,3,2,2,1
123.016717,227,710.584944,3,0.0,8,5,2,119.84000000000002,242.0,3,0,2,0
165.087946,621,712.072857,3,0.0,29,5,2,115.48320000000001,443.0,3,1,2,0
143.11755,477,713.206191,3,0.0,22,5,2,109.08800000000001,326.0,3,0,3,0
128.745883,387,714.07963,3,0.0,16,5,2,112.67200000000003,290.0,3,0,2,0
404.004377,590,715.465099,5,0.0,43,15,4,173.376,1001.0,5,0,0,2
145.736954,444,716.507841,3,0.0,20,5,2,130.81600000000003,314.0,3,0,2,1
498.456059,1088,719.12003,6,0.0,65,16,5,140.2,1110.0,5,0,0,1
498.61783,1129,721.841977,6,0.0,76,16,5,197.52000000000004,1176.0,5,0,2,1
776.839781,1172,724.728018,8,0.0,101,26,7,355.3240000000001,1875.0,6,1,0,3
138.71401,343,725.52615,3,0.0,14,5,2,130.536,353.0,3,0,0,1
361.706082,672,727.192835,5,0.0,40,12,4,120.064,893.0,4,1,0,1
119.230107,285,727.818709,3,0.0,9,5,2,108.52800000000002,248.0,3,0,2,1
503.224123,896,729.849857,6,0.0,59,16,5,229.408,1149.0,5,0,2,2
149.404415,567,731.169559,3,0.0,27,5,2,125.55200000000002,356.0,3,0,2,1
143.068471,427,732.141088,3,0.0,21,5,2,120.06400000000001,320.0,3,0,3,2
151.994703,600,733.615996,3,0.0,31,5,2,109.51360000000003,380.0,3,0,0,0
162.886916,719,735.332751,3,0.0,31,5,2,105.50400000000002,380.0,3,2,0,0
391.520777,1174,738.299424,5,0.0,82,12,4,230.91600000000005,1070.0,5,1,0,2
491.835836,753,740.059252,6,0.0,52,16,5,161.144,1107.0,5,0,2,2
117.794795,257,740.646753,3,0.0,10,5,2,105.28000000000002,254.0,3,0,3,0
779.798049,1134,755.052249,8,0.0,83,26,7,247.5200000000001,1767.0,6,1,0,2
469.578137,750,756.785972,6,0.0,58,16,5,166.768,1143.0,5,0,3,3
467.831647,657,758.24308,6,0.0,40,16,5,205.15600000000003,1110.0,5,0,0,2
135.502238,315,758.902809,3,0.0,13,5,2,116.25600000000001,272.0,3,0,0,1
132.574723,371,759.696559,3,0.0,16,5,2,105.50400000000002,290.0,3,0,2,1
258.869818,635,761.31627,4,0.0,29,8,3,157.02400000000003,685.0,4,0,0,3
204.44671,1068,763.946324,3,0.0,49,5,2,103.93488000000002,563.0,4,1,2,0
278.018433,693,765.738159,4,0.0,40,9,3,191.18400000000005,781.0,4,1,0,1
1440.009603,1600,769.617981,13,0.0,153,43,12,417.17200000000014,3217.0,8,0,0,2
270.363365,645,771.245343,4,0.0,46,8,3,123.20000000000003,787.0,4,0,0,1
147.727423,564,772.607361,3,0.0,24,5,2,104.50720000000001,338.0,3,1,3,0
468.508281,734,774.32023,6,0.0,39,16,5,161.704,954.0,5,0,0,2
269.764031,454,775.376227,4,0.0,28,10,3,169.34400000000002,664.0,4,0,0,1
641.725487,893,777.499664,7,0.0,62,21,6,247.12800000000004,1469.0,6,0,0,2
512.994812,883,779.610012,6,0.0,53,16,5,134.6,1113.0,5,0,2,0
131.188588,380,780.524599,3,0.0,15,5,2,101.69600000000003,284.0,3,0,2,0
128.975388,290,781.201141,3,0.0,10,5,2,106.12000000000002,254.0,3,0,3,2
158.111114,499,782.399415,3,0.0,26,5,2,117.09600000000002,425.0,3,0,2,0
140.430459,508,783.627618,3,0.0,23,5,2,116.25600000000003,332.0,3,0,2,0
114.929353,287,784.2696,3,0.0,11,5,2,123.64800000000002,260.0,3,0,2,1
136.724495,362,785.116119,3,0.0,15,5,2,111.55200000000002,284.0,3,0,0,1
170.754532,644,786.717079,3,0.0,33,5,2,101.69600000000001,467.0,3,0,2,0
139.381121,380,787.587815,3,0.0,16,5,2,115.69600000000003,290.0,3,0,0,1
553.621224,1265,790.597292,6,0.0,80,16,5,132.248,1350.0,5,1,2,3
850.06895,1105,793.193755,9,0.0,84,27,8,257.31999999999994,1825.0,6,0,2,3
160.588779,686,794.865025,3,0.0,28,5,2,112.67200000000003,362.0,3,1,0,0
139.208587,343,795.6619,3,0.0,17,5,2,143.24800000000002,371.0,3,0,2,1
140.193365,407,796.58734,3,0.0,20,5,2,119.84000000000003,389.0,3,0,2,1
141.096177,504,797.723566,3,0.0,21,5,2,107.85600000000002,320.0,3,0,2,0
477.926659,752,799.514359,6,0.0,46,16,5,212.55200000000002,996.0,5,0,2,2
145.97068,345,800.298207,3,0.0,14,5,2,112.11200000000002,278.0,3,0,0,2
135.31518,323,801.027496,3,0.0,14,5,2,124.54400000000001,353.0,3,0,0,1
172.523338,618,802.504525,3,0.0,30,5,2,101.69600000000001,449.0,3,0,2,0
167.252366,579,803.890479,3,0.0,23,5,2,135.24,407.0,3,1,2,0
481.295228,799,805.748275,6,0.0,55,16,5,244.92,1050.0,5,0,3,2
273.919577,760,807.555712,4,0.0,42,8,3,148.00800000000004,763.0,4,0,0,1
140.347713,424,808.444053,3,0.0,19,5,2,105.50400000000002,308.0,3,0,3,2
118.667994,312,809.09708,3,0.0,12,5,2,101.92000000000002,266.0,3,0,3,1
471.61307,802,810.962996,6,0.0,56,16,5,200.68,1056.0,5,0,2,3
765.376396,1079,813.499193,8,0.0,84,26,7,296.1560000000001,1773.0,6,0,0,2
526.232314,1639,832.028225,5,0.0,141,14,4,117.48799999999999,1634.0,6,0,0,3
936.073087,1660,836.177588,9,0.0,149,27,8,402.20400000000006,2365.0,7,0,3,1
113.201864,348,836.963867,3,0.0,14,5,2,109.08800000000002,278.0,3,0,2,0
137.038276,421,837.936582,3,0.0,16,5,2,116.25600000000003,290.0,3,0,0,0
141.308641,486,839.123169,3,0.0,22,5,2,105.50400000000002,401.0,3,0,3,0
371.290295,1343,842.436063,4,115.0,124,8,3,79.96800000000002,1180.0,5,0,0,2
458.89946,630,843.839354,6,0.0,36,16,5,104.36,936.0,5,0,2,2
463.380861,790,845.582921,6,0.0,48,16,5,211.008,1008.0,5,0,0,3
491.00423,887,847.717964,6,0.0,54,16,5,140.76,1044.0,5,0,2,1
118.629614,353,848.528569,3,0.0,14,5,2,125.55200000000002,278.0,3,0,0,0
120.430308,282,849.159039,3,0.0,10,5,2,101.69600000000003,254.0,3,0,2,0
812.425775,1256,852.265167,8,0.0,105,26,7,323.5720000000001,2049.0,7,0,0,2
145.992575,481,853.414171,3,0.0,20,5,2,159.93600000000004,314.0,3,1,2,1
143.888644,491,854.597368,3,0.0,24,5,2,112.67200000000003,338.0,3,0,3,0
159.308881,524,855.796499,3,0.0,27,5,2,126.07840000000002,431.0,3,1,2,1
559.863313,1410,859.255796,6,0.0,90,16,5,145.888,1335.0,5,1,3,2
490.821465,903,861.469991,6,0.0,54,16,5,216.04800000000006,1119.0,5,0,2,2
260.909905,463,862.555539,4,0.0,26,9,3,130.36800000000002,622.0,4,0,0,0
128.437985,456,863.666223,3,0.0,21,5,2,116.48000000000002,320.0,3,0,3,0
404.671471,622,865.102776,5,0.0,37,15,4,137.73199999999997,965.0,5,0,0,1
475.653734,1295,868.319903,5,0.0,121,13,4,159.264,1484.0,6,0,0,2
873.912057,1212,871.046471,9,0.0,93,27,8,324.368,1879.0,6,0,2,4
471.394979,656,872.479952,6,0.0,38,16,5,158.144,1023.0,5,0,0,1
145.442148,594,873.860031,3,0.0,20,5,2,105.50400000000002,314.0,3,1,3,0
144.056398,401,874.743093,3,0.0,16,5,2,117.71200000000002,365.0,3,0,0,0
128.738741,400,875.674287,3,0.0,19,5,2,120.06400000000002,308.0,3,0,2,0
112.309701,196,876.101187,3,0.0,5,5,2,101.69600000000003,224.0,2,0,0,1
883.090101,1298,879.252908,9,0.0,111,27,8,260.752,2137.0,7,0,0,0
134.622964,274,879.872678,3,0.0,11,5,2,114.19520000000003,260.0,3,0,3,1
525.5413,1028,882.296221,6,0.0,67,16,5,212.92000000000002,1272.0,5,0,2,2
115.566991,240,882.847221,3,0.0,7,5,2,123.64800000000002,236.0,3,0,2,0
157.275218,449,883.905623,3,0.0,24,5,2,112.67200000000003,413.0,3,0,2,0
621.555691,1686,898.004058,6,0.0,135,16,5,286.2728,1755.0,6,1,0,3
159.001312,745,899.860489,3,0.0,33,5,2,125.84320000000002,392.0,3,1,2,0
576.537636,2083,905.125089,5,100.384,179,14,4,97.272,1787.0,6,0,0,1
149.677457,454,906.150861,3,0.0,18,5,2,112.67200000000003,302.0,3,0,2,0
158.077876,517,907.380948,3,0.0,22,5,2,123.64800000000002,401.0,3,0,3,0
151.811948,651,908.907942,3,0.0,24,5,2,141.63520000000003,413.0,3,1,0,0
481.582259,828,910.750261,6,0.0,44,16,5,191.52,984.0,5,0,0,1
510.208369,991,913.126215,6,0.0,70,16,5,154.96400000000003,1140.0,5,0,2,2
257.596921,548,914.377847,4,0.0,24,8,3,125.09279999999998,655.0,4,0,0,1
1049.109005,1375,917.72462,10,0.0,119,32,9,402.4968000000002,2562.0,7,1,0,2
119.087165,305,918.422686,3,0.0,12,5,2,114.1952,266.0,3,0,2,1
1123.441165,2457,924.77743,10,0.0,209,29,9,292.56,3012.0,8,0,0,2
489.908468,830,926.669086,6,0.0,55,16,5,250.376,1125.0,5,0,2,1
767.842574,1215,929.591547,8,0.0,108,25,7,304.6400000000001,1812.0,6,0,0,2
307.142055,1001,932.020773,4,0.0,60,8,3,227.93120000000005,946.0,5,1,0,1
127.956752,362,932.81586,3,0.0,12,5,2,163.8,266.0,3,0,0,1
258.593582,569,934.137108,4,0.0,31,8,3,161.95200000000006,697.0,4,0,0,0
357.709735,792,936.099505,5,0.0,43,12,4,133.252,836.0,4,1,0,2
131.738671,422,937.143249,3,0.0,16,5,2,104.72000000000003,290.0,3,0,0,0
548.903098,1557,941.087397,5,74.46999999999755,158,15,4,142.68800000000002,1691.0,6,0,0,1
134.86919,335,941.82207,3,0.0,12,5,2,136.08,341.0,3,0,3,1
555.116717,1522,945.647213,6,0.0,125,16,5,270.2080000000001,1545.0,6,0,0,1
473.808073,720,947.214864,6,0.0,39,16,5,112.424,954.0,5,0,0,1
119.503955,248,947.78503,3,0.0,8,5,2,105.28000000000002,242.0,3,0,0,1
852.216103,1182,950.596282,9,0.0,98,27,8,272.896,1909.0,6,0,0,2
150.872854,563,951.935692,3,0.0,27,5,2,101.69600000000003,356.0,3,0,2,0
470.837133,688,953.537999,6,0.0,37,16,5,159.264,942.0,5,0,0,1
1130.665528,1424,956.907013,11,0.0,116,36,10,252.67199999999997,2461.0,7,0,0,3
1075.258295,2358,969.721493,9,0.0,256,27,8,339.3600000000001,3007.0,8,0,2,3
513.91465,956,971.994015,6,0.0,55,16,5,173.656,1125.0,5,0,0,2
160.293301,510,973.223982,3,0.0,25,5,2,121.52000000000001,344.0,3,0,2,2
150.796567,500,974.397238,3,0.0,23,5,2,112.67200000000003,332.0,3,0,2,1
853.288491,1209,977.242474,9,0.0,90,27,8,181.53199999999998,1861.0,6,0,0,2
147.978032,402,978.142642,3,0.0,18,5,2,112.11200000000002,302.0,3,0,0,1
128.800239,420,979.098966,3,0.0,16,5,2,137.98400000000004,290.0,3,0,3,0
401.069527,721,980.889011,5,0.0,59,14,4,188.94400000000005,992.0,5,0,0,2
125.115383,296,981.55824,3,0.0,11,5,2,112.67200000000003,260.0,3,0,0,1
147.178464,425,982.537282,3,0.0,19,5,2,123.64800000000002,383.0,3,0,2,0
261.014007,702,984.295932,4,0.0,38,8,3,200.70400000000006,739.0,4,0,0,2
796.821135,1341,987.387527,8,0.0,119,25,7,296.6880000000001,1953.0,6,0,0,2
464.520109,681,988.958329,6,0.0,40,16,5,200.34400000000002,960.0,5,0,0,1
503.901633,789,990.782912,6,0.0,52,16,5,114.44,1032.0,5,0,3,1
269.96472,426,991.789274,4,0.0,18,10,3,118.60800000000002,604.0,4,1,0,1
130.979918,320,992.489462,3,0.0,13,5,2,101.69600000000001,272.0,3,0,2,1
176.170311,749,994.16906,3,0.0,40,5,2,190.52320000000003,509.0,3,1,2,0
243.64856,614,995.675901,4,0.0,40,7,3,183.17600000000004,721.0,4,0,0,2
275.198775,832,997.608188,4,0.0,49,8,3,143.80800000000005,730.0,4,0,0,0
263.081867,451,998.578087,4,0.0,19,10,3,128.12800000000004,610.0,4,0,0,1
139.438092,585,999.927943,3,0.0,27,5,2,176.96000000000004,356.0,3,0,0,0
141.152162,473,1001.091088,3,0.0,22,5,2,168.9632,326.0,3,0,0,1
365.153488,602,1002.420917,5,0.0,28,14,4,124.0484,806.0,4,1,0,2
274.511374,651,1003.898332,4,0.0,34,9,3,140.44800000000004,670.0,4,1,0,1
144.1547,405,1004.824179,3,0.0,18,5,2,127.23200000000003,377.0,3,0,2,1
491.024904,828,1006.734504,6,0.0,51,16,5,184.104,1101.0,5,0,2,0
473.827714,563,1008.040933,6,0.0,36,16,5,153.864,1011.0,5,0,0,1
113.970888,313,1008.747334,3,0.0,10,5,2,108.86400000000002,254.0,3,0,0,0
162.815396,561,1010.072934,3,0.0,23,5,2,133.0672,482.0,3,0,3,0
135.364876,291,1010.726248,3,0.0,12,5,2,116.25600000000001,266.0,3,0,0,0
124.335215,365,1011.582088,3,0.0,17,5,2,112.67200000000003,296.0,3,0,0,0
147.071519,400,1012.526417,3,0.0,19,5,2,178.97600000000003,383.0,3,0,0,2
122.590444,265,1013.117961,3,0.0,9,5,2,183.34400000000002,323.0,3,0,3,0
474.935717,827,1014.95653,6,0.0,50,16,5,243.23999999999998,1020.0,5,0,0,0
139.06034,338,1015.689137,3,0.0,14,5,2,112.67200000000003,278.0,3,0,0,0
137.141571,329,1016.496564,3,0.0,14,5,2,120.68000000000002,353.0,3,0,2,2
784.611569,1161,1019.328127,8,0.0,91,26,7,249.9280000000001,1890.0,6,0,0,2
159.598435,611,1020.706768,3,0.0,30,5,2,128.072,449.0,3,0,2,0
172.536904,666,1022.420352,3,0.0,30,5,2,112.67200000000003,374.0,3,0,2,0
504.728936,1147,1034.647396,6,0.0,80,16,5,252.88560000000004,1275.0,5,0,3,1
252.987587,726,1036.426172,4,0.0,44,7,3,179.59200000000004,745.0,4,0,0,2
459.977926,571,1037.729071,6,0.0,34,16,5,200.84799999999998,999.0,5,0,0,2
266.223877,829,1039.81268,4,0.0,46,8,3,186.14400000000003,712.0,4,0,0,0
151.894167,436,1040.848084,3,0.0,21,5,2,183.34400000000002,395.0,3,0,0,1
146.80092,567,1042.171042,3,0.0,26,5,2,123.64800000000002,350.0,3,0,2,0
504.697017,742,1043.939955,6,0.0,47,16,5,145.408,1152.0,5,0,0,1
367.828562,543,1045.210194,5,0.0,33,14,4,180.71200000000002,836.0,4,1,0,1
374.507213,862,1047.28736,5,0.0,60,12,4,144.144,938.0,5,0,0,4
122.104617,312,1047.97439,3,0.0,11,5,2,112.11200000000002,260.0,3,0,2,0
272.415657,576,1049.308164,4,0.0,33,9,3,125.88800000000003,664.0,4,0,0,1
125.477003,292,1049.92639,3,0.0,9,5,2,126.67200000000003,248.0,3,0,2,1
249.181236,635,1051.489115,4,0.0,32,7,3,224.67200000000005,748.0,4,0,0,1
148.589077,417,1052.46896,3,0.0,20,5,2,109.648,314.0,3,0,2,1
146.879885,367,1053.310527,3,0.0,18,5,2,104.3168,302.0,3,0,0,1
137.830716,350,1054.126045,3,0.0,15,5,2,116.48000000000002,284.0,3,0,3,2
126.475681,326,1054.893169,3,0.0,12,5,2,101.69600000000001,266.0,3,0,0,1
119.653136,269,1055.492161,3,0.0,11,5,2,116.25600000000001,260.0,3,0,0,0
141.343238,480,1056.578042,3,0.0,21,5,2,104.72000000000003,320.0,3,0,0,0
131.931165,467,1057.657441,3,0.0,20,5,2,123.64800000000002,314.0,3,0,2,0
243.634736,660,1059.231574,4,0.0,33,7,3,160.04800000000003,679.0,4,0,0,1
272.202889,687,1060.817484,4,0.0,42,9,3,207.87200000000004,718.0,4,0,0,1
351.464477,741,1062.616427,5,0.0,47,12,4,212.35200000000006,860.0,4,0,0,2
974.395061,1930,1067.504165,9,0.0,198,27,8,313.6928,2509.0,7,0,2,4
618.345463,934,1069.795203,7,0.0,83,18,6,196.0,1580.0,6,0,0,2
127.754334,397,1070.706794,3,0.0,18,5,2,116.25600000000003,302.0,3,0,2,0
260.025858,482,1071.852422,4,0.0,25,9,3,124.09600000000003,616.0,4,1,0,1
227.073768,1122,1074.564801,3,33.26566666666452,60,5,2,95.536,629.0,4,0,0,0
292.010231,611,1076.049367,4,0.0,34,10,3,148.848,700.0,4,1,0,2
523.127835,1255,1079.125146,6,0.0,90,16,5,217.504,1335.0,5,0,3,1
174.714751,701,1080.779695,3,0.0,34,5,2,105.50400000000002,473.0,3,0,2,0
405.351562,814,1082.75307,5,0.0,53,14,4,128.23999999999998,956.0,5,0,0,2
464.742909,619,1084.163029,6,0.0,38,16,5,235.12400000000002,1023.0,5,0,2,2
150.806071,520,1085.371066,3,0.0,21,5,2,115.69600000000003,395.0,3,0,0,0
142.306684,457,1086.433474,3,0.0,19,5,2,105.28000000000002,308.0,3,0,2,2
423.373475,685,1088.070396,5,0.0,50,15,4,158.06,1118.0,5,0,0,3
874.423438,1219,1091.01094,9,0.0,87,27,8,130.16,1843.0,6,0,3,2
497.174734,856,1093.051319,6,0.0,68,16,5,247.24400000000003,1278.0,5,0,2,1
148.292207,386,1103.083875,3,0.0,19,5,2,105.50400000000002,383.0,3,0,2,0
490.823254,945,1105.33883,6,0.0,55,16,5,163.63199999999998,1125.0,5,0,0,2
491.407019,898,1107.746006,6,0.0,57,16,5,249.26400000000004,1137.0,5,0,2,4
467.389718,795,1109.741726,6,0.0,57,16,5,274.46400000000006,1062.0,5,0,2,0
123.945545,420,1110.721016,3,0.0,15,5,2,116.25600000000001,284.0,3,0,0,0
146.4518,419,1111.725286,3,0.0,19,5,2,109.70400000000002,308.0,3,0,2,3
282.262394,582,1113.120783,4,0.0,36,10,3,142.46400000000003,712.0,4,0,0,1
470.925403,751,1114.776124,6,0.0,42,16,5,237.16400000000002,972.0,5,0,3,1
866.807014,1199,1117.503577,9,0.0,91,27,8,269.43199999999996,2017.0,7,0,2,2
161.179352,571,1118.80494,3,0.0,23,5,2,119.84000000000003,407.0,3,0,0,0
471.660349,756,1120.499856,6,0.0,51,16,5,163.94400000000002,1026.0,5,0,0,0
824.683367,1343,1123.768812,8,0.0,154,25,7,326.1440000000001,2163.0,7,0,0,2
146.941411,449,1124.831859,3,0.0,21,5,2,115.69600000000003,320.0,3,0,0,1
401.219599,617,1126.172818,5,0.0,39,15,4,196.67200000000005,977.0,5,0,0,2
257.15211,665,1127.713067,4,0.0,40,8,3,204.28800000000007,676.0,4,0,0,0
419.980171,815,1129.530032,5,0.0,55,15,4,125.43999999999998,998.0,5,0,0,1
886.970883,1238,1132.369524,9,0.0,98,27,8,210.44799999999995,1984.0,7,0,0,1
146.61727,455,1133.352708,3,0.0,20,5,2,112.67200000000003,314.0,3,0,2,1
514.568429,808,1135.158776,6,0.0,57,16,5,178.672,1212.0,5,0,2,2
391.382945,570,1136.47333,5,0.0,40,15,4,129.80800000000002,908.0,5,0,0,1
472.557309,921,1138.665906,6,0.0,55,16,5,245.392,1050.0,5,0,0,3
457.2824,674,1140.279332,6,0.0,36,16,5,178.168,936.0,5,0,3,3
406.652512,567,1141.647127,5,0.0,37,15,4,152.71200000000002,1040.0,5,0,0,2
441.019083,614,1143.116689,6,0.0,37,16,5,217.03200000000004,942.0,5,0,0,2
1031.145604,1262,1146.282122,10,0.0,107,32,9,307.10400000000004,2415.0,7,0,0,2
460.488722,702,1147.980875,6,0.0,40,16,5,172.904,960.0,5,0,2,2
258.722537,679,1149.630938,4,0.0,35,8,3,204.28800000000004,721.0,4,0,0,1
135.958652,360,1150.428905,3,0.0,15,5,2,120.06400000000002,284.0,3,0,2,2
463.174222,657,1151.96205,6,0.0,39,16,5,104.91999999999999,954.0,5,0,0,3
121.69739,340,1152.729942,3,0.0,13,5,2,109.08800000000002,272.0,3,0,2,1
286.578857,654,1154.24846,4,0.0,36,10,3,193.31200000000007,712.0,4,0,0,1
519.985062,1194,1156.937459,6,0.0,74,16,5,240.21200000000002,1314.0,5,0,2,1
480.506344,799,1158.682882,6,0.0,50,16,5,196.312,1020.0,5,0,2,1
140.043942,396,1159.615438,3,0.0,17,5,2,123.64800000000002,296.0,3,0,2,1
135.820042,351,1160.394284,3,0.0,15,5,2,112.67200000000003,284.0,3,0,0,2
297.595804,536,1171.000859,4,0.0,36,10,3,152.09600000000003,862.0,4,0,0,0
499.518149,928,1173.244633,6,0.0,63,16,5,176.39999999999998,1173.0,5,0,0,2
596.671297,1064,1175.858104,7,0.0,73,18,6,243.6880000000001,1370.0,5,0,0,3
473.115224,755,1177.696639,6,0.0,55,16,5,268.66400000000004,1125.0,5,0,2,1
417.252101,788,1179.523796,5,0.0,56,15,4,194.54400000000004,1004.0,5,0,0,0
539.776473,747,1181.216981,7,0.0,41,17,6,189.76000000000005,1148.0,5,1,0,2
125.589265,413,1182.142029,3,0.0,17,5,2,116.48000000000002,296.0,3,0,3,0
743.876193,927,1184.343663,8,0.0,71,26,7,335.86400000000015,1695.0,6,0,0,2
195.357989,834,1186.370995,3,0.0,34,5,2,101.69600000000001,548.0,4,0,2,0
863.718489,1146,1189.178475,9,0.0,92,27,8,264.43199999999996,1798.0,6,0,2,3
654.87727,1090,1191.656702,7,0.0,77,21,6,208.60000000000002,1559.0,6,0,0,2
386.557349,978,1193.856694,5,0.0,64,13,4,190.06400000000002,992.0,5,0,0,3
790.445726,1459,1197.296928,8,0.0,125,24,7,248.6400000000001,2034.0,7,0,0,2
149.727471,578,1198.672256,3,0.0,25,5,2,110.38608000000002,344.0,3,1,2,0
215.468432,556,1200.058514,4,0.0,24,6,3,127.90400000000002,520.0,4,1,0,0
460.745793,1050,1202.599041,5,0.0,84,15,4,225.55399999999992,1247.0,5,0,0,2
477.019787,698,1204.264708,6,0.0,44,16,5,195.192,1059.0,5,0,0,2
269.96885,506,1205.388577,4,0.0,33,10,3,192.75200000000007,694.0,4,0,0,0
458.750591,647,1206.796113,6,0.0,39,16,5,144.68,954.0,5,0,2,2
408.486594,729,1208.52711,5,0.0,54,15,4,209.32800000000006,1067.0,5,0,0,2
869.714077,1139,1211.328434,9,0.0,84,27,8,265.372,1900.0,6,0,2,2
390.909524,645,1212.898975,5,0.0,41,14,4,230.3280000000001,1034.0,5,0,0,1
121.887676,308,1213.585459,3,0.0,11,5,2,116.25600000000001,260.0,3,0,2,0
516.9479,1148,1216.240186,6,0.0,78,16,5,204.80000000000004,1263.0,5,0,2,2
352.596418,749,1218.096708,5,0.0,43,11,4,179.08800000000002,881.0,4,0,0,2
507.401226,886,1220.428953,6,0.0,60,16,5,114.44,1155.0,5,0,2,1
248.239481,705,1222.177105,4,0.0,40,7,3,175.16800000000006,721.0,4,0,0,2
152.999229,485,1223.340624,3,0.0,20,5,2,101.69600000000003,314.0,3,0,0,0
132.024901,383,1224.265515,3,0.0,17,5,2,120.43360000000001,296.0,3,0,2,1
854.553638,1174,1226.993669,9,0.0,96,27,8,324.17600000000004,1972.0,6,0,3,2
278.356663,508,1228.117901,4,0.0,28,10,3,124.54400000000003,664.0,4,1,0,0
