#{"t_start": 1787942153.421015, "env_id": "None"}
r,l,t,phase,player_health
-149.569622,1800,3.239159,1,72.0
-221.70362,1800,5.607217,3,30.0
-196.378906,1800,7.719792,2,58.0
-133.940276,1074,8.650915,1,0.0
-184.08161,1800,11.025367,2,44.0
-248.389412,1800,13.337356,2,58.0
-174.732415,1800,18.010988,2,44.0
-110.756778,464,18.945668,3,0.0
-168.244663,1057,21.670802,3,0.0
-165.633912,1800,26.535567,3,86.0
-174.497449,1800,31.422354,3,16.0
-182.483028,1800,36.363234,3,58.0
-128.111293,1800,41.407185,3,44.0
-179.347728,1800,45.704493,1,58.0
-201.166886,1800,50.814244,3,72.0
-150.655498,1800,55.250912,2,44.0
-126.007469,695,56.928738,3,0.0
-165.978507,1597,60.73115,1,0.0
-129.187854,951,62.955194,2,0.0
-102.253665,1800,67.634553,3,30.0
-103.441778,633,69.142306,3,0.0
-64.981912,1800,72.850196,1,86.0
-91.866908,1800,76.627179,1,30.0
-105.279188,805,78.452576,2,0.0
-152.299503,1410,82.056005,2,0.0
-141.577074,1800,87.10756,3,58.0
-205.29504,1515,91.395929,3,0.0
-96.322218,968,93.505166,2,0.0
-152.853545,1800,98.864992,2,30.0
-191.591221,1669,103.183204,3,0.0
-92.470591,869,105.154629,2,0.0
-127.39009,1416,108.379933,1,0.0
-154.307308,1800,113.216024,3,72.0
-105.925101,1800,140.51405,3,44.0
-96.750568,1800,145.063869,1,30.0
-146.02674,1555,149.059075,2,0.0
-97.600047,1800,154.314976,3,30.0
-165.215752,1771,159.03645,1,0.0
-115.168434,949,161.530918,2,0.0
-129.797812,1800,166.400672,1,58.0
-95.619441,1800,170.573273,1,86.0
-137.951143,1757,175.124339,2,0.0
-109.187478,1800,179.366636,1,44.0
-110.560197,1800,184.314805,1,16.0
-112.35222,1427,187.913245,1,0.0
-126.416234,1800,193.056167,2,44.0
-114.617532,1800,198.31917,2,44.0
-94.115606,770,200.081679,3,0.0
-52.868932,1800,204.30909,2,72.0
-107.108592,779,206.795882,3,0.0
-101.497564,904,208.922865,2,0.0
-89.758922,1800,213.218213,1,72.0
-99.452526,1800,218.717367,3,58.0
-95.790394,1141,221.731459,1,0.0
-113.005007,1800,227.11119,2,16.0
-101.084143,1800,232.413764,2,44.0
-88.985757,688,234.397985,3,0.0
-94.474972,924,236.786126,2,0.0
-98.878036,1800,241.964364,1,72.0
-101.947889,1800,247.525968,3,2.0
-82.158296,1800,252.232579,1,58.0
-90.690169,577,253.629845,2,0.0
-137.098589,1800,258.843404,2,30.0
-88.671675,1800,264.029534,3,58.0
-130.690553,1285,267.618595,2,0.0
-129.026767,935,270.094876,2,0.0
-109.220234,1800,301.08957,3,30.0
-81.069764,1800,305.992314,1,86.0
-121.54692,1800,311.218706,2,72.0
-133.275626,1800,316.404369,3,30.0
-92.756637,611,318.198196,3,0.0
-62.709285,1800,322.693056,1,58.0
-58.803593,1800,327.359404,2,16.0
-108.733885,1800,331.924415,2,2.0
-37.961687,1800,337.091375,4,2.0
-56.59268,1800,341.835849,1,86.0
-78.353189,1800,347.381931,2,44.0
-104.003492,1800,352.745132,3,30.0
-108.937422,1800,357.559364,3,44.0
-75.176326,1800,362.597458,3,58.0
-119.253513,1800,368.160125,3,58.0
-96.2736,1800,373.463931,3,100.0
-106.572839,1800,378.623068,2,58.0
-83.580594,1800,384.78501,1,58.0
-75.218948,1800,390.158923,3,2.0
-51.807077,1800,395.146257,1,58.0
-70.133871,1800,400.136669,3,16.0
-110.761748,1800,405.5215,2,2.0
-100.454332,1800,410.676305,1,16.0
-100.205938,1800,416.176377,3,86.0
-65.705465,1800,421.412271,3,72.0
-99.044019,1800,426.386158,1,72.0
-64.137408,1800,431.426322,2,44.0
-71.553509,1800,436.062793,1,86.0
-74.234351,1800,441.15799,3,72.0
-55.622837,1800,472.008075,1,16.0
-106.546558,1124,474.960617,2,0.0
-76.768964,1800,480.339707,2,30.0
-74.612747,1800,485.37076,2,86.0
-90.513676,1800,491.155729,3,30.0
-49.373031,1800,495.825996,1,86.0
-99.768753,1800,500.531474,2,16.0
-126.755022,1685,504.983899,1,0.0
-123.196646,1711,509.450321,1,0.0
-83.12044,1800,514.758394,2,16.0
-78.732616,664,516.509016,3,0.0
-76.437268,1800,521.901945,3,86.0
-93.060472,755,524.079224,3,0.0
-26.479052,1800,528.323827,1,58.0
-52.312342,1800,533.532258,2,72.0
-69.367271,1800,538.614083,1,86.0
-86.654768,1800,544.218277,2,16.0
-104.428683,877,547.051098,3,0.0
-84.422839,1800,552.871829,3,58.0
-93.777267,1800,558.002927,1,44.0
-82.044027,1800,563.581102,2,30.0
-98.362444,939,566.426387,2,0.0
-59.261932,1800,571.684656,3,44.0
-86.125735,1800,577.379204,2,58.0
-95.408895,814,579.826312,3,0.0
-80.195788,1800,585.404855,3,30.0
-87.238335,1800,590.472866,1,16.0
-113.623915,1445,594.606504,3,0.0
-72.700849,1800,600.555286,2,30.0
-112.752911,1681,606.209169,3,0.0
-75.174127,1800,611.940164,3,30.0
-83.623226,578,637.062185,3,0.0
-84.628137,1190,640.165115,1,0.0
-81.233802,1800,645.323639,3,44.0
-82.123109,1800,650.740226,2,30.0
-63.693767,1800,655.706388,2,72.0
-76.519912,1800,661.074096,2,16.0
-42.163503,1800,665.804208,2,72.0
-83.811872,1800,671.135972,3,16.0
-148.128447,1756,676.098933,1,0.0
-88.729854,1074,678.968824,1,0.0
-120.694843,1800,684.297554,2,16.0
-64.661815,1800,689.466291,2,44.0
-61.477665,1800,694.736017,3,58.0
-120.647905,1302,698.54835,3,0.0
-74.616805,1800,703.663657,2,58.0
-73.544301,731,705.541306,2,0.0
-75.871168,1800,710.41594,1,58.0
-106.061028,1800,716.040355,2,2.0
-84.962764,1800,722.937373,2,30.0
-98.733482,887,725.900538,2,0.0
-67.777086,1800,732.253192,2,72.0
-89.130054,882,734.856094,1,0.0
-93.558771,1129,738.421797,3,0.0
-60.149076,1800,744.438922,3,30.0
-106.651792,844,747.274202,3,0.0
-71.120359,1800,752.843677,1,30.0
-98.602274,844,755.40145,2,0.0
-97.756203,1800,760.826104,1,2.0
-118.352704,1333,764.369694,1,0.0
-79.302206,866,766.722857,2,0.0
-125.528147,1541,771.468325,2,0.0
-125.850254,1379,775.57649,1,0.0
-124.852994,1542,780.220642,2,0.0
-87.555401,1186,783.5605,1,0.0
-118.677885,1563,811.806488,2,0.0
-108.05073,1274,815.350101,1,0.0
-53.884322,1800,820.649374,1,86.0
-101.600691,821,823.450792,3,0.0
-89.684712,722,825.647793,2,0.0
-93.27391,789,827.880313,3,0.0
-110.516647,1093,831.321766,2,0.0
-75.020613,599,832.998978,2,0.0
-118.52982,1094,836.563381,2,0.0
-80.183024,682,838.532266,2,0.0
-52.344949,1800,843.375895,1,44.0
-47.889969,1800,848.729329,1,44.0
-105.305155,1196,852.667517,2,0.0
-65.603143,445,854.173129,3,0.0
-98.058737,1800,860.001923,3,44.0
-86.321239,948,862.949706,2,0.0
-96.217829,1216,866.440877,1,0.0
-91.52564,1800,871.991251,2,58.0
-110.384308,1043,875.11628,1,0.0
-92.69128,804,877.657874,2,0.0
-128.76115,1800,883.31534,1,16.0
-110.153516,1187,887.371841,3,0.0
-95.395403,1800,893.110303,3,30.0
-78.94592,889,895.718708,1,0.0
-102.768833,1800,902.028951,2,44.0
-105.512482,1670,906.88743,1,0.0
-55.846787,1800,912.384319,2,86.0
-90.096963,725,914.438156,3,0.0
-79.254918,1800,919.819,1,30.0
-148.989509,1509,924.352087,3,0.0
-138.304913,1532,928.859083,1,0.0
-111.514325,1288,932.736037,2,0.0
-106.743986,1324,936.378658,1,0.0
-91.021355,753,938.876073,2,0.0
-81.451639,729,940.87385,2,0.0
-103.876809,858,943.490142,2,0.0
-130.840011,1284,947.509794,3,0.0
-114.363611,1442,952.344074,2,0.0
-143.279032,1421,956.734458,3,0.0
-109.322627,954,959.290651,1,0.0
-81.879549,1800,988.604772,1,16.0
-83.872195,1800,993.699152,2,2.0
-97.09973,1449,997.538986,1,0.0
-73.020383,1800,1002.340791,1,30.0
-127.018384,1742,1007.34616,1,0.0
-77.144349,1800,1013.077789,2,30.0
-98.754698,1471,1017.092473,1,0.0
-97.514832,1800,1022.56262,1,44.0
-83.389005,634,1024.398376,3,0.0
-89.576654,1060,1027.336071,2,0.0
-155.136504,1334,1030.994026,1,0.0
-76.013072,508,1032.368327,3,0.0
-82.557891,1800,1037.784668,3,44.0
-134.502719,1452,1041.992685,2,0.0
-112.450507,1295,1046.006396,2,0.0
-112.733097,1399,1049.831341,2,0.0
-109.056905,1111,1053.36013,2,0.0
-99.856736,848,1055.636358,2,0.0
-85.310781,1079,1058.639844,1,0.0
-98.717676,701,1060.720076,2,0.0
-104.044833,1088,1064.012616,1,0.0
-109.370172,1052,1067.592231,3,0.0
-92.55775,493,1069.042938,3,0.0
-81.268641,839,1071.33893,2,0.0
-79.842136,635,1073.080696,3,0.0
-102.389288,1470,1077.380579,2,0.0
-113.192464,1373,1081.072258,1,0.0
-54.437739,1800,1086.422291,3,58.0
-80.817375,685,1088.593057,3,0.0
-86.11956,1449,1092.229211,1,0.0
-93.567623,1800,1097.759683,2,16.0
-105.378182,907,1100.754508,3,0.0
-81.655386,1800,1106.275505,1,16.0
-79.124369,748,1108.195825,2,0.0
-86.072312,1267,1111.438015,1,0.0
-110.908404,1800,1116.810279,2,30.0
-69.612835,1800,1121.207762,1,44.0
-65.957506,1800,1126.58039,3,2.0
-86.733175,1073,1129.668736,2,0.0
-122.575201,1533,1156.479928,3,0.0
-49.165611,1800,1161.76842,1,58.0
-88.955654,899,1164.562713,2,0.0
-79.777514,668,1166.4888,3,0.0
-64.218043,1800,1171.44893,1,16.0
-87.493557,1800,1176.904807,1,2.0
-92.109742,708,1179.09595,3,0.0
-62.809126,1800,1184.063095,1,30.0
-104.785608,1713,1189.277753,1,0.0
-107.973709,1427,1193.162079,2,0.0
-108.341064,1800,1198.556053,2,2.0
-96.859084,1047,1201.629655,2,0.0
-110.298357,1359,1204.872438,1,0.0
-131.171831,1529,1209.421014,2,0.0
-118.095538,952,1212.040751,2,0.0
-94.229837,791,1214.283686,2,0.0
-64.14039,1800,1220.266654,2,86.0
-82.273911,952,1223.435168,2,0.0
-74.002386,783,1225.654936,2,0.0
-108.496423,1662,1230.824996,3,0.0
-100.069011,1800,1235.968266,2,44.0
-63.167232,456,1237.210461,3,0.0
-69.355206,1800,1242.004791,1,30.0
-83.665026,790,1244.3513,3,0.0
-61.480705,1800,1249.000442,1,30.0
-90.150955,1800,1253.995673,3,86.0
-64.018948,1800,1258.780304,3,16.0
-63.226653,1800,1263.890281,1,30.0
-74.999901,1800,1269.361306,2,2.0
-76.060124,1800,1275.571541,1,2.0
-60.565423,1800,1282.519454,3,58.0
-82.42188,1455,1286.715702,1,0.0
-110.810299,1754,1292.355874,2,0.0
-96.998796,857,1294.974647,2,0.0
-82.217962,528,1296.62137,3,0.0
-70.025285,1800,1324.327061,2,30.0
-41.388914,1800,1329.082208,1,2.0
-79.815317,1800,1334.635058,2,30.0
-79.265808,1800,1340.078043,1,16.0
-60.214009,1800,1344.882882,1,72.0
-97.501747,1717,1349.247506,1,0.0
-87.055326,784,1351.366084,2,0.0
-113.677694,1286,1354.952737,2,0.0
-76.141743,1800,1360.102333,1,72.0
-92.516858,1134,1363.761453,3,0.0
-96.224593,841,1366.360687,2,0.0
-100.270586,1331,1370.316627,1,0.0
-103.887828,943,1373.117968,2,0.0
-79.475569,1800,1378.125491,1,30.0
-91.450631,1800,1384.302579,3,58.0
-56.221775,1800,1389.825898,1,58.0
-109.092456,1304,1393.703769,1,0.0
-112.405892,1800,1399.406538,1,30.0
-110.015623,1800,1405.101171,2,2.0
-111.14316,1765,1409.92566,1,0.0
-105.764048,962,1412.860605,2,0.0
-73.417725,641,1414.641471,3,0.0
-98.467403,1080,1417.761476,2,0.0
-92.37654,624,1419.689954,3,0.0
-89.669657,818,1421.922715,2,0.0
-114.163625,1800,1427.233941,1,44.0
-74.427192,1062,1430.083488,2,0.0
-89.600082,1159,1433.881317,2,0.0
-114.401477,1004,1436.820709,3,0.0
-112.914148,1800,1441.721966,1,30.0
-103.178859,1800,1446.685628,3,2.0
-69.483171,1800,1451.361869,2,30.0
-88.170422,1800,1456.068144,1,16.0
-72.750776,1800,1461.308732,2,30.0
-107.213542,1364,1465.048081,1,0.0
-136.549686,1754,1495.457069,2,0.0
-95.871789,1137,1498.540826,2,0.0
-66.6918,1800,1503.193713,1,30.0
-50.545104,1800,1507.778481,1,72.0
-50.716985,1800,1512.339648,2,30.0
-70.130103,1135,1515.580739,2,0.0
-82.915023,998,1518.321471,1,0.0
-87.881763,1800,1523.806421,2,44.0
-96.273331,1800,1529.624985,3,58.0
-70.857554,1800,1534.880315,3,44.0
-52.766766,1800,1539.94155,3,30.0
-105.882496,1100,1542.966884,2,0.0
-69.997887,881,1545.20956,2,0.0
-53.648464,1800,1550.201668,2,30.0
-84.117649,1800,1555.753161,2,58.0
-73.137747,1800,1561.421411,3,16.0
-108.73402,1800,1566.989819,1,0.0
-48.016201,1800,1572.078415,2,44.0
-87.557713,774,1574.104449,2,0.0
-81.188491,1800,1580.11957,2,72.0
-97.563583,1294,1584.331522,1,0.0
-75.808062,1800,1589.553795,1,30.0
-35.598289,1800,1594.716592,3,44.0
-116.623131,1714,1599.745643,2,0.0
-38.677615,1800,1605.136955,2,16.0
-70.874616,1800,1610.354555,2,44.0
-84.497881,1102,1613.565543,3,0.0
-107.267451,1560,1618.229765,1,0.0
-81.081919,1800,1623.231672,2,72.0
-62.091461,1800,1628.171329,1,2.0
-88.632294,1800,1633.703712,3,58.0
-89.908302,1307,1637.824,1,0.0
