#{"t_start": 1788027529.1706028, "env_id": "None"}
r,l,t,phase,player_health
-11.251356,1800,2.783096,2,16.0
-86.227359,582,3.410184,2,0.0
-62.464595,1800,5.650615,1,72.0
-67.89295,1056,6.726388,1,0.0
-79.799482,833,7.772407,2,0.0
-42.525561,1800,9.834357,2,16.0
-92.042234,1800,12.376184,2,44.0
-74.356848,746,13.518657,2,0.0
-50.447928,1800,17.316946,2,16.0
-79.424035,857,18.939976,2,0.0
-14.5139,1800,22.162992,1,58.0
-65.813993,1800,26.521197,2,30.0
-79.482768,1016,28.779199,2,0.0
-94.001873,1275,31.783431,2,0.0
-40.342917,1257,34.311483,1,0.0
-4.347122,1800,38.352694,3,30.0
-44.467239,1663,41.969527,1,0.0
-55.122875,460,42.838372,2,0.0
-55.153499,1800,71.425134,1,44.0
-14.79691,1800,75.05576,1,86.0
-59.990249,916,77.136308,2,0.0
-54.315668,801,78.848332,2,0.0
-62.011013,1800,83.14425,2,44.0
-48.10257,1800,87.436725,2,58.0
-29.242813,1800,91.640779,1,72.0
-66.252246,1019,93.919967,1,0.0
-81.643392,1218,96.59838,1,0.0
-46.216195,833,98.325538,2,0.0
-66.353473,506,99.326147,2,0.0
-18.869186,1800,103.365171,1,44.0
-49.057958,1028,105.640105,1,0.0
-59.396871,887,107.702904,2,0.0
-86.709818,1287,110.774969,2,0.0
-48.817406,1342,114.033798,2,0.0
-23.020784,1122,116.265015,1,0.0
-41.500348,1636,119.968417,1,0.0
-39.739286,1490,123.593234,1,0.0
-36.541423,1413,149.78263,1,0.0
11.045109,1486,152.999038,2,0.0
-34.857075,671,154.545461,2,0.0
-16.089711,548,155.81366,2,0.0
-26.629746,862,157.61766,2,0.0
-35.93577,871,159.531496,1,0.0
-49.826612,1063,162.25627,2,0.0
-45.709262,537,163.429281,2,0.0
-32.51683,1718,166.774237,1,0.0
-50.246724,1008,168.698824,1,0.0
-23.148345,994,170.707825,1,0.0
-43.999102,410,171.461324,2,0.0
-27.595479,772,173.195569,2,0.0
-56.812016,685,174.59009,2,0.0
14.903591,1173,176.823197,2,0.0
-36.0704,1150,179.639898,2,0.0
26.30026,1681,182.866202,2,0.0
-34.60822,1523,186.123259,1,0.0
-46.173155,842,188.067254,2,0.0
20.427419,1800,191.702067,1,44.0
-42.229357,622,193.057692,2,0.0
-34.751012,1064,195.231698,1,0.0
-63.87433,653,196.714149,2,0.0
-65.547134,913,198.912959,2,0.0
42.97304,1800,221.969236,1,30.0
-46.64462,1270,224.977081,1,0.0
-29.84514,789,226.546738,2,0.0
-50.120054,1108,228.947776,1,0.0
-0.652008,1336,231.702605,2,0.0
-32.880486,1556,235.047493,1,0.0
-36.746792,1162,237.72691,2,0.0
-23.010242,623,239.121493,2,0.0
-36.650755,1696,242.95981,1,0.0
36.645707,1800,246.862238,2,16.0
-46.593682,952,249.337246,2,0.0
32.369895,1484,252.334985,2,0.0
-45.272312,943,254.601314,2,0.0
-44.715263,831,256.765238,2,0.0
-59.140339,660,258.509334,2,0.0
-30.366093,476,259.683392,2,0.0
-37.791608,885,261.715158,1,0.0
-33.9855,929,263.752932,2,0.0
31.52702,1800,267.25307,1,86.0
-32.853606,1373,270.005545,1,0.0
-31.149371,1060,272.364988,2,0.0
-68.637077,668,274.047953,2,0.0
-42.597792,460,275.054224,2,0.0
10.089978,1800,300.518949,1,2.0
-33.888952,584,301.910064,2,0.0
-33.632123,1260,305.119699,1,0.0
-46.643513,1041,307.774061,2,0.0
-3.879778,1227,310.902056,1,0.0
-47.097545,1147,313.911027,1,0.0
-44.056713,927,316.236917,1,0.0
-46.164591,1219,319.400345,1,0.0
4.808949,1800,324.422084,1,58.0
-25.066771,1174,327.58431,1,0.0
-22.428231,1279,330.619564,1,0.0
-55.199023,455,331.808945,2,0.0
-42.923895,1017,334.183541,1,0.0
-52.030106,594,335.636358,2,0.0
-30.911378,787,337.573142,2,0.0
-45.272264,530,338.803229,2,0.0
-26.838917,594,340.26311,2,0.0
-50.093718,686,342.005449,2,0.0
53.497713,1800,346.291365,1,44.0
-45.030283,1030,348.789153,1,0.0
-58.343488,533,350.091583,2,0.0
-48.243375,718,351.788644,2,0.0
-37.21437,721,353.6233,1,0.0
-51.917435,555,354.711514,1,0.0
-39.752688,983,356.988598,1,0.0
-64.45182,703,358.945334,2,0.0
-60.084032,869,372.344484,1,0.0
-61.003735,867,374.199599,1,0.0
-31.347521,698,376.150178,2,0.0
-71.278196,543,377.551227,2,0.0
-43.93861,1416,380.949612,1,0.0
-51.800718,416,381.82784,2,0.0
-30.446082,781,383.839163,2,0.0
-21.912309,1128,386.496973,1,0.0
-33.807403,941,388.722883,2,0.0
-43.137556,421,389.850068,2,0.0
-40.891033,413,390.811619,2,0.0
-39.98924,444,391.865036,2,0.0
-42.716447,360,392.801108,2,0.0
-43.887767,992,395.236376,1,0.0
-67.125462,769,397.011623,1,0.0
-51.314041,582,398.478278,2,0.0
-34.697965,1137,401.218578,1,0.0
-50.36256,836,403.24632,2,0.0
-31.495857,454,404.386504,1,0.0
-44.41904,1184,407.232025,1,0.0
-22.179935,1259,410.053024,1,0.0
-35.893293,695,411.560164,1,0.0
-61.614052,1154,414.41224,1,0.0
-49.604801,1137,417.258869,1,0.0
-35.314157,431,418.3542,1,0.0
-7.452515,753,420.038813,1,0.0
-35.02558,816,421.919167,2,0.0
-6.71618,1800,426.23928,1,44.0
-46.928005,846,428.417043,1,0.0
2.666145,1800,444.624429,1,16.0
-17.682267,1219,447.24352,1,0.0
-30.385034,361,448.025143,2,0.0
12.256731,1800,452.073077,1,2.0
-60.821648,439,453.160802,2,0.0
-37.134335,704,454.819617,1,0.0
-48.656745,1265,457.899825,1,0.0
-34.118657,1112,460.319911,1,0.0
-56.184924,401,461.208332,1,0.0
-54.093542,551,462.465432,2,0.0
-38.342921,657,463.931442,1,0.0
-46.14113,928,465.95013,1,0.0
-39.320544,486,467.084301,2,0.0
-42.802442,607,468.585901,2,0.0
-49.809581,609,469.928653,1,0.0
-45.516626,657,471.484798,2,0.0
-45.555794,1516,474.925799,1,0.0
-40.097395,434,475.884463,2,0.0
-62.537922,824,477.93044,2,0.0
-37.757172,1049,480.337953,1,0.0
-37.38313,303,480.987847,2,0.0
-47.927907,549,482.329633,2,0.0
-46.716042,881,484.516172,2,0.0
-54.463193,625,486.146914,2,0.0
-54.604773,689,487.809443,2,0.0
-6.141852,1680,491.594268,1,0.0
-26.382488,694,493.103009,1,0.0
-49.494824,687,494.615857,1,0.0
-18.228233,789,496.488168,2,0.0
-37.869729,1449,499.682934,1,0.0
-40.006228,689,501.357987,2,0.0
-44.474984,627,516.927715,1,0.0
-53.858549,991,519.050834,1,0.0
-61.259499,654,520.514,2,0.0
-64.397978,508,521.709733,2,0.0
-46.48854,928,523.613587,1,0.0
-41.312724,554,524.874056,1,0.0
-53.663049,736,526.700931,2,0.0
-61.11296,791,528.677281,1,0.0
-42.331846,357,529.458469,2,0.0
-40.110016,570,530.821507,2,0.0
-61.3264,445,531.752338,2,0.0
-48.926094,976,533.950842,1,0.0
-65.729078,847,536.046925,2,0.0
-41.097017,1178,538.593982,1,0.0
-60.302226,759,540.318744,1,0.0
-25.429987,1346,543.206877,1,0.0
88.450221,1800,546.946291,2,100.0
-58.510874,394,547.872234,2,0.0
58.392633,1800,551.515308,2,72.0
-47.915779,545,552.548442,1,0.0
-55.213618,425,553.506738,2,0.0
-21.521875,626,554.876967,1,0.0
-55.996064,1055,557.05158,1,0.0
-62.351052,611,558.450763,2,0.0
-47.592386,563,559.634294,1,0.0
-62.81921,485,560.798697,2,0.0
-32.338626,1359,564.183103,1,0.0
-67.047784,644,565.749164,2,0.0
-53.812219,535,566.682707,1,0.0
15.640961,1800,570.744266,1,2.0
-56.475391,710,587.975033,1,0.0
-41.464667,1045,590.52006,1,0.0
-73.249809,573,591.966187,2,0.0
-49.325125,1027,594.347331,1,0.0
-46.905386,466,595.497438,2,0.0
-45.501876,1761,599.484625,1,0.0
33.372186,1800,603.434817,1,16.0
-75.791833,614,604.858564,2,0.0
-31.786957,574,606.184552,1,0.0
-40.932429,680,607.836436,2,0.0
-39.520459,634,609.349543,2,0.0
-53.484848,503,610.557136,2,0.0
-51.685556,915,612.604973,1,0.0
-48.660734,568,613.998668,2,0.0
-47.324314,490,615.158885,1,0.0
-103.078232,1341,618.310075,1,0.0
77.697242,1800,621.950595,2,86.0
-32.457751,503,623.108632,2,0.0
-51.892217,486,624.202779,1,0.0
-52.021782,615,625.528107,1,0.0
-55.673391,828,627.520111,1,0.0
-46.152873,575,628.940274,2,0.0
-43.588454,393,629.800917,2,0.0
-43.849016,399,630.707778,2,0.0
-54.134626,419,631.712078,2,0.0
-63.098189,927,633.860235,1,0.0
-46.709596,452,634.935136,2,0.0
-54.171649,705,636.649485,2,0.0
-47.078198,495,637.933756,1,0.0
-24.626546,1119,640.372671,1,0.0
-73.198237,1008,642.811741,1,0.0
-78.45571,998,655.580306,1,0.0
-75.23039,691,657.310716,1,0.0
-25.41968,1279,659.958008,1,0.0
-66.302338,627,661.582797,2,0.0
-42.547035,631,662.967886,1,0.0
-72.228703,1172,666.093338,2,0.0
-7.708428,1800,670.56142,1,30.0
-54.521017,344,671.356025,2,0.0
-73.413798,1248,674.192414,1,0.0
-55.997553,659,675.736316,1,0.0
-56.879275,447,676.914801,2,0.0
-79.745823,759,678.937645,2,0.0
-53.215971,435,679.955512,2,0.0
-69.985284,1013,682.565066,2,0.0
-58.4837,930,684.67789,1,0.0
-69.509243,654,686.1978,1,0.0
-69.155296,649,687.653436,2,0.0
-52.654103,414,688.560219,2,0.0
-68.490506,955,690.886442,1,0.0
-51.183641,753,692.629722,1,0.0
-44.079795,607,694.067501,2,0.0
-58.024709,760,695.983513,1,0.0
-80.214573,816,697.779279,1,0.0
-51.570504,522,699.117216,2,0.0
-52.912888,416,700.142258,2,0.0
-42.940768,438,701.249561,2,0.0
-39.693216,435,702.49861,2,0.0
-45.1311,400,703.426297,1,0.0
-72.415636,762,705.108511,1,0.0
-39.727455,1800,709.846183,1,2.0
-73.524536,681,711.416468,2,0.0
-58.390871,1709,730.915689,1,0.0
-69.800854,700,732.677047,2,0.0
-73.039277,764,734.494614,2,0.0
-71.147561,1028,737.130444,2,0.0
-73.665564,1343,740.184944,1,0.0
-65.078788,1381,743.499719,1,0.0
-27.520735,1197,746.287818,1,0.0
-61.716359,1017,748.768217,1,0.0
-55.843262,573,750.197598,2,0.0
-66.865221,1075,752.934367,1,0.0
-23.996529,1800,757.090262,1,2.0
-60.564088,1140,759.841453,1,0.0
-76.781711,1019,762.453036,1,0.0
-41.010775,1155,765.107398,2,0.0
-85.472134,1255,768.203923,1,0.0
-53.77916,1150,771.091712,1,0.0
-54.832687,1125,773.745276,1,0.0
-50.537169,793,775.676797,2,0.0
-65.470286,665,777.28551,2,0.0
-40.161594,902,779.469443,1,0.0
21.464967,1800,783.557584,1,30.0
-28.481854,1194,786.416415,1,0.0
-49.975853,485,787.625183,2,0.0
2.850247,1481,809.3577,1,0.0
-43.305027,743,811.22966,1,0.0
-59.261332,747,812.920044,1,0.0
61.27861,1800,816.970225,1,72.0
-66.246151,885,819.054133,1,0.0
16.698964,1800,823.030236,2,30.0
-62.534457,739,824.83992,2,0.0
-83.479245,1141,827.662501,1,0.0
-61.263322,710,829.333187,2,0.0
-45.057168,659,830.93007,2,0.0
-55.651262,609,832.3908,2,0.0
-46.182316,961,834.667562,1,0.0
-65.331512,702,836.223265,1,0.0
-44.989251,487,837.453368,2,0.0
-7.960051,1800,841.466272,1,16.0
-17.549933,436,842.516893,2,0.0
-84.041713,1202,845.45137,1,0.0
-56.521187,980,847.849343,2,0.0
-52.757246,1114,850.682532,1,0.0
-17.13236,1199,853.644493,1,0.0
-34.690914,823,855.535648,1,0.0
-46.83093,502,856.706939,2,0.0
-45.34986,620,858.185381,1,0.0
-49.986974,715,859.880358,2,0.0
-61.234106,1380,863.514162,2,0.0
-41.194873,1008,865.749494,1,0.0
-57.827391,516,866.974824,2,0.0
-48.848457,386,867.840235,2,0.0
