#{"t_start": 1788160732.2229624, "env_id": "None"}
r,l,t,phase,player_health,episode_enemies_destroyed,episode_spawners_destroyed,episode_phases_advanced,episode_damage_taken,episode_xp_earned,episode_max_level,active_minibosses,active_boss_hazards,drone_level
-39.149121,217,3.520722,1,0.0,1,0,0,112.0,8.0,1,0,0,0
-39.775136,190,4.454205,1,0.0,0,0,0,112.0,0.0,1,0,0,0
-40.099294,226,5.541239,1,0.0,0,0,0,112.0,0.0,1,0,0,0
-39.077358,272,6.905394,1,0.0,0,0,0,112.0,0.0,1,0,0,0
-39.057041,158,7.624085,1,0.0,0,0,0,112.0,0.0,1,0,0,0
-39.276543,196,8.500965,1,0.0,1,0,0,112.0,8.0,1,0,0,0
-35.93694,171,9.249782,1,0.0,2,0,0,112.0,16.0,1,0,0,0
-38.132665,173,9.995346,1,0.0,1,0,0,112.0,8.0,1,0,0,0
-38.60539,117,10.508113,1,0.0,0,0,0,112.0,0.0,1,0,0,0
-39.257309,163,11.270449,1,0.0,0,0,0,112.0,0.0,1,0,0,0
-39.809323,165,12.058018,1,0.0,0,0,0,112.0,0.0,1,0,0,0
-40.12392,251,13.205927,1,0.0,0,0,0,112.0,0.0,1,0,0,0
-39.29017,177,13.989347,1,0.0,0,0,0,112.0,0.0,1,0,0,0
-38.408448,101,14.369543,1,0.0,0,0,0,112.0,0.0,1,0,0,0
-24.952877,216,15.255829,1,0.0,0,1,0,112.0,35.0,1,0,0,0
-39.723839,136,15.828816,1,0.0,0,0,0,112.0,0.0,1,0,0,0
-40.90091,204,16.687388,1,0.0,0,0,0,112.0,0.0,1,0,0,0
-38.748934,184,17.444787,1,0.0,1,0,0,112.0,8.0,1,0,0,0
-39.975041,269,18.686141,1,0.0,0,0,0,112.0,0.0,1,0,0,0
-37.022792,119,19.155822,1,0.0,0,0,0,112.0,0.0,1,0,0,0
-40.113649,223,20.116771,1,0.0,0,0,0,112.0,0.0,1,0,0,0
-39.082949,157,20.788216,1,0.0,0,0,0,112.0,0.0,1,0,0,0
-39.435421,109,21.214838,1,0.0,0,0,0,112.0,0.0,1,0,0,0
-40.147269,251,22.335777,1,0.0,0,0,0,112.0,0.0,1,0,0,0
-39.704444,163,23.024682,1,0.0,0,0,0,112.0,0.0,1,0,0,0
-37.195124,90,23.425302,1,0.0,0,0,0,112.0,0.0,1,0,0,0
-37.128823,107,23.86797,1,0.0,0,0,0,112.0,0.0,1,0,0,0
-39.185763,117,24.293972,1,0.0,0,0,0,112.0,0.0,1,0,0,0
-22.668136,196,25.452623,1,0.0,1,1,0,112.0,43.0,1,0,0,0
43.311698,249,27.158723,2,0.0,4,3,1,101.92,162.0,2,1,0,1
100.174292,352,29.686218,3,0.0,1,5,2,103.08800000000002,233.0,3,0,2,0
109.164446,329,31.817984,3,0.0,7,5,2,127.53600000000003,371.0,3,0,0,0
101.161707,408,34.509406,3,0.0,5,5,2,137.39200000000002,265.0,3,0,3,1
42.130401,198,35.818073,2,0.0,3,3,1,101.92,154.0,2,0,0,1
61.114576,245,37.484951,2,0.0,8,4,1,100.80000000000001,229.0,3,0,0,2
-24.682299,76,37.973525,1,0.0,0,1,0,112.0,35.0,1,0,0,0
38.856213,252,39.588012,2,0.0,0,3,1,100.24000000000001,130.0,2,0,0,0
44.91525,230,41.0621,2,0.0,5,3,1,100.24000000000001,170.0,2,0,0,0
104.162987,322,43.249696,3,0.0,7,5,2,177.52000000000004,281.0,3,0,0,1
109.20069,302,45.256697,3,0.0,11,5,2,168.192,313.0,3,0,3,1
108.759482,294,47.094681,3,0.0,4,5,2,109.95200000000001,257.0,3,0,0,1
124.583323,390,49.620069,3,0.0,10,5,2,109.39200000000002,305.0,3,1,3,2
61.626606,276,51.405913,2,0.0,7,4,1,100.80000000000001,221.0,3,0,0,1
-23.42693,90,51.958699,1,0.0,0,1,0,112.0,35.0,1,0,0,0
122.311948,317,54.001849,3,0.0,10,5,2,106.5344,305.0,3,1,0,1
40.288154,195,55.206073,2,0.0,1,3,1,100.24000000000001,138.0,2,0,0,0
26.725057,214,56.55849,2,0.0,4,2,1,109.36800000000001,127.0,2,1,0,1
58.161674,257,58.208973,2,0.0,7,4,1,113.68,221.0,3,0,0,1
39.586359,227,59.68367,2,0.0,2,3,1,100.24000000000001,146.0,2,1,0,0
-20.865881,162,60.678265,1,0.0,1,1,0,112.0,43.0,1,0,0,0
111.716069,259,62.323594,3,0.0,5,5,2,105.24800000000002,265.0,3,0,2,1
-24.197241,83,62.836915,1,0.0,0,1,0,112.0,35.0,1,0,0,0
116.019078,429,65.172519,3,0.0,10,5,2,112.97600000000003,305.0,3,0,2,1
101.186812,352,66.078903,3,0.0,7,5,2,184.09600000000003,281.0,3,0,2,1
22.653978,200,67.172504,2,0.0,0,2,1,114.24000000000001,95.0,2,1,0,0
102.608187,294,69.038062,3,0.0,5,5,2,104.72000000000003,265.0,3,0,0,1
57.415729,265,70.924961,2,0.0,4,4,1,101.36000000000001,197.0,2,1,0,0
58.384607,236,72.464425,2,0.0,6,4,1,109.92800000000001,213.0,3,1,0,2
96.175058,385,74.971372,3,0.0,1,5,2,160.52,233.0,3,0,2,0
54.496217,212,76.304616,2,0.0,3,4,1,101.92,189.0,2,0,0,0
52.372012,191,77.515006,2,0.0,2,4,1,128.8,181.0,2,1,0,1
104.663363,449,80.444675,3,0.0,2,5,2,103.64800000000001,241.0,3,0,0,0
96.087099,414,83.11808,3,0.0,2,5,2,164.83200000000002,241.0,3,0,3,0
113.56173,365,85.523441,3,0.0,9,5,2,109.39200000000002,297.0,3,0,2,1
37.565191,185,86.635027,2,0.0,2,3,1,116.256,146.0,2,1,0,0
55.101542,203,87.890316,2,0.0,3,4,1,106.624,189.0,2,0,0,1
106.596126,388,90.337057,3,0.0,10,5,2,164.35200000000003,305.0,3,0,2,1
56.936048,293,92.148444,2,0.0,2,4,1,101.36000000000001,181.0,2,0,0,1
47.491136,263,93.865492,2,0.0,1,4,1,157.92000000000002,173.0,2,0,0,0
58.424337,284,95.587889,2,0.0,3,4,1,101.36000000000001,189.0,2,0,0,0
40.735694,194,96.790514,2,0.0,4,3,1,117.376,162.0,2,1,0,1
-22.649204,99,97.409856,1,0.0,1,1,0,112.0,43.0,1,0,0,0
93.974874,345,99.58013,3,0.0,1,5,2,167.104,233.0,3,0,2,0
29.86978,142,100.406976,2,0.0,2,2,1,110.824,111.0,2,1,0,0
37.644107,150,101.331599,2,0.0,1,3,1,107.688,138.0,2,1,0,1
23.217485,98,101.908093,2,0.0,0,2,1,115.696,95.0,2,1,0,1
-22.02169,94,102.406961,1,0.0,1,1,0,112.0,43.0,1,0,0,0
98.635293,269,104.143192,3,0.0,2,5,2,116.25600000000001,241.0,3,0,0,0
118.522211,342,106.332254,3,0.0,10,5,2,107.23200000000001,305.0,3,0,0,1
67.386217,278,108.112787,2,0.0,6,4,1,115.92000000000002,303.0,3,0,0,0
38.44794,189,109.335041,2,0.0,2,3,1,113.12,146.0,2,1,0,0
40.458028,299,111.234535,2,0.0,3,3,1,128.8,154.0,2,0,0,0
107.315408,412,113.955011,3,0.0,6,5,2,158.36,273.0,3,0,3,0
111.336669,378,116.334904,3,0.0,13,5,2,166.54400000000004,329.0,3,0,2,1
102.827093,253,117.856926,3,0.0,2,5,2,102.22400000000002,241.0,3,0,2,1
57.846791,249,119.4177,2,0.0,5,4,1,101.36000000000001,205.0,3,0,0,1
57.385014,282,121.154429,2,0.0,4,4,1,108.248,197.0,2,1,0,0
21.508986,212,122.448631,2,0.0,0,2,1,108.248,95.0,2,1,0,0
89.226562,356,124.744388,3,0.0,3,5,2,217.88800000000003,249.0,3,0,0,0
38.340575,287,126.569635,2,0.0,3,3,1,114.24000000000001,154.0,2,0,0,0
54.482655,184,127.729597,2,0.0,3,4,1,101.36000000000001,189.0,2,1,0,1
54.90979,247,129.260088,2,0.0,2,4,1,100.80000000000001,181.0,2,0,0,0
112.59935,399,131.825098,3,0.0,7,5,2,180.54400000000004,281.0,3,1,2,1
105.148818,325,133.765103,3,0.0,4,5,2,112.97600000000003,257.0,3,0,0,0
15.993085,335,135.936014,2,0.0,1,2,1,170.8,103.0,2,0,0,0
46.475326,343,138.101634,2,0.0,6,3,1,129.36,178.0,2,0,0,1
18.870488,229,139.480262,2,0.0,1,2,1,171.92000000000002,103.0,2,0,0,0
106.318664,312,141.321773,3,0.0,4,5,2,105.80800000000002,257.0,3,0,0,0
37.724913,149,142.174219,2,0.0,2,3,1,124.264,146.0,2,1,0,1
57.915871,238,143.582038,2,0.0,4,4,1,101.92,197.0,2,0,0,0
109.386932,366,145.790028,3,0.0,11,5,2,116.256,313.0,3,0,0,3
42.404793,202,147.026103,2,0.0,3,3,1,108.808,154.0,2,1,0,1
51.399984,166,148.008591,2,0.0,1,4,1,117.376,173.0,2,1,0,1
59.340207,288,149.757016,2,0.0,5,4,1,100.24000000000001,205.0,3,1,0,1
102.399786,370,160.123794,3,0.0,8,5,2,178.91200000000003,289.0,3,0,2,2
51.4476,285,161.35166,2,0.0,5,4,1,186.48000000000002,205.0,3,0,0,0
52.891044,264,162.053483,2,0.0,1,4,1,101.36000000000001,173.0,2,0,0,0
29.098409,210,162.585762,2,0.0,1,2,1,106.624,103.0,2,0,0,0
37.595535,121,162.883575,2,0.0,1,3,1,111.384,138.0,2,1,0,1
55.253963,224,163.452952,2,0.0,4,4,1,114.80000000000001,197.0,2,0,0,1
35.43392,262,164.177322,2,0.0,3,3,1,165.928,154.0,2,1,0,0
103.166159,464,165.450507,3,0.0,11,5,2,205.00800000000004,313.0,3,0,2,2
43.73747,226,166.067225,2,0.0,6,3,1,100.80000000000001,178.0,2,0,0,1
112.584256,341,166.947959,3,0.0,7,5,2,105.28000000000002,281.0,3,0,2,1
30.971509,198,167.505094,2,0.0,1,3,1,172.48000000000002,138.0,2,0,0,0
117.760077,416,168.700272,3,0.0,14,5,2,115.69600000000003,337.0,3,0,0,1
98.730363,259,169.383466,3,0.0,1,5,2,108.86400000000002,233.0,3,0,3,0
41.040733,206,169.924541,2,0.0,1,3,1,107.0384,138.0,2,1,0,0
97.393803,365,170.881707,3,0.0,4,5,2,162.40000000000003,257.0,3,0,2,0
55.120174,223,171.799079,2,0.0,2,4,1,101.36000000000001,181.0,2,0,0,0
59.185521,248,173.426378,2,0.0,7,4,1,102.816,221.0,3,1,0,2
34.094144,254,175.042844,2,0.0,3,3,1,171.36,154.0,2,0,0,0
105.612767,334,177.257211,3,0.0,7,5,2,109.39200000000002,281.0,3,0,0,1
41.557849,194,178.435591,2,0.0,3,3,1,100.24000000000001,154.0,2,0,0,0
101.336358,366,180.824136,3,0.0,8,5,2,190.44800000000004,289.0,3,0,2,1
34.457829,213,182.108209,2,0.0,2,3,1,172.48000000000002,146.0,2,0,0,0
104.316959,475,185.2499,3,0.0,6,5,2,123.39200000000002,273.0,3,0,0,0
103.971877,252,186.835335,3,0.0,2,5,2,101.13600000000002,241.0,3,0,0,0
21.755023,302,188.7898,2,0.0,4,2,1,171.92000000000002,127.0,2,1,0,0
99.993621,551,192.665789,3,0.0,6,5,2,183.05600000000004,273.0,3,0,2,0
93.26455,310,194.639706,3,0.0,3,5,2,165.95200000000003,249.0,3,0,0,0
113.930218,330,196.71418,3,0.0,8,5,2,105.80800000000002,289.0,3,0,2,1
39.976088,208,197.966014,2,0.0,4,3,1,116.48,162.0,2,0,0,1
-36.496005,91,198.501954,1,0.0,0,0,0,112.0,0.0,1,0,0,0
102.345248,339,200.532998,3,0.0,3,5,2,170.57600000000002,249.0,3,0,0,0
104.595546,438,203.212547,3,0.0,11,5,2,174.80000000000004,313.0,3,0,2,2
129.915969,344,205.312693,3,0.0,11,5,2,116.53600000000002,403.0,3,0,3,0
105.910738,281,206.98964,3,0.0,4,5,2,109.39200000000002,257.0,3,0,3,0
59.065237,228,208.335961,2,0.0,6,4,1,101.36000000000001,213.0,3,0,0,2
24.50726,139,209.147767,2,0.0,2,2,1,110.824,111.0,2,1,0,1
38.947253,170,210.221217,2,0.0,3,3,1,101.36000000000001,154.0,2,1,0,0
51.492567,250,211.835205,2,0.0,4,4,1,157.92000000000002,197.0,2,0,0,0
17.077292,235,213.295588,2,0.0,1,2,1,171.36,103.0,2,1,0,0
44.388338,346,215.718176,2,0.0,7,3,1,100.80000000000001,186.0,2,1,0,1
102.852139,402,218.307199,3,0.0,10,5,2,175.32800000000003,305.0,3,0,2,2
56.701723,266,219.959464,2,0.0,4,4,1,101.36000000000001,197.0,2,0,0,0
52.444837,266,221.661592,2,0.0,5,4,1,157.92000000000002,205.0,3,1,0,2
123.908656,409,224.368702,3,0.0,14,5,2,106.36800000000001,337.0,3,0,3,1
24.54508,176,225.505039,2,0.0,3,2,1,117.376,119.0,2,1,0,1
14.59594,191,226.74376,2,0.0,0,2,1,199.92000000000002,95.0,2,0,0,0
41.83713,178,227.84786,2,0.0,4,3,1,114.24000000000001,162.0,2,0,0,1
105.575786,431,230.674435,3,0.0,6,5,2,112.94400000000002,273.0,3,0,0,2
30.710273,215,232.043868,2,0.0,0,3,1,171.92000000000002,130.0,2,0,0,0
118.62135,346,234.19822,3,0.0,11,5,2,112.97600000000003,313.0,3,0,0,2
20.974167,162,235.159741,2,0.0,1,2,1,157.92000000000002,103.0,2,0,0,0
107.475871,322,237.219696,3,0.0,10,5,2,166.824,305.0,3,0,0,2
18.551181,259,238.923978,2,0.0,3,2,1,171.92000000000002,119.0,2,1,0,0
40.670778,192,240.093687,2,0.0,2,3,1,100.24000000000001,146.0,2,0,0,1
35.565604,276,241.839963,2,0.0,3,3,1,157.92000000000002,154.0,2,1,0,0
111.828641,239,243.258151,3,0.0,6,5,2,105.24800000000002,273.0,3,0,3,1
115.763045,361,245.48263,3,0.0,10,5,2,101.86880000000001,305.0,3,0,0,1
99.108851,342,247.613174,3,0.0,1,5,2,105.28000000000002,233.0,3,0,0,0
62.26154,294,249.413819,2,0.0,8,4,1,117.376,229.0,3,1,0,1
51.550689,210,250.737536,2,0.0,0,4,1,100.24000000000001,165.0,2,0,0,0
52.408252,193,251.922601,2,0.0,1,4,1,104.83200000000001,173.0,2,0,0,1
102.646352,467,255.090831,3,0.0,4,5,2,146.52,257.0,3,0,0,0
111.093175,267,256.66784,3,0.0,6,5,2,109.95200000000001,273.0,3,0,0,0
29.663944,179,257.776902,2,0.0,5,2,1,108.808,135.0,2,1,0,1
118.627026,472,260.813459,3,0.0,12,5,2,167.90400000000002,321.0,3,1,2,1
42.435879,263,262.353822,2,0.0,5,3,1,109.36800000000001,170.0,2,1,0,1
111.573958,356,263.325122,3,0.0,8,5,2,101.13600000000002,289.0,3,0,0,1
54.727169,210,263.878047,2,0.0,3,4,1,101.36000000000001,189.0,2,0,0,1
60.349466,242,264.503881,2,0.0,7,4,1,100.80000000000001,221.0,3,0,0,1
57.262272,300,265.488762,2,0.0,5,4,1,101.36000000000001,205.0,3,0,0,1
49.951835,242,267.023822,2,0.0,4,4,1,170.8,197.0,2,0,0,0
24.740155,180,268.153415,2,0.0,1,2,1,151.368,103.0,2,1,0,0
53.732658,226,269.682867,2,0.0,0,4,1,101.36000000000001,165.0,2,1,0,0
39.577068,288,271.662484,2,0.0,2,3,1,101.36000000000001,146.0,2,1,0,1
109.791566,378,274.188937,3,0.0,8,5,2,103.64800000000001,289.0,3,0,3,1
-18.496761,121,274.948561,1,0.0,4,1,0,112.0,67.0,2,0,0,0
64.764329,316,276.979925,2,0.0,9,4,1,101.92,237.0,3,0,0,1
57.356903,278,278.742611,2,0.0,4,4,1,129.36,197.0,2,0,0,0
38.243426,167,279.825746,2,0.0,1,3,1,101.92,138.0,2,0,0,0
93.381126,379,282.316022,3,0.0,2,5,2,167.17600000000002,241.0,3,0,0,0
110.21186,270,284.020814,3,0.0,7,5,2,105.24800000000002,281.0,3,0,2,2
17.212877,202,285.274304,2,0.0,1,2,1,166.824,103.0,2,1,0,0
103.041026,383,287.666225,3,0.0,7,5,2,125.04000000000002,281.0,3,0,2,1
58.034748,193,288.887087,2,0.0,6,4,1,100.80000000000001,213.0,3,1,0,1
42.147937,257,290.518594,2,0.0,4,3,1,123.92800000000001,162.0,2,1,0,0
108.950302,378,292.908569,3,0.0,7,5,2,113.53600000000002,281.0,3,0,2,0
19.096223,204,294.215331,2,0.0,3,2,1,172.816,119.0,2,1,0,0
48.738877,189,295.411897,2,0.0,4,3,1,123.92800000000001,252.0,3,0,0,1
20.992423,318,297.52719,2,0.0,7,2,1,171.36,151.0,2,0,0,0
37.91259,245,299.05175,2,0.0,3,3,1,128.24,154.0,2,0,0,1
56.629888,202,310.477225,2,0.0,4,4,1,100.24000000000001,197.0,2,0,0,1
102.799419,348,312.72941,3,0.0,4,5,2,115.13600000000002,257.0,3,0,0,0
130.561193,338,314.888717,3,0.0,11,5,2,107.23200000000001,313.0,3,0,0,1
96.266295,356,317.181823,3,0.0,3,5,2,179.47200000000004,249.0,3,0,2,1
44.726099,240,318.662848,2,0.0,4,3,1,100.80000000000001,162.0,2,0,0,0
22.773004,156,319.640932,2,0.0,1,2,1,111.384,103.0,2,1,0,1
56.905466,254,321.302205,2,0.0,4,4,1,100.24000000000001,197.0,2,0,0,1
115.994147,381,323.81814,3,0.0,5,5,2,105.24800000000002,265.0,3,1,3,0
111.972783,322,325.908633,3,0.0,10,5,2,105.504,305.0,3,0,2,2
57.775474,209,327.179952,2,0.0,4,4,1,101.36000000000001,197.0,2,0,0,0
97.693424,382,329.699059,3,0.0,4,5,2,165.472,257.0,3,0,0,0
40.389144,233,331.209802,2,0.0,4,3,1,129.36,162.0,2,0,0,1
115.620939,438,334.022311,3,0.0,9,5,2,107.96800000000002,297.0,3,0,2,1
35.317723,191,335.19702,2,0.0,0,3,1,114.80000000000001,130.0,2,0,0,0
95.222683,417,337.945652,3,0.0,7,5,2,224.19200000000004,281.0,3,0,2,1
35.084034,227,339.392033,2,0.0,3,3,1,156.8,154.0,2,1,0,0
42.386049,215,340.768744,2,0.0,5,3,1,100.80000000000001,170.0,2,0,0,1
54.118855,241,342.31162,2,0.0,2,4,1,101.36000000000001,181.0,2,0,0,0
17.933957,175,343.420581,2,0.0,1,2,1,172.25600000000003,103.0,2,1,0,0
39.943643,253,345.059554,2,0.0,4,3,1,104.83200000000001,162.0,2,1,0,1
103.518676,400,347.698148,3,0.0,5,5,2,108.52800000000002,265.0,3,0,2,1
103.554785,487,350.897742,3,0.0,12,5,2,219.13920000000002,321.0,3,0,0,1
37.952444,223,352.297518,2,0.0,3,3,1,128.8,154.0,2,1,0,0
37.331236,241,353.92066,2,0.0,3,3,1,128.24,154.0,2,1,0,0
49.183067,207,355.192657,2,0.0,2,4,1,171.36,181.0,2,0,0,0
106.485999,364,357.618094,3,0.0,6,5,2,105.80800000000002,273.0,3,0,0,1
109.162612,383,360.178436,3,0.0,12,5,2,214.64000000000004,321.0,3,0,2,1
28.141301,166,361.181049,2,0.0,4,2,1,110.824,127.0,2,1,0,1
113.366602,356,362.262935,3,0.0,10,5,2,109.39200000000002,305.0,3,0,0,0
39.760067,177,362.69607,2,0.0,1,3,1,101.92,138.0,2,0,0,0
118.577271,339,363.92223,3,0.0,12,5,2,101.69600000000001,321.0,3,0,3,1
33.290803,193,365.126413,2,0.0,1,3,1,156.24,138.0,2,0,0,0
44.739405,261,366.761843,2,0.0,5,3,1,114.80000000000001,170.0,2,0,0,1
93.857214,510,370.220573,3,0.0,2,5,2,197.05600000000004,241.0,3,0,2,0
55.578977,252,371.890186,2,0.0,4,4,1,109.36800000000001,197.0,2,1,0,1
116.095161,311,373.823235,3,0.0,5,5,2,115.13600000000002,265.0,3,0,0,1
106.508346,381,376.338925,3,0.0,7,5,2,115.69600000000003,281.0,3,0,2,2
23.362637,190,377.576552,2,0.0,1,2,1,100.24560000000001,103.0,2,1,0,1
102.494258,282,379.28181,3,0.0,5,5,2,152.51200000000003,265.0,3,0,2,1
57.304193,213,380.515041,2,0.0,5,4,1,100.80000000000001,205.0,3,0,0,0
58.264297,220,381.830485,2,0.0,6,4,1,101.36000000000001,213.0,3,0,0,2
59.608316,275,383.509021,2,0.0,7,4,1,100.24000000000001,221.0,3,0,0,1
36.068845,241,385.024813,2,0.0,2,3,1,113.68,146.0,2,1,0,0
109.132653,363,387.330004,3,0.0,12,5,2,176.448,321.0,3,0,2,2
42.964034,192,388.471627,2,0.0,5,3,1,108.248,170.0,2,1,0,1
42.679387,314,390.545467,2,0.0,4,3,1,100.24000000000001,162.0,2,1,0,0
226.362153,600,394.752881,4,0.0,16,8,3,198.01600000000005,633.0,4,1,0,1
38.296485,185,395.917468,2,0.0,1,3,1,101.36000000000001,138.0,2,0,0,0
106.818211,381,398.349971,3,0.0,7,5,2,115.66400000000002,281.0,3,0,3,1
104.076362,337,400.488025,3,0.0,7,5,2,148.92800000000003,281.0,3,0,0,1
55.537989,273,402.239483,2,0.0,4,4,1,101.36000000000001,197.0,2,1,0,1
38.103134,260,403.828112,2,0.0,2,3,1,112.56,146.0,2,0,0,0
101.048224,343,406.043836,3,0.0,7,5,2,167.104,281.0,3,0,0,1
62.067207,258,407.64545,2,0.0,6,4,1,101.36000000000001,213.0,3,0,0,0
18.440294,263,409.36244,2,0.0,1,2,1,157.92000000000002,103.0,2,1,0,0
62.793919,244,410.856617,2,0.0,8,4,1,115.92000000000002,229.0,3,0,0,1
102.758988,350,413.094427,3,0.0,5,5,2,171.21600000000004,265.0,3,0,0,2
54.733571,208,414.349619,2,0.0,2,4,1,100.80000000000001,181.0,2,0,0,1
36.161121,270,416.017326,2,0.0,3,3,1,171.36,154.0,2,0,0,0
39.556201,219,417.378733,2,0.0,3,3,1,114.80000000000001,154.0,2,0,0,1
56.759652,230,418.774023,2,0.0,4,4,1,100.24000000000001,197.0,2,0,0,1
94.829756,300,420.648819,3,0.0,2,5,2,207.95200000000003,241.0,3,0,3,0
104.331428,358,422.952049,3,0.0,6,5,2,107.5296,273.0,3,0,2,0
55.943979,209,424.271606,2,0.0,5,4,1,109.36800000000001,205.0,3,1,0,1
110.8571,308,426.190495,3,0.0,12,5,2,118.94400000000002,321.0,3,0,0,2
100.268361,512,429.778095,3,0.0,4,5,2,125.90400000000002,257.0,3,0,3,0
109.910568,290,431.708608,3,0.0,9,5,2,112.97600000000003,297.0,3,0,3,0
97.705632,381,434.129336,3,0.0,3,5,2,168.74880000000002,249.0,3,0,3,0
129.075717,520,437.760602,3,0.0,11,5,2,117.08800000000002,403.0,3,0,0,0
13.526338,316,439.890305,2,0.0,1,2,1,199.92000000000002,103.0,2,0,0,0
57.829766,209,441.218965,2,0.0,5,4,1,109.92800000000001,205.0,3,1,0,2
20.342076,240,442.814824,2,0.0,2,2,1,157.92000000000002,111.0,2,1,0,0
36.538311,295,444.84411,2,0.0,3,3,1,171.92000000000002,154.0,2,1,0,0
-22.066768,130,445.615479,1,0.0,0,1,0,112.0,35.0,1,0,0,0
119.692467,499,449.098379,3,0.0,8,5,2,100.57600000000002,289.0,3,1,0,0
108.859698,459,452.207583,3,0.0,10,5,2,173.16800000000003,305.0,3,0,2,3
109.93376,341,454.438156,3,0.0,10,5,2,116.25600000000001,305.0,3,0,0,1
44.642931,214,455.861782,2,0.0,7,3,1,114.80000000000001,186.0,2,1,0,1
104.887163,385,458.45282,3,0.0,3,5,2,152.928,249.0,3,1,2,0
57.23271,204,459.880252,2,0.0,5,4,1,101.36000000000001,205.0,3,0,0,1
111.227246,313,461.851981,3,0.0,10,5,2,106.36800000000001,305.0,3,0,2,2
100.40775,438,464.714406,3,0.0,11,5,2,233.00800000000004,313.0,3,0,2,1
60.450543,273,466.442151,2,0.0,8,4,1,101.36000000000001,229.0,3,0,0,1
119.826608,457,477.387369,3,0.0,8,5,2,109.95200000000001,289.0,3,1,2,0
27.421473,269,479.132192,2,0.0,3,2,1,101.92,119.0,2,0,0,0
25.831865,248,480.314028,2,0.0,1,2,1,100.24000000000001,103.0,2,1,0,1
57.462566,258,480.997345,2,0.0,4,4,1,100.80000000000001,197.0,2,0,0,1
26.784331,184,481.473501,2,0.0,1,2,1,102.256,103.0,2,1,0,1
37.683026,189,481.962527,2,0.0,1,3,1,114.24000000000001,138.0,2,0,0,0
112.228563,392,482.980433,3,0.0,12,5,2,152.51200000000003,321.0,3,0,2,1
104.757021,279,483.696492,3,0.0,6,5,2,126.64000000000001,273.0,3,0,2,1
108.403848,289,484.416341,3,0.0,9,5,2,127.53600000000003,297.0,3,0,3,1
128.271474,320,485.247265,3,0.0,11,5,2,117.40000000000002,403.0,3,0,0,2
119.516764,391,486.701785,3,0.0,11,5,2,105.28000000000002,313.0,3,0,3,1
59.758726,252,488.315474,2,0.0,7,4,1,115.36000000000001,221.0,3,0,0,1
42.576074,237,489.934855,2,0.0,3,3,1,114.24000000000001,154.0,2,0,0,0
107.547501,426,492.793255,3,0.0,10,5,2,150.048,305.0,3,0,0,1
18.088669,213,494.093214,2,0.0,2,2,1,199.92000000000002,111.0,2,1,0,0
129.210067,355,496.365532,3,0.0,10,5,2,104.68800000000002,305.0,3,1,2,1
107.555322,366,498.807375,3,0.0,5,5,2,115.69600000000003,265.0,3,0,3,0
20.8236,232,500.276318,2,0.0,3,2,1,170.8,119.0,2,0,0,0
27.772537,265,502.05015,2,0.0,5,2,1,116.48,135.0,2,0,0,0
94.392655,391,504.614148,3,0.0,3,5,2,211.40000000000003,249.0,3,0,2,0
19.65602,288,506.483638,2,0.0,2,2,1,156.8,111.0,2,0,0,0
42.114015,206,507.725704,2,0.0,4,3,1,102.256,162.0,2,1,0,0
22.809618,236,509.174351,2,0.0,4,2,1,171.36,127.0,2,0,0,0
107.471994,266,510.856343,3,0.0,5,5,2,106.36800000000001,265.0,3,0,0,1
17.796265,236,512.390227,2,0.0,1,2,1,165.928,103.0,2,1,0,0
109.500355,386,514.938,3,0.0,8,5,2,117.34400000000001,289.0,3,0,2,2
106.803746,331,517.014917,3,0.0,6,5,2,122.63200000000002,273.0,3,0,3,0
49.042365,312,519.094768,2,0.0,3,4,1,151.368,189.0,2,1,0,0
99.463758,368,521.223121,3,0.0,6,5,2,173.68000000000004,273.0,3,0,2,0
113.349808,513,524.708346,3,0.0,11,5,2,102.22400000000002,313.0,3,0,2,1
42.163627,578,528.920358,2,0.0,6,3,1,157.92000000000002,178.0,2,1,0,0
96.607248,322,530.965999,3,0.0,4,5,2,120.36800000000002,257.0,3,0,2,0
41.569974,209,532.214422,2,0.0,2,3,1,104.83200000000001,146.0,2,0,0,0
107.305063,445,535.169542,3,0.0,6,5,2,130.816,273.0,3,0,0,1
99.808755,285,536.937454,3,0.0,6,5,2,165.472,273.0,3,0,0,2
113.227672,273,538.63529,3,0.0,9,5,2,117.64800000000002,297.0,3,0,2,1
101.409858,263,540.285876,3,0.0,2,5,2,116.78400000000002,241.0,3,0,2,1
58.587956,211,541.615032,2,0.0,5,4,1,100.80000000000001,205.0,3,1,0,0
108.224577,379,544.039745,3,0.0,10,5,2,117.64800000000002,305.0,3,0,2,1
104.554319,412,546.737916,3,0.0,5,5,2,109.39200000000002,265.0,3,0,3,0
56.372227,229,548.146049,2,0.0,5,4,1,101.92,205.0,3,0,0,2
58.611403,242,549.627296,2,0.0,6,4,1,101.92,213.0,3,0,0,1
15.536274,323,551.832657,2,0.0,2,2,1,171.92000000000002,111.0,2,0,0,0
97.940785,378,554.242115,3,0.0,5,5,2,201.37600000000003,265.0,3,0,3,0
107.325811,360,556.436916,3,0.0,10,5,2,158.78400000000002,305.0,3,0,2,1
92.330891,355,558.720073,3,0.0,7,5,2,233.56800000000004,281.0,3,0,3,1
98.229481,348,560.884944,3,0.0,1,5,2,149.0432,233.0,3,0,0,0
42.845978,198,562.0779,2,0.0,2,3,1,101.36000000000001,146.0,2,0,0,1
38.319945,235,563.491724,2,0.0,0,3,1,100.24000000000001,130.0,2,0,0,0
56.105372,200,564.713658,2,0.0,4,4,1,114.24000000000001,197.0,2,0,0,0
106.083009,325,566.734475,3,0.0,6,5,2,120.36800000000002,273.0,3,0,2,1
27.120946,165,567.797741,2,0.0,3,2,1,103.376,119.0,2,1,0,1
99.692808,425,570.574506,3,0.0,7,5,2,181.07200000000003,281.0,3,0,2,1
113.215934,454,573.547431,3,0.0,9,5,2,100.57600000000002,297.0,3,0,0,0
42.081108,221,574.228244,2,0.0,4,3,1,100.80000000000001,162.0,2,0,0,0
57.709674,262,574.942053,2,0.0,7,4,1,109.36800000000001,221.0,3,1,0,1
44.099364,258,575.895432,2,0.0,7,3,1,101.92,186.0,2,0,0,0
103.199243,317,577.974737,3,0.0,5,5,2,146.24,265.0,3,0,0,0
107.915941,276,579.676846,3,0.0,6,5,2,107.23200000000001,273.0,3,0,2,2
109.143688,320,581.662987,3,0.0,9,5,2,174.80000000000004,297.0,3,0,2,0
47.072604,244,583.165231,2,0.0,5,3,1,100.24000000000001,170.0,2,0,0,0
95.467047,421,585.865383,3,0.0,5,5,2,209.07200000000003,265.0,3,0,2,1
24.61165,168,586.885319,2,0.0,0,2,1,100.24000000000001,95.0,2,1,0,1
42.422524,214,588.262038,2,0.0,4,3,1,109.36800000000001,162.0,2,1,0,0
110.026239,439,591.079607,3,0.0,9,5,2,100.57600000000002,297.0,3,0,2,1
102.974528,364,593.368142,3,0.0,5,5,2,115.66400000000002,265.0,3,0,2,1
99.9701,381,595.792195,3,0.0,7,5,2,196.22400000000002,281.0,3,0,0,1
55.865481,195,596.979353,2,0.0,4,4,1,101.92,197.0,2,1,0,0
40.596426,200,598.219775,2,0.0,2,3,1,100.80000000000001,146.0,2,0,0,0
108.078411,267,599.886225,3,0.0,5,5,2,106.12000000000002,265.0,3,0,2,1
58.020018,253,601.517019,2,0.0,5,4,1,101.36000000000001,205.0,3,1,0,1
110.234571,451,604.569705,3,0.0,7,5,2,109.95200000000001,281.0,3,0,0,1
111.382671,439,607.395047,3,0.0,10,5,2,177.34400000000002,395.0,3,0,3,1
118.419443,423,610.176195,3,0.0,11,5,2,103.08800000000002,313.0,3,0,0,1
53.569269,166,611.199564,2,0.0,2,4,1,101.92,181.0,2,1,0,1
112.190975,284,612.938737,3,0.0,7,5,2,105.28000000000002,281.0,3,0,0,1
39.087735,277,614.695529,2,0.0,3,3,1,121.688,154.0,2,1,0,1
113.264061,340,616.82524,3,0.0,8,5,2,131.4,379.0,3,0,2,0
105.529824,446,619.740926,3,0.0,7,5,2,114.09920000000001,281.0,3,0,2,1
56.44335,218,621.00473,2,0.0,4,4,1,100.80000000000001,197.0,2,0,0,1
122.721056,392,623.440243,3,0.0,13,5,2,125.90400000000002,329.0,3,1,2,2
57.224708,201,624.680776,2,0.0,6,4,1,101.36000000000001,213.0,3,1,0,3
23.921624,205,634.807454,2,0.0,3,2,1,100.80000000000001,119.0,2,1,0,0
115.369408,248,636.359436,3,0.0,10,5,2,101.66400000000002,305.0,3,0,0,1
47.824489,289,638.271132,2,0.0,3,4,1,187.04000000000002,189.0,2,0,0,0
95.120256,389,640.894342,3,0.0,2,5,2,178.91200000000003,241.0,3,0,2,0
37.40283,192,642.062749,2,0.0,4,3,1,171.36,162.0,2,0,0,0
114.084622,266,643.693282,3,0.0,4,5,2,112.97600000000003,257.0,3,0,2,0
58.97935,280,645.458863,2,0.0,5,4,1,114.24000000000001,205.0,3,1,0,0
102.933608,340,647.575068,3,0.0,3,5,2,103.08800000000002,249.0,3,0,3,0
97.429376,305,649.457796,3,0.0,3,5,2,167.07200000000003,249.0,3,0,3,1
39.128303,195,650.733054,2,0.0,3,3,1,111.38400000000001,154.0,2,1,0,1
54.623984,181,651.90422,2,0.0,3,4,1,101.92,189.0,2,0,0,1
103.851978,302,653.815645,3,0.0,6,5,2,108.52800000000002,273.0,3,0,2,1
92.111661,314,655.843027,3,0.0,1,5,2,175.88800000000003,233.0,3,0,0,0
103.479993,392,658.340774,3,0.0,8,5,2,170.65600000000003,289.0,3,0,2,1
126.32975,652,662.802807,3,0.0,16,5,2,111.34400000000002,353.0,3,0,2,1
57.608825,268,664.454859,2,0.0,9,4,1,145.04000000000002,237.0,3,0,0,1
59.918295,250,665.97661,2,0.0,8,4,1,115.92000000000002,229.0,3,0,0,1
57.789735,240,667.470591,2,0.0,5,4,1,100.80000000000001,205.0,3,0,0,2
23.237446,161,668.427717,2,0.0,2,2,1,110.264,111.0,2,1,0,0
52.712981,254,669.973087,2,0.0,2,4,1,114.80000000000001,181.0,2,0,0,0
101.308202,533,672.650979,3,0.0,6,5,2,114.57600000000002,273.0,3,0,3,0
39.767403,253,674.278455,2,0.0,3,3,1,113.12,154.0,2,0,0,0
19.738347,163,675.252135,2,0.0,1,2,1,157.92000000000002,103.0,2,0,0,0
54.758101,191,676.483182,2,0.0,2,4,1,109.36800000000001,181.0,2,1,0,1
39.89422,200,677.744054,2,0.0,4,3,1,116.48,162.0,2,0,0,0
19.415741,255,679.353738,2,0.0,3,2,1,171.92000000000002,119.0,2,0,0,0
44.347415,211,680.685444,2,0.0,5,3,1,109.36800000000001,170.0,2,1,0,1
107.409579,381,683.127762,3,0.0,5,5,2,113.53600000000002,265.0,3,0,0,0
57.154159,194,684.300282,2,0.0,4,4,1,100.80000000000001,197.0,2,0,0,1
57.517989,218,685.684371,2,0.0,2,4,1,101.36000000000001,181.0,2,0,0,0
23.685484,314,687.834816,2,0.0,3,2,1,101.92,119.0,2,0,0,0
109.242389,352,690.130215,3,0.0,8,5,2,148.92800000000003,289.0,3,0,3,1
55.919552,217,691.510345,2,0.0,5,4,1,101.36000000000001,205.0,3,1,0,1
21.412158,252,693.143052,2,0.0,0,2,1,100.24000000000001,95.0,2,0,0,0
101.337511,377,695.552959,3,0.0,9,5,2,181.63200000000003,297.0,3,0,3,1
22.256755,164,696.542169,2,0.0,1,2,1,110.824,103.0,2,1,0,0
62.397594,227,697.952955,2,0.0,4,4,1,117.936,287.0,3,0,0,1
90.513538,430,700.787821,3,0.0,1,5,2,230.80000000000004,233.0,3,0,0,0
35.878015,148,701.671809,2,0.0,1,3,1,114.80000000000001,138.0,2,0,0,0
56.072367,198,702.895979,2,0.0,4,4,1,109.928,197.0,2,1,0,0
51.892497,235,704.410603,2,0.0,6,4,1,181.048,213.0,3,1,0,1
110.514878,484,707.659939,3,0.0,10,5,2,100.57600000000002,305.0,3,0,3,0
108.361299,334,709.880309,3,0.0,9,5,2,108.83200000000002,297.0,3,0,2,0
50.431099,312,711.952524,2,0.0,4,4,1,164.80800000000002,197.0,2,1,0,0
119.435019,451,714.917439,3,0.0,14,5,2,125.37600000000002,337.0,3,0,3,1
127.496577,323,716.9105,3,0.0,10,5,2,115.69600000000003,305.0,3,0,0,1
99.83539,448,720.129019,3,0.0,4,5,2,114.57600000000002,257.0,3,0,3,0
15.708434,271,721.975644,2,0.0,0,2,1,171.92000000000002,95.0,2,1,0,0
123.227038,337,724.108422,3,0.0,8,5,2,117.12000000000002,289.0,3,0,3,1
100.569868,363,726.433422,3,0.0,4,5,2,105.24800000000002,257.0,3,0,2,0
107.294991,343,728.575156,3,0.0,7,5,2,108.83520000000001,281.0,3,0,2,1
101.739254,342,730.804633,3,0.0,9,5,2,179.47200000000004,297.0,3,0,2,1
53.900225,274,732.562152,2,0.0,7,4,1,157.36,221.0,3,0,0,0
104.628345,424,735.383312,3,0.0,14,5,2,209.66400000000004,337.0,3,0,0,1
96.057235,421,738.272047,3,0.0,3,5,2,173.16800000000003,249.0,3,0,2,1
124.706152,353,740.434227,3,0.0,11,5,2,100.06400000000001,313.0,3,1,2,2
102.489875,338,742.57117,3,0.0,3,5,2,114.62400000000001,249.0,3,0,2,0
37.892077,193,743.7808,2,0.0,1,3,1,101.92,138.0,2,1,0,0
111.673176,339,745.904502,3,0.0,10,5,2,114.06400000000002,305.0,3,0,2,3
117.339352,378,748.279317,3,0.0,12,5,2,107.23200000000001,321.0,3,0,0,1
52.847446,201,749.484628,2,0.0,2,4,1,101.92,181.0,2,0,0,0
24.092563,126,750.223535,2,0.0,2,2,1,110.264,111.0,2,1,0,2
56.111558,175,751.292253,2,0.0,4,4,1,100.80000000000001,197.0,2,0,0,1
46.263667,319,753.38668,2,0.0,5,3,1,101.36000000000001,170.0,2,0,0,0
44.538216,350,755.847081,2,0.0,4,3,1,101.92,162.0,2,1,0,0
67.029182,268,757.452919,2,0.0,11,4,1,101.92,253.0,3,0,0,2
108.106239,347,759.704736,3,0.0,5,5,2,112.94400000000002,265.0,3,0,2,1
39.122681,163,760.726269,2,0.0,1,3,1,100.80000000000001,138.0,2,1,0,1
15.218943,257,762.487542,2,0.0,1,2,1,179.928,103.0,2,1,0,0
60.64236,249,764.038551,2,0.0,7,4,1,100.80000000000001,221.0,3,0,0,1
113.175143,245,765.520913,3,0.0,7,5,2,101.69600000000001,281.0,3,0,0,1
42.314788,177,766.592484,2,0.0,5,3,1,100.80000000000001,170.0,2,0,0,0
100.695599,315,768.54489,3,0.0,7,5,2,167.7024,281.0,3,0,0,1
-20.35267,93,769.108572,1,0.0,2,1,0,112.0,51.0,1,0,0,0
39.22064,205,770.335386,2,0.0,1,3,1,100.24000000000001,138.0,2,0,0,0
41.206521,238,771.247479,2,0.0,2,3,1,114.80000000000001,146.0,2,0,0,0
25.884229,185,771.917963,2,0.0,3,2,1,109.92800000000001,119.0,2,1,0,1
52.776452,235,773.412611,2,0.0,1,4,1,100.24000000000001,173.0,2,0,0,0
111.640068,535,776.88758,3,0.0,11,5,2,181.93600000000004,313.0,3,0,3,1
104.167881,477,780.017393,3,0.0,8,5,2,172.25600000000003,289.0,3,0,0,1
73.447783,423,782.925493,2,0.0,11,4,1,115.36000000000001,343.0,3,0,0,2
120.928793,355,785.241226,3,0.0,12,5,2,117.08800000000002,321.0,3,1,2,1
26.284027,142,786.126793,2,0.0,2,2,1,103.376,111.0,2,1,0,1
54.272339,211,787.480642,2,0.0,4,4,1,117.376,197.0,2,1,0,1
60.795483,240,789.015133,2,0.0,9,4,1,101.92,237.0,3,0,0,2
24.661762,111,789.674969,2,0.0,0,2,1,102.256,95.0,2,1,0,1
110.466795,406,792.314473,3,0.0,8,5,2,116.78400000000002,289.0,3,0,2,1
28.50546,283,804.947523,2,0.0,4,2,1,100.80000000000001,127.0,2,1,0,0
105.021532,332,806.9506,3,0.0,11,5,2,166.51200000000003,313.0,3,0,2,1
59.072075,376,809.352933,2,0.0,8,4,1,115.36000000000001,229.0,3,1,0,1
106.732958,467,812.451166,3,0.0,8,5,2,185.77600000000004,289.0,3,0,2,1
23.818069,172,813.477312,2,0.0,2,2,1,118.832,111.0,2,1,0,0
110.327228,435,816.289785,3,0.0,9,5,2,116.53600000000002,297.0,3,0,0,1
55.759183,268,817.97473,2,0.0,2,4,1,109.92800000000001,181.0,2,1,0,0
22.289074,256,819.589548,2,0.0,1,2,1,100.24000000000001,103.0,2,0,0,0
113.310643,310,821.485415,3,0.0,10,5,2,117.12000000000002,305.0,3,0,0,1
103.945484,320,823.473544,3,0.0,5,5,2,161.888,265.0,3,0,0,1
48.541024,263,825.160846,2,0.0,3,4,1,171.92000000000002,189.0,2,0,0,0
55.351338,181,826.228697,2,0.0,4,4,1,100.80000000000001,197.0,2,0,0,1
101.069723,453,829.329638,3,0.0,5,5,2,109.39200000000002,265.0,3,0,3,0
38.839633,172,830.378473,2,0.0,2,3,1,101.36000000000001,146.0,2,1,0,0
53.215027,234,831.849331,2,0.0,0,4,1,100.80000000000001,165.0,2,0,0,0
111.35697,344,833.984728,3,0.0,10,5,2,108.86400000000002,305.0,3,0,3,0
58.329737,226,835.363157,2,0.0,5,4,1,101.92,205.0,3,0,0,1
111.022506,399,837.90755,3,0.0,10,5,2,137.95200000000003,305.0,3,0,0,1
54.090482,226,839.313328,2,0.0,3,4,1,108.808,189.0,2,1,0,1
101.883343,360,841.580261,3,0.0,5,5,2,122.83200000000002,265.0,3,0,2,0
35.803277,212,842.872437,2,0.0,1,3,1,112.56,138.0,2,0,0,0
115.200752,473,845.91923,3,0.0,12,5,2,105.80800000000002,321.0,3,0,0,1
103.681367,267,847.596953,3,0.0,3,5,2,105.504,249.0,3,0,2,1
102.557194,339,849.749742,3,0.0,4,5,2,101.69600000000001,257.0,3,0,2,0
109.993125,278,851.486994,3,0.0,8,5,2,164.35200000000003,289.0,3,1,2,2
27.266337,178,852.569056,2,0.0,1,2,1,109.36800000000001,103.0,2,1,0,1
55.876333,196,853.767529,2,0.0,4,4,1,100.80000000000001,197.0,2,1,0,2
56.853902,365,856.298302,2,0.0,5,4,1,100.80000000000001,205.0,3,1,0,0
94.410684,373,858.684712,3,0.0,2,5,2,167.07200000000003,241.0,3,0,2,0
39.42835,279,860.45004,2,0.0,1,3,1,100.80000000000001,138.0,2,1,0,0
55.369314,201,861.665729,2,0.0,4,4,1,115.92000000000002,197.0,2,0,0,0
109.139656,436,864.466481,3,0.0,7,5,2,161.28000000000003,281.0,3,0,2,1
111.066147,326,866.594447,3,0.0,5,5,2,128.62400000000002,265.0,3,1,3,1
110.581374,332,868.592158,3,0.0,5,5,2,108.86400000000002,265.0,3,0,0,1
108.331704,264,870.240042,3,0.0,5,5,2,112.11200000000002,265.0,3,0,2,1
97.692989,264,871.88017,3,0.0,3,5,2,158.92000000000002,249.0,3,0,2,0
106.354883,315,873.801192,3,0.0,4,5,2,112.11200000000002,257.0,3,0,2,1
112.520081,298,875.675311,3,0.0,6,5,2,109.08800000000001,273.0,3,0,0,1
55.671123,197,876.87307,2,0.0,2,4,1,105.728,181.0,2,0,0,0
54.937954,269,878.534559,2,0.0,2,4,1,100.80000000000001,181.0,2,0,0,0
106.317327,314,880.44856,3,0.0,6,5,2,120.3872,273.0,3,0,2,0
104.627622,502,882.77562,3,0.0,10,5,2,185.21600000000004,305.0,3,0,0,2
198.893229,314,883.598266,4,0.0,8,7,3,120.44800000000002,534.0,4,1,0,1
56.65784,200,884.126696,2,0.0,2,4,1,101.36000000000001,181.0,2,1,0,0
107.17911,314,885.032169,3,0.0,9,5,2,171.52800000000002,297.0,3,0,0,1
21.71129,203,885.606293,2,0.0,1,2,1,106.624,103.0,2,1,0,1
109.652849,319,886.4521,3,0.0,8,5,2,115.69600000000003,289.0,3,0,0,1
107.449113,317,887.31466,3,0.0,5,5,2,159.37600000000003,265.0,3,0,2,1
106.492828,414,888.457569,3,0.0,5,5,2,117.64800000000002,265.0,3,0,2,1
38.536532,126,888.789503,2,0.0,1,3,1,111.38400000000001,138.0,2,1,0,1
90.993956,375,889.819861,3,0.0,2,5,2,197.61600000000004,241.0,3,0,0,0
101.791037,258,891.121017,3,0.0,4,5,2,115.69600000000003,257.0,3,0,3,1
100.503148,500,894.469679,3,0.0,9,5,2,209.93600000000004,297.0,3,0,3,1
111.038247,821,900.386306,3,0.0,15,5,2,178.35200000000003,345.0,3,0,2,1
56.299711,214,901.757483,2,0.0,3,4,1,100.80000000000001,189.0,2,0,0,1
108.739521,342,903.907739,3,0.0,11,5,2,162.52800000000002,313.0,3,0,3,1
46.45492,353,906.252071,2,0.0,6,3,1,115.92000000000002,178.0,2,0,0,0
109.411447,425,909.060393,3,0.0,8,5,2,104.95360000000001,289.0,3,0,2,0
100.566189,373,911.723204,3,0.0,7,5,2,164.91200000000003,281.0,3,0,0,2
60.319507,225,913.170295,2,0.0,7,4,1,100.80000000000001,221.0,3,0,0,1
54.973638,187,914.330617,2,0.0,3,4,1,101.92,189.0,2,0,0,2
104.2203,381,916.777481,3,0.0,4,5,2,104.94400000000002,257.0,3,0,0,1
54.476381,214,918.071328,2,0.0,1,4,1,101.92,173.0,2,0,0,0
113.935562,465,921.223185,3,0.0,9,5,2,107.23200000000001,297.0,3,0,0,1
105.012231,251,922.828299,3,0.0,2,5,2,106.36800000000001,241.0,3,0,2,0
102.848537,350,925.072196,3,0.0,4,5,2,107.96800000000002,257.0,3,0,2,0
123.382295,336,927.227579,3,0.0,9,5,2,101.22720000000001,297.0,3,1,0,2
103.579905,475,930.532706,3,0.0,3,5,2,104.72000000000003,249.0,3,0,2,0
100.93766,253,932.088517,3,0.0,4,5,2,123.64800000000001,257.0,3,0,0,1
106.188575,541,935.858233,3,0.0,6,5,2,103.08800000000002,273.0,3,0,0,0
102.07374,461,938.826323,3,0.0,9,5,2,183.8688,297.0,3,0,2,1
116.628455,377,941.225893,3,0.0,12,5,2,160.20800000000003,321.0,3,0,2,2
126.637841,284,942.939136,3,0.0,10,5,2,108.86400000000002,305.0,3,0,0,2
117.694081,370,945.183504,3,0.0,9,5,2,170.65600000000003,297.0,3,0,2,2
37.414546,206,946.49038,2,0.0,2,3,1,128.24,146.0,2,0,0,0
106.556276,620,950.95258,3,0.0,5,5,2,121.79200000000002,265.0,3,0,2,0
111.555792,488,963.359104,3,0.0,7,5,2,116.78400000000002,281.0,3,0,2,1
110.542868,323,965.398602,3,0.0,9,5,2,121.79200000000002,297.0,3,0,3,1
116.524667,357,967.613163,3,0.0,9,5,2,117.12000000000002,297.0,3,0,0,1
37.716385,157,968.57278,2,0.0,0,3,1,102.256,130.0,2,1,0,1
102.73007,424,971.445045,3,0.0,1,5,2,100.06400000000001,233.0,3,0,2,0
57.026631,467,974.582832,2,0.0,4,4,1,101.92,197.0,2,0,0,0
42.645411,173,975.662456,2,0.0,3,3,1,116.816,154.0,2,1,0,0
41.441235,213,976.943097,2,0.0,4,3,1,101.92,162.0,2,0,0,0
125.865288,560,980.678584,3,0.0,20,5,2,116.25600000000001,385.0,3,0,2,1
129.198451,448,983.672436,3,0.0,15,5,2,110.99200000000002,345.0,3,1,2,1
37.726377,131,984.482654,2,0.0,2,3,1,116.256,146.0,2,1,0,1
120.037357,309,986.34118,3,0.0,5,5,2,104.68800000000002,265.0,3,0,2,0
39.473409,197,987.580829,2,0.0,4,3,1,114.80000000000001,162.0,2,1,0,0
56.008211,220,988.961254,2,0.0,2,4,1,100.80000000000001,181.0,2,0,0,1
116.371967,514,992.373653,3,0.0,9,5,2,113.53600000000002,297.0,3,0,2,1
23.688782,178,993.456144,2,0.0,1,2,1,101.36000000000001,103.0,2,0,0,0
108.494881,238,994.910582,3,0.0,5,5,2,108.83200000000002,265.0,3,0,0,1
109.299446,377,997.308648,3,0.0,8,5,2,176.448,289.0,3,0,3,1
106.793838,476,1000.611985,3,0.0,4,5,2,113.53600000000002,257.0,3,0,3,0
121.814751,282,1002.363386,3,0.0,5,5,2,122.83200000000002,265.0,3,0,2,0
107.215555,392,1004.889309,3,0.0,9,5,2,169.58400000000003,297.0,3,0,2,1
110.002356,412,1007.720618,3,0.0,4,5,2,114.30720000000002,257.0,3,0,0,0
56.815962,220,1009.10738,2,0.0,5,4,1,101.36000000000001,205.0,3,1,0,1
50.619338,221,1010.477013,2,0.0,1,4,1,113.68,173.0,2,0,0,0
135.142252,462,1013.514449,3,0.0,16,5,2,117.12000000000002,353.0,3,1,2,1
108.599525,373,1015.946877,3,0.0,2,5,2,107.96800000000002,241.0,3,0,3,1
106.477508,363,1018.346128,3,0.0,4,5,2,107.23200000000001,257.0,3,0,2,0
109.735134,409,1020.930875,3,0.0,11,5,2,174.80000000000004,313.0,3,0,0,3
99.130585,299,1022.834025,3,0.0,4,5,2,178.104,257.0,3,0,3,1
97.187683,333,1024.99674,3,0.0,4,5,2,169.02400000000003,257.0,3,0,2,0
102.520022,305,1026.988998,3,0.0,4,5,2,120.36800000000002,257.0,3,0,2,1
110.457904,446,1029.968184,3,0.0,8,5,2,122.52800000000002,289.0,3,0,2,2
103.572581,472,1033.266883,3,0.0,4,5,2,110.79200000000002,257.0,3,0,0,0
108.940965,311,1035.203187,3,0.0,5,5,2,114.57600000000002,265.0,3,0,3,1
55.663504,192,1036.44223,2,0.0,3,4,1,100.24000000000001,189.0,2,0,0,2
41.651306,242,1038.043644,2,0.0,4,3,1,114.80000000000001,162.0,2,0,0,0
110.188534,408,1040.953077,3,0.0,7,5,2,100.0992,281.0,3,0,0,1
116.077403,420,1043.690086,3,0.0,15,5,2,189.67200000000003,435.0,4,0,0,0
112.132945,431,1046.480677,3,0.0,7,5,2,101.696,281.0,3,0,0,0
101.786128,317,1048.578644,3,0.0,2,5,2,104.72000000000003,241.0,3,0,0,0
122.755814,296,1050.416719,3,0.0,7,5,2,118.81120000000001,281.0,3,1,2,1
64.681452,255,1052.01344,2,0.0,11,4,1,101.36000000000001,253.0,3,1,0,2
55.47324,231,1053.466582,2,0.0,2,4,1,101.92,181.0,2,0,0,0
106.262144,403,1056.145969,3,0.0,6,5,2,116.78400000000002,273.0,3,0,2,1
111.160907,289,1058.024052,3,0.0,4,5,2,101.13600000000002,257.0,3,0,3,1
99.534052,236,1059.513734,3,0.0,4,5,2,168.84,257.0,3,0,0,0
117.963006,282,1061.267328,3,0.0,6,5,2,100.57600000000002,273.0,3,0,2,0
131.00433,307,1063.169127,3,0.0,10,5,2,125.10400000000001,395.0,3,0,2,2
97.064543,556,1067.120939,3,0.0,3,5,2,152.51200000000003,249.0,3,0,0,0
98.262291,262,1068.761302,3,0.0,4,5,2,175.168,257.0,3,0,0,2
41.663187,273,1070.492212,2,0.0,3,3,1,113.68,154.0,2,0,0,0
121.146743,283,1072.32037,3,0.0,8,5,2,101.13600000000002,289.0,3,0,2,0
104.034163,366,1074.761268,3,0.0,6,5,2,127.23200000000001,273.0,3,0,0,1
55.057306,234,1076.27211,2,0.0,3,4,1,100.80000000000001,189.0,2,0,0,0
119.187725,507,1079.672983,3,0.0,17,5,2,167.63200000000003,361.0,3,0,0,1
57.532098,193,1080.916336,2,0.0,5,4,1,109.92800000000001,205.0,3,1,0,1
103.913165,272,1082.590676,3,0.0,4,5,2,105.80800000000002,257.0,3,0,0,0
59.116501,185,1083.711443,2,0.0,4,4,1,102.816,197.0,2,1,0,0
114.133535,431,1086.517305,3,0.0,8,5,2,109.39200000000002,289.0,3,0,0,1
122.536246,374,1088.836926,3,0.0,8,5,2,104.68800000000002,289.0,3,0,0,0
57.075015,218,1090.213465,2,0.0,4,4,1,100.24000000000001,197.0,2,1,0,0
108.409959,321,1092.26022,3,0.0,4,5,2,115.13600000000002,257.0,3,0,2,2
309.433107,592,1096.149528,5,0.0,14,12,4,202.72000000000006,782.0,5,1,0,1
106.005081,397,1098.746609,3,0.0,6,5,2,108.32000000000001,273.0,3,0,2,2
103.715,277,1100.435374,3,0.0,5,5,2,106.36800000000001,265.0,3,0,0,1
113.883783,360,1102.795145,3,0.0,5,5,2,106.64800000000001,265.0,3,0,2,1
106.513478,439,1105.94452,3,0.0,13,5,2,178.35200000000003,329.0,3,0,2,1
101.727238,359,1108.25739,3,0.0,4,5,2,109.39200000000002,257.0,3,0,2,0
108.929547,431,1111.008333,3,0.0,15,5,2,183.05600000000004,345.0,3,0,2,1
105.56517,337,1113.261374,3,0.0,9,5,2,157.74400000000003,297.0,3,0,2,1
102.669172,417,1116.03786,3,0.0,3,5,2,122.83200000000002,249.0,3,0,2,0
55.127758,320,1118.227602,2,0.0,4,4,1,100.80000000000001,197.0,2,0,0,0
38.600088,202,1119.493336,2,0.0,2,3,1,113.68,146.0,2,1,0,0
98.733234,371,1121.858783,3,0.0,5,5,2,160.20800000000003,265.0,3,0,0,0
30.209214,262,1123.552959,2,0.0,5,2,1,109.92800000000001,135.0,2,1,0,1
103.648265,298,1125.397364,3,0.0,4,5,2,126.97600000000003,257.0,3,0,2,1
119.073756,299,1137.813402,3,0.0,10,5,2,107.23200000000001,305.0,3,0,2,1
56.515591,206,1139.068288,2,0.0,4,4,1,100.24000000000001,197.0,2,0,0,0
54.979993,234,1140.547653,2,0.0,3,4,1,101.36000000000001,189.0,2,1,0,1
57.695441,205,1141.792154,2,0.0,3,4,1,100.80000000000001,189.0,2,0,0,0
55.329221,420,1144.71238,2,0.0,6,4,1,122.808,213.0,3,1,0,0
124.381168,295,1146.686686,3,0.0,6,5,2,108.86400000000002,273.0,3,0,0,0
102.599834,366,1149.426219,3,0.0,6,5,2,175.88800000000003,273.0,3,0,2,1
42.160074,222,1150.860602,2,0.0,2,3,1,101.92,146.0,2,0,0,0
20.382727,352,1153.23607,2,0.0,3,2,1,157.92000000000002,119.0,2,0,0,0
46.444407,329,1155.47079,2,0.0,8,3,1,101.92,194.0,2,1,0,2
101.987955,259,1157.092136,3,0.0,2,5,2,112.5376,241.0,3,0,2,0
123.511027,325,1159.343596,3,0.0,8,5,2,113.53600000000002,289.0,3,1,3,1
110.69748,265,1160.456385,3,0.0,3,5,2,106.41120000000001,249.0,3,1,0,0
119.486494,592,1164.005557,3,0.0,10,5,2,100.06400000000001,305.0,3,1,3,0
104.509369,428,1166.872025,3,0.0,9,5,2,167.63200000000003,297.0,3,0,2,1
53.201784,195,1168.141038,2,0.0,2,4,1,109.92800000000001,181.0,2,1,0,1
41.744827,414,1170.980541,2,0.0,3,3,1,104.83200000000001,154.0,2,0,0,0
95.44983,497,1174.30815,3,0.0,3,5,2,156.3904,249.0,3,0,2,0
40.822118,158,1175.300617,2,0.0,2,3,1,103.376,146.0,2,1,0,1
121.947322,290,1177.054645,3,0.0,5,5,2,114.57600000000002,265.0,3,0,0,0
118.711011,273,1178.751236,3,0.0,6,5,2,117.12000000000002,273.0,3,0,0,0
18.752862,268,1180.443892,2,0.0,2,2,1,171.36,111.0,2,0,0,0
56.929563,212,1181.810741,2,0.0,5,4,1,114.24000000000001,205.0,3,0,0,0
108.379925,412,1184.667982,3,0.0,5,5,2,112.97600000000003,265.0,3,0,0,0
43.198683,497,1188.287415,2,0.0,3,3,1,101.92,154.0,2,1,0,0
106.272503,329,1190.330503,3,0.0,6,5,2,121.79200000000002,273.0,3,0,2,1
43.539034,271,1191.985004,2,0.0,5,3,1,114.24000000000001,170.0,2,0,0,0
127.621066,385,1194.486573,3,0.0,9,5,2,168.89920000000004,387.0,3,0,2,1
101.51419,348,1196.734491,3,0.0,4,5,2,115.48800000000001,257.0,3,0,0,0
54.400521,211,1198.015284,2,0.0,2,4,1,109.92800000000001,181.0,2,1,0,2
42.270773,302,1199.981354,2,0.0,1,3,1,101.92,138.0,2,1,0,0
111.909902,459,1202.982871,3,0.0,9,5,2,161.888,297.0,3,1,3,1
99.341399,307,1204.880841,3,0.0,5,5,2,203.36000000000004,265.0,3,0,2,1
16.675218,227,1206.333452,2,0.0,0,2,1,170.8,95.0,2,0,0,0
54.029681,171,1207.349043,2,0.0,2,4,1,101.36000000000001,181.0,2,0,0,1
38.215091,123,1208.07967,2,0.0,0,3,1,102.256,130.0,2,1,0,1
112.739129,438,1209.336999,3,0.0,11,5,2,102.22400000000002,313.0,3,0,3,1
94.234914,453,1210.667589,3,0.0,2,5,2,174.24000000000004,241.0,3,0,3,0
53.840878,173,1211.116402,2,0.0,2,4,1,116.48,181.0,2,0,0,1
95.41565,613,1213.747535,3,0.0,5,5,2,244.28800000000004,265.0,3,0,3,0
113.99888,327,1215.906448,3,0.0,8,5,2,108.83200000000002,289.0,3,0,2,1
37.57856,177,1217.048296,2,0.0,1,3,1,100.24000000000001,138.0,2,0,0,0
119.742631,538,1221.11002,3,0.0,9,5,2,113.53600000000002,297.0,3,1,0,1
112.072995,329,1223.306421,3,0.0,5,5,2,109.95200000000001,265.0,3,0,0,1
41.249164,188,1224.45945,2,0.0,1,3,1,100.24000000000001,138.0,2,0,0,0
127.687002,537,1228.211025,3,0.0,12,5,2,104.72000000000003,321.0,3,1,2,1
56.545874,165,1229.223386,2,0.0,4,4,1,104.83200000000001,197.0,2,0,0,1
108.082229,464,1232.27056,3,0.0,14,5,2,187.16800000000003,337.0,3,0,2,1
100.651453,366,1234.668894,3,0.0,1,5,2,117.08800000000002,233.0,3,0,0,0
99.006369,508,1238.162476,3,0.0,3,5,2,192.29760000000002,249.0,3,0,2,0
53.445165,428,1241.033765,2,0.0,3,4,1,129.36,189.0,2,0,0,0
110.580686,391,1243.58984,3,0.0,7,5,2,101.69600000000001,281.0,3,0,2,1
114.317227,397,1246.184913,3,0.0,13,5,2,176.72000000000003,329.0,3,0,3,2
117.341538,393,1248.765435,3,0.0,8,5,2,109.39200000000002,289.0,3,0,2,1
111.682395,384,1251.26014,3,0.0,8,5,2,112.97600000000003,289.0,3,0,0,1
122.57362,651,1255.817351,3,0.0,20,5,2,204.48000000000002,385.0,3,0,0,1
102.611116,372,1258.237661,3,0.0,6,5,2,165.472,273.0,3,0,2,3
103.20899,346,1260.427894,3,0.0,8,5,2,136.83200000000002,289.0,3,0,2,0
22.912823,171,1261.487662,2,0.0,0,2,1,107.128,95.0,2,1,0,0
98.110572,345,1263.773457,3,0.0,2,5,2,113.53920000000001,241.0,3,0,0,0
105.091118,404,1266.508623,3,0.0,8,5,2,161.84000000000003,289.0,3,0,0,1
119.469699,425,1269.369788,3,0.0,7,5,2,113.53600000000002,281.0,3,1,2,1
104.691512,327,1271.473489,3,0.0,5,5,2,174.80000000000004,265.0,3,0,2,1
121.120154,430,1274.31067,3,0.0,10,5,2,123.39200000000002,305.0,3,1,2,1
114.584417,454,1277.364205,3,0.0,11,5,2,112.83840000000001,313.0,3,0,0,1
23.420378,224,1278.804441,2,0.0,1,2,1,107.0384,103.0,2,1,0,0
39.786334,310,1280.884089,2,0.0,2,3,1,117.376,146.0,2,1,0,0
120.213869,514,1284.265519,3,0.0,10,5,2,105.28000000000002,305.0,3,0,0,1
118.072945,445,1287.049464,3,0.0,15,5,2,163.79200000000003,345.0,3,0,2,1
40.687498,247,1288.604832,2,0.0,3,3,1,118.832,154.0,2,0,0,0
112.351724,351,1290.78792,3,0.0,8,5,2,116.25600000000001,289.0,3,0,2,2
115.187554,374,1293.183453,3,0.0,8,5,2,118.20800000000001,289.0,3,0,2,1
115.63445,334,1304.970901,3,0.0,10,5,2,118.20800000000001,305.0,3,0,3,1
108.67622,610,1309.158831,3,0.0,12,5,2,160.76800000000003,321.0,3,0,2,2
133.835174,535,1312.758911,3,0.0,18,5,2,117.21120000000002,369.0,3,1,0,1
64.038302,231,1314.205315,2,0.0,5,4,1,124.48800000000001,295.0,3,0,0,2
126.899521,300,1316.052308,3,0.0,10,5,2,101.69600000000001,305.0,3,0,2,1
96.660017,451,1319.066303,3,0.0,4,5,2,172.60800000000003,257.0,3,0,2,0
100.922099,341,1321.204087,3,0.0,3,5,2,101.3088,249.0,3,0,2,0
99.413394,417,1323.885302,3,0.0,6,5,2,169.336,273.0,3,0,2,0
55.136595,246,1325.482988,2,0.0,7,4,1,130.48000000000002,221.0,3,1,0,0
33.599604,218,1326.796454,2,0.0,1,3,1,171.36,138.0,2,0,0,0
110.360583,460,1329.805904,3,0.0,12,5,2,173.16800000000003,321.0,3,0,2,0
110.0169,468,1332.830831,3,0.0,7,5,2,173.68000000000004,281.0,3,0,0,1
106.976445,301,1334.665153,3,0.0,5,5,2,117.08800000000002,265.0,3,0,0,1
57.627842,240,1336.113311,2,0.0,3,4,1,101.36000000000001,189.0,2,0,0,1
109.761717,276,1337.820586,3,0.0,6,5,2,189.64000000000001,363.0,3,0,2,0
104.645256,296,1339.635076,3,0.0,3,5,2,103.82400000000001,249.0,3,0,0,0
122.833896,317,1341.589926,3,0.0,6,5,2,111.97760000000001,273.0,3,0,2,0
54.861105,215,1342.87613,2,0.0,4,4,1,128.8,197.0,2,0,0,1
106.2488,197,1344.050863,3,0.0,0,5,2,114.57600000000002,225.0,3,0,0,0
130.179304,569,1347.77999,3,0.0,18,5,2,108.83200000000002,369.0,3,0,2,1
106.917919,370,1350.142423,3,0.0,10,5,2,156.32000000000002,305.0,3,0,3,1
109.487045,476,1353.294758,3,0.0,11,5,2,170.144,313.0,3,0,2,1
102.568065,333,1355.40288,3,0.0,5,5,2,175.28000000000003,265.0,3,0,2,0
109.538717,437,1358.253545,3,0.0,7,5,2,103.93920000000001,281.0,3,0,2,1
108.755948,389,1360.7122,3,0.0,5,5,2,108.83200000000002,265.0,3,0,0,1
53.435873,208,1361.539242,2,0.0,1,4,1,100.80000000000001,173.0,2,0,0,0
24.924696,159,1362.237113,2,0.0,1,2,1,108.248,103.0,2,1,0,1
110.085335,432,1365.049911,3,0.0,7,5,2,111.55200000000002,281.0,3,0,2,1
97.714215,390,1367.581056,3,0.0,5,5,2,192.94400000000005,265.0,3,0,0,0
33.646896,215,1368.919043,2,0.0,2,3,1,172.48000000000002,146.0,2,0,0,0
59.491644,260,1370.542126,2,0.0,7,4,1,101.36000000000001,221.0,3,0,0,0
113.173279,471,1373.685243,3,0.0,8,5,2,160.76800000000003,289.0,3,1,3,1
59.820692,283,1375.469859,2,0.0,7,4,1,109.36800000000001,221.0,3,1,0,1
53.993721,215,1376.796531,2,0.0,3,4,1,114.80000000000001,189.0,2,1,0,0
55.958655,252,1378.364342,2,0.0,2,4,1,107.0384,181.0,2,1,0,1
25.90179,198,1379.605177,2,0.0,2,2,1,109.92800000000001,111.0,2,1,0,0
97.998324,390,1382.112246,3,0.0,3,5,2,172.5472,249.0,3,0,0,0
46.594812,191,1383.278655,2,0.0,6,3,1,101.36000000000001,178.0,2,0,0,2
97.483616,390,1385.822282,3,0.0,3,5,2,179.4176,249.0,3,0,2,0
54.755115,212,1387.190168,2,0.0,1,4,1,109.92800000000001,173.0,2,1,0,1
108.819568,321,1389.285106,3,0.0,8,5,2,172.81600000000003,289.0,3,0,0,1
127.7778,340,1391.379511,3,0.0,11,5,2,101.22720000000001,313.0,3,1,2,1
107.205652,255,1392.964611,3,0.0,4,5,2,105.24800000000002,257.0,3,0,0,2
56.883778,251,1394.517136,2,0.0,4,4,1,114.80000000000001,197.0,2,0,0,1
57.733075,230,1396.01557,2,0.0,3,4,1,101.92,189.0,2,1,0,1
124.29054,357,1398.392528,3,0.0,10,5,2,104.72000000000003,305.0,3,0,2,2
16.713241,263,1400.112733,2,0.0,1,2,1,171.92000000000002,103.0,2,1,0,0
99.210134,476,1403.400517,3,0.0,6,5,2,188.80000000000004,273.0,3,0,2,1
46.839467,236,1404.912275,2,0.0,7,3,1,100.80000000000001,186.0,2,1,0,0
107.838502,367,1407.27948,3,0.0,7,5,2,116.25600000000001,281.0,3,0,0,1
23.145272,210,1408.655401,2,0.0,2,2,1,100.24000000000001,111.0,2,1,0,0
111.160789,496,1411.957799,3,0.0,10,5,2,105.24800000000002,305.0,3,0,2,0
109.471971,384,1414.44138,3,0.0,8,5,2,107.96800000000002,289.0,3,0,0,1
112.803829,593,1418.59765,3,0.0,7,5,2,206.64000000000004,371.0,3,0,0,1
95.15412,436,1421.462648,3,0.0,2,5,2,183.05600000000004,241.0,3,0,2,0
58.547104,236,1422.936147,2,0.0,5,4,1,101.92,205.0,3,0,0,2
53.761122,238,1424.406839,2,0.0,3,4,1,114.80000000000001,189.0,2,0,0,0
104.87228,477,1427.555223,3,0.0,11,5,2,172.30400000000003,313.0,3,0,2,1
37.720979,156,1428.52387,2,0.0,1,3,1,116.816,138.0,2,1,0,0
104.559038,415,1431.300977,3,0.0,3,5,2,105.80800000000002,249.0,3,0,0,0
38.484706,314,1433.397003,2,0.0,4,3,1,157.92000000000002,162.0,2,0,0,0
115.898431,433,1436.293204,3,0.0,12,5,2,108.52800000000002,321.0,3,0,0,0
109.230915,374,1438.689678,3,0.0,10,5,2,116.16960000000002,305.0,3,0,2,2
119.578032,362,1440.436993,3,0.0,10,5,2,143.24800000000002,395.0,3,0,0,1
28.042466,199,1440.985874,2,0.0,4,2,1,111.384,127.0,2,1,0,2
57.247862,334,1442.699357,2,0.0,2,4,1,100.80000000000001,181.0,2,1,0,0
121.248109,548,1446.310657,3,0.0,19,5,2,108.52800000000002,377.0,3,0,0,1
99.693546,487,1449.514293,3,0.0,7,5,2,162.36800000000002,281.0,3,0,2,0
45.919813,215,1450.86977,2,0.0,1,4,1,172.48000000000002,173.0,2,1,0,0
123.513095,346,1453.120372,3,0.0,6,5,2,112.97600000000003,273.0,3,1,0,1
121.05554,569,1457.107391,3,0.0,12,5,2,174.24000000000004,321.0,3,1,2,1
56.940828,216,1458.481151,2,0.0,4,4,1,101.36000000000001,197.0,2,1,0,1
110.760359,343,1460.649527,3,0.0,5,5,2,104.68800000000002,265.0,3,0,2,0
104.700436,480,1474.49079,3,0.0,8,5,2,206.38400000000004,289.0,3,0,2,1
110.085595,416,1477.298887,3,0.0,10,5,2,133.80800000000002,305.0,3,0,2,1
105.306916,298,1479.150871,3,0.0,7,5,2,165.472,281.0,3,0,0,1
-22.346793,118,1479.891499,1,0.0,1,1,0,112.0,43.0,1,0,0,0
119.38746,465,1482.96454,3,0.0,12,5,2,103.64800000000001,321.0,3,0,2,1
55.252995,171,1484.102851,2,0.0,2,4,1,109.928,181.0,2,1,0,0
115.257301,493,1487.446959,3,0.0,9,5,2,100.0992,297.0,3,0,0,1
114.907494,363,1489.903168,3,0.0,4,5,2,112.97600000000003,257.0,3,1,3,0
112.801547,517,1493.090361,3,0.0,12,5,2,123.95200000000003,321.0,3,0,3,1
117.634338,310,1493.911933,3,0.0,8,5,2,113.53600000000002,289.0,3,0,0,2
112.681558,400,1494.976686,3,0.0,10,5,2,103.08800000000002,305.0,3,0,2,2
101.294503,280,1495.712667,3,0.0,4,5,2,181.63200000000003,257.0,3,0,2,0
57.595404,291,1496.50254,2,0.0,6,4,1,106.624,213.0,3,0,0,1
44.016037,222,1497.704422,2,0.0,4,3,1,100.80000000000001,162.0,2,0,0,1
55.634811,289,1499.503162,2,0.0,3,4,1,100.80000000000001,189.0,2,0,0,0
53.882184,220,1500.936053,2,0.0,3,4,1,101.92,189.0,2,0,0,1
101.080697,381,1503.57552,3,0.0,4,5,2,120.16000000000001,257.0,3,0,2,0
114.921415,497,1506.932235,3,0.0,15,5,2,193.50400000000002,345.0,3,0,2,1
106.46033,374,1509.271546,3,0.0,8,5,2,169.53600000000003,289.0,3,0,2,0
103.068325,419,1512.062399,3,0.0,5,5,2,112.67200000000001,265.0,3,0,2,0
106.811075,408,1514.740268,3,0.0,4,5,2,105.80800000000002,257.0,3,0,0,0
107.822524,329,1516.905301,3,0.0,8,5,2,111.34400000000002,289.0,3,0,0,0
248.193987,590,1520.923117,4,0.0,15,10,3,207.40320000000006,695.0,4,1,0,1
49.490336,267,1522.682305,2,0.0,5,3,1,122.808,260.0,3,0,0,1
118.134934,443,1525.521317,3,0.0,8,5,2,108.83200000000002,289.0,3,1,2,1
127.162238,451,1528.383641,3,0.0,11,5,2,107.23200000000001,313.0,3,1,0,0
109.823112,336,1530.537825,3,0.0,9,5,2,118.38400000000001,297.0,3,0,3,2
111.807214,273,1532.209657,3,0.0,4,5,2,104.72000000000003,257.0,3,0,2,1
35.35131,232,1533.635666,2,0.0,3,3,1,162.62400000000002,154.0,2,0,0,0
92.050453,376,1536.043787,3,0.0,1,5,2,209.07200000000003,233.0,3,0,0,0
47.825608,242,1537.575722,2,0.0,1,4,1,157.92000000000002,173.0,2,1,0,0
108.491828,371,1540.001328,3,0.0,8,5,2,112.94400000000002,289.0,3,0,2,0
101.129275,371,1542.422799,3,0.0,1,5,2,108.86400000000002,233.0,3,0,0,0
106.704121,526,1544.90025,3,0.0,5,5,2,125.37600000000002,265.0,3,0,2,0
40.960154,211,1545.510093,2,0.0,1,3,1,100.24000000000001,138.0,2,0,0,0
103.385767,348,1546.44759,3,0.0,4,5,2,171.776,257.0,3,0,2,1
100.198533,451,1547.681626,3,0.0,8,5,2,183.58400000000003,289.0,3,0,2,0
101.092699,306,1548.500272,3,0.0,4,5,2,112.11200000000002,257.0,3,0,2,1
121.372963,356,1549.571162,3,0.0,8,5,2,117.21120000000002,289.0,3,1,0,1
103.78528,366,1550.641778,3,0.0,8,5,2,180.032,289.0,3,0,0,2
119.385243,283,1551.419149,3,0.0,5,5,2,115.13600000000002,265.0,3,0,2,1
127.461021,479,1552.811103,3,0.0,19,5,2,105.24800000000002,377.0,3,0,2,1
60.49594,383,1555.15578,2,0.0,9,4,1,115.92000000000002,237.0,3,0,0,1
99.322346,371,1557.629704,3,0.0,2,5,2,103.82400000000001,241.0,3,0,0,0
114.095319,403,1560.292249,3,0.0,7,5,2,108.1072,281.0,3,0,2,1
41.482755,182,1561.383837,2,0.0,5,3,1,117.376,170.0,2,1,0,0
38.065733,249,1562.966302,2,0.0,6,3,1,171.92000000000002,178.0,2,0,0,0
105.265127,325,1565.023447,3,0.0,8,5,2,167.07200000000003,289.0,3,0,2,1
64.912618,217,1566.39961,2,0.0,5,4,1,124.48800000000001,295.0,3,0,0,0
21.50975,209,1567.790046,2,0.0,0,2,1,107.688,95.0,2,1,0,0
55.337393,190,1569.013462,2,0.0,3,4,1,101.92,189.0,2,0,0,1
107.000686,369,1571.461628,3,0.0,7,5,2,112.64000000000001,281.0,3,0,2,2
111.648405,407,1574.17558,3,0.0,4,5,2,101.69600000000001,257.0,3,0,0,0
54.26283,258,1575.859959,2,0.0,1,4,1,100.24000000000001,173.0,2,1,0,0
40.723686,150,1576.828094,2,0.0,1,3,1,101.36000000000001,138.0,2,0,0,1
52.890539,163,1577.864795,2,0.0,1,4,1,101.92,173.0,2,0,0,1
128.603856,415,1581.364719,3,0.0,13,5,2,126.97600000000003,419.0,3,1,2,1
114.557456,510,1584.995787,3,0.0,6,5,2,112.97600000000003,273.0,3,0,0,0
104.43401,437,1587.766883,3,0.0,6,5,2,104.68800000000002,273.0,3,0,3,0
41.865771,196,1588.963029,2,0.0,4,3,1,114.24000000000001,162.0,2,0,0,0
56.874375,212,1590.263464,2,0.0,4,4,1,106.624,197.0,2,0,0,1
124.861602,648,1594.752558,3,0.0,20,5,2,197.61600000000004,385.0,3,0,2,1
131.28704,601,1598.875466,3,0.0,16,5,2,117.12000000000002,353.0,3,1,0,1
109.855142,272,1600.608892,3,0.0,6,5,2,108.83200000000002,273.0,3,0,0,0
115.20844,466,1603.774769,3,0.0,8,5,2,114.06400000000002,289.0,3,0,2,1
97.967607,478,1607.060869,3,0.0,3,5,2,195.37600000000003,249.0,3,0,0,0
106.541254,328,1609.190338,3,0.0,7,5,2,122.52800000000002,281.0,3,0,0,1
60.539611,215,1610.601747,2,0.0,7,4,1,102.816,221.0,3,1,0,1
122.784522,412,1613.320912,3,0.0,11,5,2,105.80800000000002,313.0,3,1,0,2
53.76703,202,1614.559858,2,0.0,2,4,1,101.36000000000001,181.0,2,0,0,1
56.984153,269,1616.252514,2,0.0,3,4,1,100.24000000000001,189.0,2,0,0,0
90.148055,340,1618.563636,3,0.0,1,5,2,217.88800000000003,233.0,3,0,2,0
112.274693,401,1621.925103,3,0.0,9,5,2,102.22400000000002,297.0,3,0,2,2
119.554634,320,1638.039479,3,0.0,9,5,2,103.08800000000002,297.0,3,0,0,1
117.576885,356,1640.32507,3,0.0,8,5,2,115.97600000000001,379.0,3,0,0,2
-22.207972,135,1641.165482,1,0.0,2,1,0,112.0,51.0,1,0,0,0
98.807189,304,1643.068137,3,0.0,4,5,2,167.63200000000003,257.0,3,0,2,1
121.636318,482,1646.447983,3,0.0,8,5,2,104.72000000000003,289.0,3,1,0,2
108.757804,371,1648.834979,3,0.0,4,5,2,112.67200000000001,257.0,3,0,2,0
43.540397,202,1650.085749,2,0.0,4,3,1,109.36800000000001,162.0,2,1,0,0
124.527439,374,1652.548596,3,0.0,11,5,2,111.11520000000002,313.0,3,1,0,1
41.667128,420,1655.455459,2,0.0,5,3,1,114.80000000000001,170.0,2,0,0,0
106.319694,362,1657.818013,3,0.0,12,5,2,182.19200000000004,321.0,3,0,2,2
100.775385,290,1659.632864,3,0.0,3,5,2,105.80800000000002,249.0,3,0,2,0
55.085698,224,1661.03962,2,0.0,3,4,1,114.24000000000001,189.0,2,0,0,1
41.279204,197,1662.246548,2,0.0,2,3,1,101.36000000000001,146.0,2,1,0,1
56.171922,221,1663.594953,2,0.0,3,4,1,101.92,189.0,2,0,0,1
38.799173,212,1664.960746,2,0.0,2,3,1,100.24000000000001,146.0,2,1,0,0
120.852043,433,1667.813134,3,0.0,17,5,2,104.94400000000002,361.0,3,0,0,1
108.722482,357,1670.061922,3,0.0,8,5,2,109.08800000000001,289.0,3,0,0,1
26.895633,179,1671.183964,2,0.0,3,2,1,108.808,119.0,2,1,0,1
19.547363,268,1672.99314,2,0.0,3,2,1,171.36,119.0,2,1,0,0
28.296386,177,1674.092643,2,0.0,3,2,1,101.696,119.0,2,1,0,1
107.345752,278,1675.82148,3,0.0,5,5,2,109.95200000000001,265.0,3,0,0,1
114.530537,527,1679.409947,3,0.0,13,5,2,175.50400000000002,329.0,3,0,0,1
54.90358,221,1680.79134,2,0.0,4,4,1,113.68,197.0,2,0,0,0
98.822775,395,1683.406146,3,0.0,2,5,2,112.67200000000001,241.0,3,0,2,0
106.542958,491,1686.962059,3,0.0,4,5,2,105.28000000000002,257.0,3,0,0,0
114.672436,657,1691.444609,3,0.0,12,5,2,135.79200000000003,321.0,3,0,3,2
97.81634,398,1694.023856,3,0.0,3,5,2,169.76000000000002,249.0,3,0,2,0
47.307578,228,1695.529541,2,0.0,1,4,1,165.92800000000003,173.0,2,1,0,0
114.686897,357,1697.877661,3,0.0,10,5,2,106.36800000000001,305.0,3,0,2,1
112.900735,402,1700.629828,3,0.0,6,5,2,105.80800000000002,273.0,3,0,2,0
89.583427,494,1704.014973,3,0.0,3,5,2,277.20000000000005,249.0,3,0,2,0
16.736904,195,1705.280355,2,0.0,0,2,1,165.368,95.0,2,1,0,0
64.167749,229,1706.695395,2,0.0,9,4,1,101.36000000000001,237.0,3,0,0,1
112.597679,346,1708.934237,3,0.0,6,5,2,122.32000000000002,273.0,3,0,3,1
27.474927,321,1711.231698,2,0.0,3,2,1,101.36000000000001,119.0,2,1,0,0
118.666448,391,1713.738088,3,0.0,11,5,2,116.25600000000001,313.0,3,0,0,1
100.411843,468,1716.914025,3,0.0,7,5,2,172.04800000000003,281.0,3,0,2,0
117.866253,282,1718.705533,3,0.0,8,5,2,123.51520000000002,289.0,3,1,2,2
110.156049,505,1722.132312,3,0.0,10,5,2,113.53600000000002,305.0,3,0,2,0
118.578682,275,1723.861067,3,0.0,4,5,2,114.57600000000002,257.0,3,0,2,1
92.719094,315,1725.860176,3,0.0,3,5,2,227.77600000000004,249.0,3,0,0,0
56.74144,237,1727.389773,2,0.0,4,4,1,113.68,197.0,2,1,0,0
110.13877,607,1731.739812,3,0.0,5,5,2,105.24800000000002,265.0,3,0,2,0
38.112459,203,1733.036073,2,0.0,2,3,1,114.24000000000001,146.0,2,0,0,0
69.837118,358,1734.251755,2,0.0,7,4,1,129.36,311.0,3,0,0,1
123.332098,389,1735.366688,3,0.0,14,5,2,105.80800000000002,337.0,3,0,3,1
56.487931,203,1735.942381,2,0.0,3,4,1,100.24000000000001,189.0,2,0,0,0
95.002735,444,1737.20383,3,0.0,3,5,2,159.63840000000002,249.0,3,0,0,0
100.597339,482,1738.811584,3,0.0,3,5,2,122.63200000000002,249.0,3,0,2,0
43.226689,191,1739.379138,2,0.0,4,3,1,100.24000000000001,162.0,2,0,0,0
108.666777,343,1741.079763,3,0.0,7,5,2,125.90400000000002,281.0,3,0,2,0
53.018433,182,1742.19119,2,0.0,2,4,1,114.24000000000001,181.0,2,0,0,1
59.364824,285,1743.997351,2,0.0,7,4,1,100.80000000000001,221.0,3,0,0,1
111.121976,332,1746.071552,3,0.0,10,5,2,108.52800000000002,305.0,3,0,3,2
54.986815,169,1747.140935,2,0.0,3,4,1,100.24000000000001,189.0,2,1,0,1
102.304233,319,1749.20568,3,0.0,6,5,2,161.08,273.0,3,0,2,0
39.817193,230,1750.700924,2,0.0,3,3,1,114.24000000000001,154.0,2,1,0,0
123.309507,414,1753.349682,3,0.0,15,5,2,107.23200000000001,345.0,3,0,2,1
100.488216,643,1758.322517,3,0.0,3,5,2,107.96800000000002,249.0,3,0,2,0
37.919313,160,1759.35105,2,0.0,1,3,1,100.80000000000001,138.0,2,0,0,0
205.993891,379,1761.868526,4,0.0,12,7,3,121.26400000000004,566.0,4,0,0,0
133.219107,466,1765.088164,3,0.0,14,5,2,108.83200000000002,337.0,3,1,3,1
115.883445,449,1768.141813,3,0.0,9,5,2,118.48800000000001,297.0,3,0,2,1
108.791024,390,1770.795851,3,0.0,9,5,2,122.8352,297.0,3,0,2,1
116.64097,417,1773.630008,3,0.0,10,5,2,128.62400000000002,305.0,3,1,3,1
102.817308,257,1775.187484,3,0.0,2,5,2,111.76960000000001,241.0,3,0,0,2
108.287759,370,1777.570875,3,0.0,6,5,2,112.78400000000002,273.0,3,0,0,1
114.183504,440,1780.471402,3,0.0,8,5,2,111.55200000000002,289.0,3,0,2,0
108.934101,414,1783.166657,3,0.0,6,5,2,114.57600000000002,273.0,3,0,0,0
101.338561,337,1785.376103,3,0.0,3,5,2,103.6384,249.0,3,0,0,0
93.136891,319,1787.409951,3,0.0,1,5,2,171.21600000000004,233.0,3,0,2,0
110.393281,418,1790.159854,3,0.0,8,5,2,117.08800000000002,289.0,3,0,0,1
100.68832,415,1793.075788,3,0.0,1,5,2,108.73920000000001,233.0,3,0,2,0
96.085047,387,1806.277567,3,0.0,1,5,2,126.08000000000001,233.0,3,0,2,0
40.616228,222,1807.711604,2,0.0,2,3,1,109.36800000000001,146.0,2,1,0,1
118.739507,463,1810.879415,3,0.0,12,5,2,116.22400000000002,321.0,3,0,2,1
134.265986,652,1815.501107,3,0.0,20,5,2,125.90400000000002,385.0,3,1,2,1
127.324513,385,1818.066211,3,0.0,12,5,2,166.68000000000004,321.0,3,1,2,2
102.62366,322,1820.067893,3,0.0,8,5,2,196.49600000000004,289.0,3,0,0,2
117.400382,320,1822.071234,3,0.0,7,5,2,105.24800000000002,281.0,3,1,2,1
114.269206,444,1824.99185,3,0.0,12,5,2,109.95200000000001,321.0,3,0,2,1
53.693787,208,1826.257767,2,0.0,3,4,1,113.12,189.0,2,0,0,0
43.921076,177,1827.330046,2,0.0,4,3,1,100.80000000000001,162.0,2,0,0,1
104.574922,374,1829.717027,3,0.0,4,5,2,108.86400000000002,257.0,3,0,3,2
126.35575,428,1832.651127,3,0.0,9,5,2,117.21120000000002,297.0,3,2,2,1
41.395698,208,1833.980178,2,0.0,4,3,1,114.24000000000001,162.0,2,1,0,0
119.840595,415,1836.684614,3,0.0,14,5,2,113.20000000000002,337.0,3,0,2,1
55.752229,252,1838.244098,2,0.0,4,4,1,100.80000000000001,197.0,2,0,0,0
112.519458,365,1839.280735,3,0.0,9,5,2,177.61120000000003,297.0,3,1,0,1
20.829178,706,1843.663851,2,0.0,1,2,1,129.36,103.0,2,1,0,0
108.512536,540,1847.326745,3,0.0,13,5,2,191.31200000000004,329.0,3,0,2,2
40.067763,202,1848.580979,2,0.0,2,3,1,106.624,146.0,2,0,0,1
107.460265,332,1850.644673,3,0.0,5,5,2,109.39200000000002,265.0,3,0,2,0
40.553584,165,1851.623395,2,0.0,3,3,1,110.264,154.0,2,1,0,0
118.985742,226,1852.988046,3,0.0,3,5,2,101.13600000000002,249.0,3,0,0,0
38.891501,240,1854.517103,2,0.0,1,3,1,100.24000000000001,138.0,2,1,0,0
60.629015,245,1856.041342,2,0.0,5,4,1,100.24000000000001,205.0,3,0,0,0
33.146799,201,1857.293316,2,0.0,1,3,1,156.8,138.0,2,0,0,0
109.436786,335,1859.43488,3,0.0,6,5,2,115.13600000000002,273.0,3,0,3,0
115.050788,343,1861.598696,3,0.0,10,5,2,111.52000000000001,305.0,3,0,3,1
39.34988,163,1862.571727,2,0.0,2,3,1,114.24000000000001,146.0,2,0,0,0
118.395911,312,1864.45576,3,0.0,10,5,2,101.10400000000001,305.0,3,0,0,1
56.728696,231,1865.927165,2,0.0,4,4,1,116.816,197.0,2,1,0,0
101.741514,359,1868.280913,3,0.0,3,5,2,114.57600000000002,249.0,3,0,0,0
40.673729,219,1869.647895,2,0.0,2,3,1,100.80000000000001,146.0,2,0,0,1
104.284466,444,1871.331846,3,0.0,6,5,2,121.20800000000001,273.0,3,0,2,1
57.357542,258,1872.247588,2,0.0,4,4,1,101.92,197.0,2,0,0,0
103.898406,331,1873.357522,3,0.0,5,5,2,109.95200000000001,265.0,3,0,0,0
115.349563,302,1874.359052,3,0.0,5,5,2,105.24800000000002,265.0,3,0,0,1
56.330626,258,1875.143376,2,0.0,4,4,1,100.24000000000001,197.0,2,1,0,0
122.637546,428,1876.471564,3,0.0,11,5,2,173.728,313.0,3,1,3,2
36.968956,136,1876.851552,2,0.0,1,3,1,117.376,138.0,2,1,0,0
117.229552,493,1879.663977,3,0.0,11,5,2,118.20800000000001,313.0,3,0,2,3
39.247684,135,1880.475826,2,0.0,0,3,1,107.9344,130.0,2,1,0,1
201.888101,554,1884.351602,4,0.0,12,7,3,200.44800000000006,566.0,4,0,0,1
24.485539,240,1885.873665,2,0.0,1,2,1,113.12,103.0,2,0,0,0
58.473422,254,1887.506523,2,0.0,6,4,1,109.92800000000001,213.0,3,1,0,0
45.466515,214,1888.846468,2,0.0,5,3,1,100.80000000000001,170.0,2,0,0,1
130.507887,521,1892.245767,3,0.0,19,5,2,113.76,377.0,3,0,2,1
119.89446,328,1894.322934,3,0.0,10,5,2,110.208,305.0,3,0,3,1
345.657118,655,1898.627235,5,0.0,22,13,4,156.10000000000002,881.0,5,1,0,1
43.543152,724,1904.16872,2,0.0,3,4,1,201.60000000000002,189.0,2,1,0,0
40.545808,235,1905.70938,2,0.0,4,3,1,108.248,162.0,2,1,0,0
111.114677,345,1907.965272,3,0.0,6,5,2,101.13600000000002,273.0,3,0,0,1
112.647077,244,1909.507023,3,0.0,2,5,2,109.95200000000001,241.0,3,0,0,1
105.425364,541,1913.386379,3,0.0,8,5,2,183.00800000000004,289.0,3,0,2,1
57.542581,202,1914.728529,2,0.0,6,4,1,109.36800000000001,213.0,3,1,0,1
59.49042,232,1916.181687,2,0.0,4,4,1,101.36000000000001,197.0,2,0,0,1
114.876683,403,1918.927994,3,0.0,14,5,2,122.32000000000002,337.0,3,0,2,1
56.05175,210,1920.315938,2,0.0,3,4,1,114.24000000000001,189.0,2,1,0,1
127.75675,405,1923.087989,3,0.0,15,5,2,125.34400000000002,345.0,3,1,3,1
21.623836,191,1924.296004,2,0.0,2,2,1,157.92000000000002,111.0,2,1,0,0
50.914006,212,1925.663033,2,0.0,1,4,1,114.24000000000001,173.0,2,1,0,0
116.136687,307,1927.62841,3,0.0,8,5,2,104.68800000000002,289.0,3,0,2,1
115.089468,329,1929.752279,3,0.0,7,5,2,115.13600000000002,281.0,3,0,2,0
108.257263,229,1931.166052,3,0.0,3,5,2,100.57600000000002,249.0,3,0,0,1
103.248602,364,1933.523639,3,0.0,3,5,2,109.95200000000001,249.0,3,0,0,0
109.618352,288,1935.352707,3,0.0,10,5,2,100.06400000000001,305.0,3,0,3,1
57.548462,246,1936.981565,2,0.0,4,4,1,108.808,197.0,2,1,0,1
117.647731,442,1939.955531,3,0.0,9,5,2,118.20800000000001,297.0,3,1,2,1
104.164226,421,1942.721888,3,0.0,6,5,2,152.51200000000003,273.0,3,0,0,1
62.290533,247,1944.261966,2,0.0,6,4,1,101.92,213.0,3,0,0,0
123.804731,425,1947.023302,3,0.0,14,5,2,105.80800000000002,337.0,3,0,3,1
59.051168,202,1948.263112,2,0.0,5,4,1,100.80000000000001,205.0,3,0,0,1
102.518909,469,1951.372369,3,0.0,10,5,2,196.48,305.0,3,0,2,1
50.096921,221,1952.761334,2,0.0,2,4,1,157.92000000000002,181.0,2,0,0,0
330.274496,536,1956.372986,5,0.0,21,13,4,212.65600000000006,873.0,5,1,0,2
103.797638,456,1959.589653,3,0.0,4,5,2,128.06400000000002,257.0,3,0,2,0
