#{"t_start": 1788161301.3493505, "env_id": "None"}
r,l,t,phase,player_health,episode_enemies_destroyed,episode_spawners_destroyed,episode_phases_advanced,episode_damage_taken,episode_xp_earned,episode_max_level,active_minibosses,active_boss_hazards,drone_level
-38.540479,123,2.763236,1,0.0,0,0,0,112.0,0.0,1,0,0,0
-39.299914,150,3.332939,1,0.0,0,0,0,112.0,0.0,1,0,0,0
-39.218279,151,3.891139,1,0.0,0,0,0,112.0,0.0,1,0,0,0
-38.233253,154,4.453918,1,0.0,0,0,0,112.0,0.0,1,0,0,0
-39.588645,117,4.705992,1,0.0,0,0,0,112.0,0.0,1,0,0,0
-37.98549,117,4.880029,1,0.0,0,0,0,112.0,0.0,1,0,0,0
-25.089797,273,5.340546,1,0.0,1,1,0,112.0,43.0,1,0,0,0
-37.112713,88,5.472932,1,0.0,0,0,0,112.0,0.0,1,0,0,0
-38.568825,137,5.682812,1,0.0,1,0,0,112.0,8.0,1,0,0,0
-39.866615,180,5.972571,1,0.0,0,0,0,112.0,0.0,1,0,0,0
-24.80157,98,6.115371,1,0.0,0,1,0,112.0,35.0,1,0,0,0
-38.32775,121,6.303872,1,0.0,0,0,0,112.0,0.0,1,0,0,0
-39.328603,155,6.898304,1,0.0,0,0,0,112.0,0.0,1,0,0,0
-38.998789,144,7.424494,1,0.0,0,0,0,112.0,0.0,1,0,0,0
-39.619024,160,8.031092,1,0.0,0,0,0,112.0,0.0,1,0,0,0
-38.991808,119,8.461486,1,0.0,0,0,0,112.0,0.0,1,0,0,0
-39.985443,188,9.211105,1,0.0,0,0,0,112.0,0.0,1,0,0,0
-35.395362,144,9.714565,1,0.0,2,0,0,112.0,16.0,1,0,0,0
-38.930511,160,10.344503,1,0.0,0,0,0,112.0,0.0,1,0,0,0
-40.135808,190,11.091731,1,0.0,0,0,0,112.0,0.0,1,0,0,0
-39.302976,173,11.76908,1,0.0,0,0,0,112.0,0.0,1,0,0,0
-38.971277,132,12.27826,1,0.0,0,0,0,112.0,0.0,1,0,0,0
-39.730354,172,12.937906,1,0.0,0,0,0,112.0,0.0,1,0,0,0
-39.134337,114,13.353208,1,0.0,0,0,0,112.0,0.0,1,0,0,0
-37.317527,120,13.791442,1,0.0,2,0,0,112.0,16.0,1,0,0,0
-38.93314,96,14.135638,1,0.0,0,0,0,112.0,0.0,1,0,0,0
-38.906295,148,14.709823,1,0.0,1,0,0,112.0,8.0,1,0,0,0
-39.413939,142,15.248371,1,0.0,0,0,0,112.0,0.0,1,0,0,0
-38.512622,129,15.735706,1,0.0,0,0,0,112.0,0.0,1,0,0,0
-37.982893,88,16.064619,1,0.0,0,0,0,112.0,0.0,1,0,0,0
-39.691788,196,16.830309,1,0.0,0,0,0,112.0,0.0,1,0,0,0
-38.167125,72,17.08551,1,0.0,0,0,0,112.0,0.0,1,0,0,0
-40.093072,177,17.757921,1,0.0,0,0,0,112.0,0.0,1,0,0,0
-38.688752,153,18.343066,1,0.0,0,0,0,112.0,0.0,1,0,0,0
-36.830742,82,18.620949,1,0.0,1,0,0,112.0,8.0,1,0,0,0
107.262436,473,21.529721,3,0.0,11,5,2,102.784,313.0,3,0,0,3
39.222026,182,22.610334,2,0.0,3,3,1,108.808,154.0,2,1,0,0
95.482809,287,24.295533,3,0.0,2,5,2,149.48800000000003,241.0,3,0,0,0
104.237663,315,26.190419,3,0.0,7,5,2,174.24000000000004,281.0,3,0,0,1
38.216687,196,27.324493,2,0.0,2,3,1,101.36000000000001,146.0,2,0,0,0
121.227354,395,29.759848,3,0.0,7,5,2,115.69600000000003,281.0,3,1,2,1
26.544181,182,30.829071,2,0.0,3,2,1,108.808,119.0,2,1,0,1
46.06796,223,32.10481,2,0.0,4,3,1,100.80000000000001,162.0,2,0,0,0
57.341674,218,33.363807,2,0.0,4,4,1,100.80000000000001,197.0,2,0,0,2
97.538352,457,36.339978,3,0.0,3,5,2,157.13600000000002,249.0,3,0,0,0
39.428372,174,37.337472,2,0.0,2,3,1,103.376,146.0,2,1,0,0
113.766314,410,39.791589,3,0.0,12,5,2,174.76800000000003,321.0,3,0,2,1
110.485177,451,42.613698,3,0.0,8,5,2,103.64800000000001,289.0,3,0,3,2
57.019161,247,44.176827,2,0.0,8,4,1,153.048,229.0,3,1,0,1
55.881918,237,45.59707,2,0.0,6,4,1,129.36,213.0,3,0,0,1
50.925115,216,46.894097,2,0.0,0,4,1,105.728,165.0,2,1,0,0
24.718075,204,48.109383,2,0.0,2,2,1,114.24000000000001,111.0,2,0,0,0
104.929706,386,50.477185,3,0.0,4,5,2,101.60960000000001,257.0,3,0,0,0
51.148717,273,52.086369,2,0.0,3,4,1,170.24,189.0,2,0,0,0
39.416115,281,53.761893,2,0.0,3,3,1,114.80000000000001,154.0,2,0,0,0
124.125105,421,56.277643,3,0.0,13,5,2,105.80800000000002,329.0,3,0,2,1
99.832711,370,58.525732,3,0.0,5,5,2,170.65600000000003,265.0,3,0,2,0
107.546629,386,60.832108,3,0.0,5,5,2,101.13600000000002,265.0,3,0,0,0
116.877921,485,63.846423,3,0.0,16,5,2,109.95200000000001,353.0,3,0,3,1
55.782226,223,65.16926,2,0.0,1,4,1,101.36000000000001,173.0,2,0,0,0
91.945937,385,67.720948,3,0.0,1,5,2,169.9584,233.0,3,0,0,0
361.341332,636,71.745416,5,0.0,30,14,4,175.80800000000002,980.0,5,0,0,3
111.294508,415,74.403042,3,0.0,9,5,2,118.49920000000002,297.0,3,0,2,0
95.017733,493,77.584301,3,0.0,6,5,2,228.30400000000003,273.0,3,0,3,0
118.669862,471,80.535804,3,0.0,14,5,2,122.88000000000001,337.0,3,0,2,1
118.613909,450,83.455373,3,0.0,14,5,2,172.93920000000003,337.0,3,1,2,1
101.022523,303,85.307373,3,0.0,7,5,2,164.35200000000003,281.0,3,0,2,1
108.059813,310,87.206843,3,0.0,4,5,2,100.7488,257.0,3,0,0,1
107.874135,552,90.768382,3,0.0,11,5,2,125.2832,313.0,3,0,2,1
29.819761,200,91.944102,2,0.0,5,2,1,100.24000000000001,135.0,2,1,0,1
65.289292,324,93.953988,2,0.0,10,4,1,116.48,245.0,3,0,0,1
57.612595,224,95.268379,2,0.0,4,4,1,100.24560000000001,197.0,2,1,0,1
118.45074,415,97.852477,3,0.0,12,5,2,109.39200000000002,321.0,3,0,0,1
100.091797,309,99.727113,3,0.0,2,5,2,105.84960000000001,241.0,3,0,0,0
24.085575,200,100.952058,2,0.0,2,2,1,113.68,111.0,2,1,0,0
-19.840343,137,101.482694,1,0.0,2,1,0,112.0,51.0,1,0,0,0
22.732813,208,102.05631,2,0.0,3,2,1,154.56,119.0,2,1,0,0
41.299689,232,103.375551,2,0.0,2,3,1,101.696,146.0,2,1,0,1
48.224499,237,104.848853,2,0.0,1,4,1,171.92000000000002,173.0,2,1,0,0
102.130589,424,107.522836,3,0.0,6,5,2,163.79200000000003,273.0,3,0,2,1
106.071862,381,109.956829,3,0.0,6,5,2,112.95200000000001,273.0,3,0,0,2
57.936405,255,111.480472,2,0.0,5,4,1,101.92,205.0,3,0,0,1
51.109738,238,112.906782,2,0.0,3,4,1,156.8,189.0,2,0,0,0
56.368406,275,114.594726,2,0.0,5,4,1,114.24000000000001,205.0,3,0,0,1
47.944603,224,115.94021,2,0.0,7,3,1,101.92,186.0,2,0,0,2
41.727385,219,117.234132,2,0.0,2,3,1,100.24000000000001,146.0,2,0,0,1
49.499697,252,118.761824,2,0.0,4,4,1,171.36,197.0,2,0,0,0
53.432202,180,119.847811,2,0.0,2,4,1,100.80000000000001,181.0,2,0,0,0
55.387062,234,121.292889,2,0.0,5,4,1,129.92000000000002,205.0,3,0,0,0
40.694878,187,122.409766,2,0.0,2,3,1,101.36000000000001,146.0,2,1,0,0
55.930085,196,123.566863,2,0.0,3,4,1,101.92,189.0,2,0,0,0
97.072657,311,125.482931,3,0.0,7,5,2,174.80000000000004,281.0,3,0,0,1
110.6264,369,127.823117,3,0.0,4,5,2,103.07840000000002,257.0,3,0,2,0
54.286977,276,129.457403,2,0.0,2,4,1,114.24000000000001,181.0,2,0,0,0
115.892819,352,131.585901,3,0.0,8,5,2,162.92800000000003,289.0,3,0,2,1
39.00722,185,132.709459,2,0.0,2,3,1,106.568,146.0,2,1,0,1
40.875021,227,134.104518,2,0.0,4,3,1,100.24000000000001,162.0,2,1,0,1
51.594615,181,135.263998,2,0.0,0,4,1,100.24000000000001,165.0,2,1,0,0
111.817375,309,137.208312,3,0.0,3,5,2,116.78400000000002,249.0,3,0,3,0
56.561042,236,138.686746,2,0.0,4,4,1,109.92800000000001,197.0,2,1,0,1
-22.614736,102,139.316231,1,0.0,1,1,0,112.0,43.0,1,0,0,0
37.649108,237,150.401092,2,0.0,1,3,1,113.68,138.0,2,0,0,0
119.87411,465,153.41602,3,0.0,14,5,2,165.472,337.0,3,1,2,1
48.533316,269,155.081591,2,0.0,2,4,1,157.92000000000002,181.0,2,0,0,0
42.701245,205,156.254795,2,0.0,3,3,1,100.24000000000001,154.0,2,0,0,0
50.959783,266,157.819644,2,0.0,3,4,1,156.8,189.0,2,0,0,1
95.389975,379,160.122664,3,0.0,5,5,2,175.32800000000003,265.0,3,0,2,0
41.531189,218,161.46845,2,0.0,2,3,1,101.92,146.0,2,0,0,0
-20.825259,128,162.269333,1,0.0,2,1,0,112.0,51.0,1,0,0,0
98.192487,654,166.959733,3,0.0,1,5,2,165.472,233.0,3,0,2,0
124.115158,343,169.07945,3,0.0,13,5,2,109.39200000000002,329.0,3,0,3,1
120.661539,349,171.214063,3,0.0,10,5,2,104.81120000000001,305.0,3,1,2,1
39.772061,234,172.611058,2,0.0,2,3,1,100.24000000000001,146.0,2,1,0,0
40.067911,215,173.920402,2,0.0,2,3,1,100.24000000000001,146.0,2,0,0,0
117.739601,495,177.065343,3,0.0,15,5,2,175.60000000000002,345.0,3,1,2,1
57.479176,221,178.354378,2,0.0,4,4,1,100.24000000000001,197.0,2,0,0,2
53.979067,259,179.912838,2,0.0,5,4,1,123.92800000000001,205.0,3,1,0,2
103.955109,251,181.423216,3,0.0,3,5,2,108.4384,249.0,3,0,2,0
26.76056,191,182.573828,2,0.0,2,2,1,108.808,111.0,2,1,0,2
115.367021,333,184.610276,3,0.0,11,5,2,115.69600000000003,313.0,3,0,0,2
53.961106,163,185.613339,2,0.0,2,4,1,100.80000000000001,181.0,2,0,0,1
101.987378,348,187.723105,3,0.0,7,5,2,167.63200000000003,281.0,3,0,2,0
39.103009,183,188.815816,2,0.0,1,3,1,108.808,138.0,2,1,0,2
41.158447,188,189.958845,2,0.0,0,3,1,109.92800000000001,130.0,2,1,0,0
102.117048,320,191.946535,3,0.0,4,5,2,109.39200000000002,257.0,3,0,2,1
42.48395,200,193.215605,2,0.0,4,3,1,101.36000000000001,162.0,2,0,0,1
35.659975,212,194.549735,2,0.0,0,3,1,114.24000000000001,130.0,2,0,0,0
56.873819,236,195.97217,2,0.0,5,4,1,106.624,205.0,3,0,0,1
54.620394,194,197.140571,2,0.0,1,4,1,109.92800000000001,173.0,2,1,0,0
42.624762,242,198.59413,2,0.0,3,3,1,100.80000000000001,154.0,2,0,0,2
24.707397,217,199.965841,2,0.0,2,2,1,100.24000000000001,111.0,2,0,0,0
37.445225,244,201.432545,2,0.0,1,3,1,114.80000000000001,138.0,2,0,0,0
38.61065,234,202.222642,2,0.0,1,3,1,100.24000000000001,138.0,2,0,0,0
16.120986,220,203.158595,2,0.0,0,2,1,165.36800000000002,95.0,2,1,0,0
15.710549,204,204.36984,2,0.0,1,2,1,171.36,103.0,2,0,0,0
105.381734,398,206.836702,3,0.0,4,5,2,114.57600000000002,257.0,3,0,0,0
102.537873,453,209.619459,3,0.0,2,5,2,109.39200000000002,241.0,3,0,0,0
93.995942,351,211.742684,3,0.0,4,5,2,204.48000000000002,257.0,3,0,0,0
57.162818,203,212.913807,2,0.0,5,4,1,100.80000000000001,205.0,3,0,0,1
97.744066,378,215.247501,3,0.0,7,5,2,193.47200000000004,281.0,3,0,0,0
53.166824,207,216.512064,2,0.0,3,4,1,114.24000000000001,189.0,2,1,0,1
61.964443,297,218.446351,2,0.0,7,4,1,100.24000000000001,221.0,3,1,0,0
105.8349,357,220.67222,3,0.0,6,5,2,204.61440000000002,273.0,3,1,2,0
56.520801,197,221.886819,2,0.0,4,4,1,101.36000000000001,197.0,2,0,0,0
123.803972,352,224.071005,3,0.0,12,5,2,111.65600000000002,321.0,3,0,2,0
55.919151,275,225.680482,2,0.0,9,4,1,171.92000000000002,237.0,3,0,0,1
36.01851,179,226.76982,2,0.0,0,3,1,128.24,130.0,2,0,0,0
100.021839,439,229.510196,3,0.0,8,5,2,193.47200000000004,289.0,3,0,2,2
21.229708,213,230.858888,2,0.0,3,2,1,165.36800000000002,119.0,2,1,0,0
104.263689,514,234.32183,3,0.0,9,5,2,197.05600000000004,297.0,3,0,2,0
94.396157,397,236.874374,3,0.0,4,5,2,160.52,257.0,3,0,2,0
25.525873,243,238.444415,2,0.0,2,2,1,101.92,111.0,2,1,0,0
125.646624,497,241.601065,3,0.0,19,5,2,113.20000000000002,377.0,3,0,2,1
93.15822,390,243.971703,3,0.0,3,5,2,215.93600000000004,249.0,3,0,0,0
57.966144,325,246.1358,2,0.0,7,4,1,115.92000000000002,221.0,3,1,0,1
-20.417438,119,246.839645,1,0.0,3,1,0,112.0,59.0,2,0,0,0
97.959312,360,249.000376,3,0.0,6,5,2,209.07200000000003,273.0,3,0,0,1
39.955805,295,250.787992,2,0.0,3,3,1,122.808,154.0,2,1,0,0
108.233341,428,253.459274,3,0.0,11,5,2,123.92000000000002,313.0,3,0,2,1
91.972123,392,255.912752,3,0.0,1,5,2,176.448,233.0,3,0,2,0
105.261601,451,258.799033,3,0.0,5,5,2,110.208,265.0,3,0,0,0
22.811938,183,259.927014,2,0.0,0,2,1,114.80000000000001,95.0,2,1,0,0
54.857798,253,261.520775,2,0.0,3,4,1,100.24000000000001,189.0,2,0,0,0
97.456103,270,263.117063,3,0.0,1,5,2,104.94400000000002,233.0,3,0,0,0
106.955457,482,266.12943,3,0.0,9,5,2,170.928,297.0,3,0,0,1
105.245629,343,268.215977,3,0.0,6,5,2,104.38400000000001,273.0,3,0,0,1
61.64295,263,269.841866,2,0.0,7,4,1,101.92,221.0,3,1,0,1
123.995164,322,271.724056,3,0.0,8,5,2,108.83200000000002,289.0,3,0,2,1
57.419666,255,273.248571,2,0.0,5,4,1,113.34400000000001,205.0,3,0,0,1
133.173789,496,276.363669,3,0.0,16,5,2,124.51200000000001,353.0,3,1,2,1
20.294373,258,277.977556,2,0.0,0,2,1,113.68,95.0,2,0,0,0
56.468844,230,279.329097,2,0.0,3,4,1,100.24000000000001,189.0,2,0,0,2
42.969663,296,281.123214,2,0.0,6,3,1,100.24000000000001,178.0,2,0,0,0
43.137241,183,282.225819,2,0.0,4,3,1,101.36000000000001,162.0,2,1,0,1
109.138451,392,284.632617,3,0.0,9,5,2,113.20000000000002,297.0,3,0,2,1
23.860366,201,285.813207,2,0.0,1,2,1,113.12,103.0,2,0,0,0
-23.223257,87,286.31879,1,0.0,1,1,0,112.0,43.0,1,0,0,0
97.767984,436,289.053878,3,0.0,4,5,2,173.68000000000004,257.0,3,0,0,0
106.463518,338,291.079487,3,0.0,10,5,2,175.08,305.0,3,0,0,1
117.701142,353,293.252003,3,0.0,9,5,2,161.80800000000002,297.0,3,1,0,0
126.748092,376,295.631119,3,0.0,9,5,2,102.22400000000002,297.0,3,0,3,1
49.394615,248,297.11265,2,0.0,3,4,1,171.36,189.0,2,0,0,0
126.83231,392,299.461259,3,0.0,15,5,2,115.22720000000001,345.0,3,1,2,2
111.701203,286,301.185681,3,0.0,5,5,2,101.69600000000001,265.0,3,0,3,0
125.985212,365,303.392795,3,0.0,10,5,2,107.96800000000002,305.0,3,0,0,1
108.341596,246,313.262063,3,0.0,4,5,2,115.13600000000002,257.0,3,0,3,1
114.251353,428,314.361311,3,0.0,14,5,2,112.94400000000002,337.0,3,0,3,1
103.00136,473,315.716079,3,0.0,3,5,2,107.23200000000001,249.0,3,0,2,0
40.268189,165,316.16595,2,0.0,3,3,1,100.80000000000001,154.0,2,0,0,1
53.767439,242,316.871271,2,0.0,7,4,1,159.04000000000002,221.0,3,1,0,0
57.860239,243,317.537918,2,0.0,5,4,1,105.728,205.0,3,0,0,1
132.450868,399,318.60267,3,0.0,13,5,2,100.69920000000002,329.0,3,1,0,1
24.969071,231,319.230768,2,0.0,2,2,1,114.80000000000001,111.0,2,1,0,0
108.473311,321,320.056592,3,0.0,6,5,2,104.72000000000003,273.0,3,0,0,0
17.02118,264,320.770046,2,0.0,1,2,1,179.928,103.0,2,1,0,0
43.712442,347,322.938819,2,0.0,2,3,1,101.36000000000001,146.0,2,1,0,1
98.422341,343,325.036275,3,0.0,3,5,2,161.24800000000002,249.0,3,0,0,0
-21.368945,125,325.77575,1,0.0,1,1,0,112.0,43.0,1,0,0,0
109.309742,343,327.780559,3,0.0,9,5,2,171.776,297.0,3,0,0,1
39.608828,277,329.460985,2,0.0,2,3,1,100.80000000000001,146.0,2,0,0,0
53.75292,198,330.672595,2,0.0,2,4,1,102.0376,181.0,2,1,0,1
60.557266,212,331.98901,2,0.0,6,4,1,100.80000000000001,213.0,3,0,0,1
36.604644,167,332.971226,2,0.0,0,3,1,100.24000000000001,130.0,2,0,0,0
33.763948,203,334.217703,2,0.0,0,3,1,171.92000000000002,130.0,2,0,0,0
94.163483,376,336.593069,3,0.0,2,5,2,170.5184,241.0,3,0,2,0
41.314,221,337.982683,2,0.0,4,3,1,100.80000000000001,162.0,2,1,0,1
22.09549,264,339.708743,2,0.0,2,2,1,113.68,111.0,2,1,0,0
55.7346,254,341.439883,2,0.0,3,4,1,100.24000000000001,189.0,2,0,0,0
38.378736,199,342.728497,2,0.0,2,3,1,129.36,146.0,2,0,0,1
106.643133,300,344.609073,3,0.0,4,5,2,104.72000000000003,257.0,3,0,0,0
36.567707,180,345.685522,2,0.0,1,3,1,114.24000000000001,138.0,2,0,0,1
116.289814,290,347.436765,3,0.0,7,5,2,105.80800000000002,281.0,3,0,2,1
111.947715,260,348.966786,3,0.0,6,5,2,107.96800000000002,273.0,3,0,2,1
98.689936,371,351.329482,3,0.0,4,5,2,148.92800000000003,257.0,3,0,0,0
58.530842,220,352.672056,2,0.0,5,4,1,101.36000000000001,205.0,3,0,0,0
110.099707,329,354.766944,3,0.0,6,5,2,104.38400000000001,273.0,3,0,2,1
103.68188,382,357.18046,3,0.0,9,5,2,165.472,297.0,3,0,0,1
25.089953,181,358.277692,2,0.0,1,2,1,103.376,103.0,2,1,0,1
57.002906,244,359.751475,2,0.0,5,4,1,114.24000000000001,205.0,3,0,0,0
44.853942,200,360.984023,2,0.0,5,3,1,100.80000000000001,170.0,2,0,0,1
38.274041,206,362.250154,2,0.0,1,3,1,101.36000000000001,138.0,2,0,0,1
135.132146,631,366.737539,3,0.0,16,5,2,135.23200000000003,443.0,4,0,0,1
118.101289,394,369.175943,3,0.0,8,5,2,101.13600000000002,289.0,3,0,0,1
109.712795,396,371.629866,3,0.0,11,5,2,176.0288,313.0,3,0,2,1
43.919972,218,372.906111,2,0.0,5,3,1,101.36000000000001,170.0,2,0,0,0
23.651723,184,373.983346,2,0.0,2,2,1,114.80000000000001,111.0,2,0,0,0
49.577616,267,375.586084,2,0.0,9,3,1,100.80000000000001,202.0,3,0,0,1
21.819643,231,377.041779,2,0.0,0,2,1,114.24000000000001,95.0,2,1,0,0
96.800844,388,379.451063,3,0.0,2,5,2,158.25600000000003,241.0,3,0,2,0
102.984099,428,382.193186,3,0.0,6,5,2,169.53600000000003,273.0,3,0,0,0
103.900252,381,384.720437,3,0.0,5,5,2,111.55200000000002,265.0,3,0,2,0
40.574164,212,386.054624,2,0.0,4,3,1,117.936,162.0,2,1,0,1
38.489412,193,387.204567,2,0.0,1,3,1,102.816,138.0,2,1,0,0
41.892441,221,388.503303,2,0.0,3,3,1,100.24000000000001,154.0,2,0,0,0
99.204749,280,390.113352,3,0.0,5,5,2,167.07200000000003,265.0,3,0,0,1
57.820422,217,391.408706,2,0.0,5,4,1,101.36000000000001,205.0,3,0,0,0
95.20495,354,393.557471,3,0.0,3,5,2,167.63200000000003,249.0,3,0,2,0
105.29683,342,395.677327,3,0.0,6,5,2,112.11200000000002,273.0,3,0,0,0
38.262291,131,396.436973,2,0.0,2,3,1,102.816,146.0,2,1,0,2
60.833393,271,398.062604,2,0.0,7,4,1,100.80000000000001,221.0,3,0,0,1
64.057313,260,399.66033,2,0.0,11,4,1,101.36000000000001,253.0,3,0,0,2
31.109686,360,402.144512,2,0.0,1,3,1,171.36,138.0,2,1,0,0
22.293018,169,403.189463,2,0.0,0,2,1,124.264,95.0,2,1,0,1
53.874368,193,404.391037,2,0.0,2,4,1,100.24000000000001,181.0,2,1,0,0
30.055653,280,406.163761,2,0.0,1,3,1,194.488,138.0,2,1,0,0
41.523593,240,407.625868,2,0.0,1,3,1,100.80000000000001,138.0,2,0,0,0
125.863837,439,410.457692,3,0.0,13,5,2,101.69600000000001,329.0,3,1,3,1
20.716267,181,411.53282,2,0.0,0,2,1,108.808,95.0,2,1,0,0
97.31394,361,413.775542,3,0.0,5,5,2,170.09600000000003,265.0,3,0,2,0
100.904236,330,415.809811,3,0.0,2,5,2,106.36800000000001,241.0,3,0,3,0
39.564894,218,417.080443,2,0.0,2,3,1,114.80000000000001,146.0,2,0,0,1
119.051326,395,419.516436,3,0.0,12,5,2,121.20000000000002,321.0,3,0,2,1
52.804166,208,420.776705,2,0.0,2,4,1,114.24000000000001,181.0,2,0,0,1
110.828212,425,423.337687,3,0.0,8,5,2,105.28000000000002,289.0,3,0,3,2
55.266826,227,424.694189,2,0.0,2,4,1,101.92,181.0,2,0,0,0
120.797657,371,426.991048,3,0.0,12,5,2,124.51200000000001,321.0,3,0,2,1
32.307729,279,428.697139,2,0.0,1,3,1,200.48000000000002,138.0,2,0,0,0
126.640906,424,431.418943,3,0.0,14,5,2,107.23200000000001,337.0,3,0,0,1
16.35886,228,432.811515,2,0.0,0,2,1,157.92000000000002,95.0,2,0,0,0
109.806135,328,434.818933,3,0.0,6,5,2,115.13600000000002,273.0,3,0,2,0
55.293824,239,436.315877,2,0.0,1,4,1,100.24000000000001,173.0,2,1,0,0
116.402479,408,438.880725,3,0.0,9,5,2,109.95200000000001,297.0,3,0,2,1
25.258222,200,440.058786,2,0.0,1,2,1,100.24000000000001,103.0,2,0,0,0
102.824086,302,441.856869,3,0.0,6,5,2,141.20000000000002,273.0,3,0,3,1
55.936992,318,443.894121,2,0.0,6,4,1,129.92000000000002,213.0,3,1,0,1
51.740738,252,445.414448,2,0.0,4,4,1,157.36,197.0,2,0,0,0
55.117369,199,446.648169,2,0.0,3,4,1,101.36000000000001,189.0,2,1,0,0
118.899248,369,448.91557,3,0.0,6,5,2,115.69600000000003,273.0,3,0,0,1
115.423291,430,451.657722,3,0.0,12,5,2,109.95200000000001,321.0,3,0,0,1
107.124018,480,454.737331,3,0.0,8,5,2,109.39200000000002,289.0,3,0,2,0
118.969371,420,457.350208,3,0.0,14,5,2,100.57600000000002,337.0,3,0,2,2
52.524328,316,470.119739,2,0.0,5,4,1,172.48000000000002,205.0,3,0,0,0
118.14467,376,472.653204,3,0.0,9,5,2,103.64800000000001,297.0,3,0,2,0
109.146637,283,474.368778,3,0.0,6,5,2,111.08160000000001,273.0,3,0,2,1
100.405026,385,476.74089,3,0.0,7,5,2,177.79200000000003,281.0,3,0,2,1
53.816822,270,478.420283,2,0.0,3,4,1,113.68,189.0,2,0,0,0
25.574791,173,479.503483,2,0.0,2,2,1,109.36800000000001,111.0,2,1,0,1
56.502138,268,481.117145,2,0.0,4,4,1,100.24000000000001,197.0,2,0,0,0
131.221878,593,484.984532,3,0.0,23,5,2,173.48000000000002,409.0,3,1,2,2
40.493175,185,486.107064,2,0.0,3,3,1,113.12,154.0,2,0,0,1
40.773764,150,486.996158,2,0.0,2,3,1,110.824,146.0,2,1,0,0
56.555841,220,488.349639,2,0.0,4,4,1,100.80000000000001,197.0,2,0,0,1
105.979261,373,490.717949,3,0.0,6,5,2,173.68000000000004,273.0,3,0,2,1
116.047738,435,493.401128,3,0.0,10,5,2,161.32800000000003,305.0,3,0,2,1
42.127156,225,494.779436,2,0.0,3,3,1,100.24000000000001,154.0,2,0,0,0
38.674878,165,495.810848,2,0.0,2,3,1,101.92,146.0,2,0,0,0
54.702329,236,497.267009,2,0.0,2,4,1,100.24000000000001,181.0,2,0,0,0
99.581067,412,499.89714,3,0.0,4,5,2,144.78400000000002,257.0,3,0,0,0
25.459093,179,501.034439,2,0.0,3,2,1,117.376,119.0,2,1,0,1
116.86043,400,503.663499,3,0.0,9,5,2,106.36800000000001,297.0,3,1,0,1
22.632282,168,504.774456,2,0.0,1,2,1,101.36000000000001,103.0,2,0,0,0
38.226137,167,505.780666,2,0.0,0,3,1,102.256,130.0,2,1,0,1
118.351644,423,508.587883,3,0.0,11,5,2,125.90400000000002,313.0,3,1,2,1
47.893797,240,510.044107,2,0.0,2,4,1,172.48000000000002,181.0,2,0,0,0
20.100135,165,511.053179,2,0.0,1,2,1,138.264,103.0,2,1,0,0
119.248696,345,513.264791,3,0.0,6,5,2,121.54400000000003,363.0,3,1,0,0
94.321656,295,515.123957,3,0.0,1,5,2,175.64000000000001,233.0,3,0,0,0
15.961134,215,516.49753,2,0.0,0,2,1,157.92000000000002,95.0,2,1,0,0
107.233952,443,519.269937,3,0.0,10,5,2,169.58400000000003,305.0,3,0,3,1
61.401389,213,520.538401,2,0.0,7,4,1,101.36000000000001,221.0,3,0,0,1
94.48592,263,522.181762,3,0.0,3,5,2,174.52,249.0,3,0,0,1
99.868744,342,524.282391,3,0.0,4,5,2,165.95200000000003,257.0,3,0,3,0
41.705232,249,525.851469,2,0.0,2,3,1,100.80000000000001,146.0,2,1,0,1
109.625896,511,529.093498,3,0.0,10,5,2,122.52800000000002,305.0,3,0,0,1
93.643303,296,530.871887,3,0.0,1,5,2,146.38400000000001,233.0,3,0,3,0
111.234337,334,532.912844,3,0.0,9,5,2,106.36800000000001,297.0,3,0,2,2
25.427711,168,533.937117,2,0.0,1,2,1,108.248,103.0,2,1,0,0
21.56225,155,534.973348,2,0.0,0,2,1,108.248,95.0,2,1,0,0
132.218815,373,537.544262,3,0.0,11,5,2,133.12320000000003,403.0,3,1,0,1
117.070015,525,540.897832,3,0.0,17,5,2,126.67200000000003,361.0,3,0,2,2
50.18599,285,542.665789,2,0.0,1,4,1,157.92000000000002,173.0,2,0,0,0
112.735273,326,544.69655,3,0.0,10,5,2,117.12000000000002,305.0,3,0,2,1
111.648261,318,546.653214,3,0.0,9,5,2,113.53600000000002,297.0,3,0,2,1
38.070942,207,547.98892,2,0.0,0,3,1,114.80000000000001,130.0,2,1,0,0
97.116736,410,550.701582,3,0.0,4,5,2,148.68,257.0,3,0,2,0
54.922329,189,551.848671,2,0.0,3,4,1,109.92800000000001,189.0,2,1,0,0
127.852567,337,553.87143,3,0.0,12,5,2,105.24800000000002,321.0,3,0,0,1
51.863375,186,554.998524,2,0.0,0,4,1,100.24000000000001,165.0,2,0,0,0
23.18702,224,556.369195,2,0.0,2,2,1,100.24000000000001,111.0,2,1,0,0
105.950517,470,559.475932,3,0.0,12,5,2,205.31200000000004,321.0,3,0,0,1
117.059584,320,561.469493,3,0.0,9,5,2,121.76800000000001,387.0,3,0,2,1
97.592903,462,564.375727,3,0.0,3,5,2,148.96,249.0,3,0,2,0
52.851273,183,565.447567,2,0.0,0,4,1,100.24000000000001,165.0,2,1,0,0
39.973627,247,566.984846,2,0.0,2,3,1,101.36000000000001,146.0,2,0,0,0
100.817205,266,568.624165,3,0.0,1,5,2,103.64800000000001,233.0,3,0,0,0
21.033561,217,569.979493,2,0.0,2,2,1,113.12,111.0,2,1,0,0
52.105691,198,571.168427,2,0.0,1,4,1,101.36000000000001,173.0,2,0,0,1
107.505935,303,573.046461,3,0.0,7,5,2,170.09600000000003,281.0,3,0,0,1
118.487026,348,575.170681,3,0.0,11,5,2,108.83200000000002,313.0,3,0,2,1
21.439509,222,576.576168,2,0.0,4,2,1,165.928,127.0,2,1,0,0
103.244279,501,580.404587,3,0.0,8,5,2,193.47200000000004,289.0,3,0,3,1
53.075733,210,581.708164,2,0.0,2,4,1,100.24000000000001,181.0,2,0,0,0
41.777403,193,582.956741,2,0.0,3,3,1,115.36000000000001,154.0,2,0,0,1
114.241676,322,584.945874,3,0.0,7,5,2,116.09920000000002,281.0,3,1,2,0
26.459442,183,586.132726,2,0.0,3,2,1,109.36800000000001,119.0,2,1,0,1
103.834421,374,588.586171,3,0.0,5,5,2,104.68800000000002,265.0,3,0,3,0
114.338659,309,590.57407,3,0.0,6,5,2,113.53600000000002,273.0,3,0,0,1
32.838823,226,591.389325,2,0.0,7,2,1,100.80000000000001,151.0,2,1,0,1
56.385713,260,592.567024,2,0.0,3,4,1,101.92,189.0,2,1,0,1
113.16374,430,595.326638,3,0.0,9,5,2,175.08,387.0,3,0,3,1
95.305444,499,598.623146,3,0.0,4,5,2,197.05600000000004,257.0,3,0,0,0
16.163888,232,600.046593,2,0.0,0,2,1,172.48000000000002,95.0,2,0,0,0
103.877973,275,601.729933,3,0.0,3,5,2,109.39200000000002,249.0,3,0,0,1
40.456551,158,602.649091,2,0.0,2,3,1,102.816,146.0,2,1,0,1
55.079409,300,604.569697,2,0.0,2,4,1,114.24000000000001,181.0,2,1,0,0
102.836435,359,606.83811,3,0.0,4,5,2,163.8208,257.0,3,0,0,0
99.693275,402,609.545991,3,0.0,1,5,2,114.6768,233.0,3,0,2,0
114.765504,389,612.002999,3,0.0,11,5,2,115.69600000000003,313.0,3,0,0,2
59.410312,299,613.927895,2,0.0,6,4,1,100.80000000000001,213.0,3,0,0,1
96.086799,370,616.350811,3,0.0,2,5,2,150.86400000000003,241.0,3,0,0,0
23.855607,181,617.491423,2,0.0,1,2,1,103.376,103.0,2,1,0,0
110.936492,494,620.601022,3,0.0,10,5,2,180.032,305.0,3,0,3,1
96.746951,469,623.582524,3,0.0,8,5,2,224.49600000000004,289.0,3,0,3,0
100.518792,299,625.368863,3,0.0,3,5,2,112.97600000000003,249.0,3,0,2,0
42.152553,220,635.418943,2,0.0,6,3,1,100.24000000000001,178.0,2,1,0,1
37.884543,119,636.133823,2,0.0,0,3,1,103.376,130.0,2,1,0,1
53.243775,206,637.357018,2,0.0,1,4,1,101.36000000000001,173.0,2,0,0,0
113.271528,467,639.597073,3,0.0,10,5,2,120.92800000000001,305.0,3,0,2,1
105.784124,279,640.307883,3,0.0,5,5,2,106.84800000000001,265.0,3,0,0,2
38.21341,164,640.750595,2,0.0,1,3,1,108.808,138.0,2,1,0,2
112.901087,661,642.779547,3,0.0,12,5,2,176.36800000000002,321.0,3,0,2,1
100.814066,240,643.472021,3,0.0,3,5,2,198.12800000000004,249.0,3,0,3,0
106.786308,297,645.267863,3,0.0,5,5,2,104.68800000000002,265.0,3,0,2,1
122.862939,356,647.613175,3,0.0,14,5,2,100.06400000000001,337.0,3,1,2,1
199.652709,361,650.072703,4,0.0,9,7,3,120.40000000000002,542.0,4,0,0,0
52.809839,172,651.133493,2,0.0,1,4,1,101.36000000000001,173.0,2,0,0,0
93.375003,439,654.09047,3,0.0,2,5,2,185.77600000000004,241.0,3,0,2,0
43.438437,221,655.456902,2,0.0,4,3,1,104.83200000000001,162.0,2,1,0,1
119.801483,321,657.502805,3,0.0,8,5,2,101.69600000000001,289.0,3,0,0,1
56.961344,247,659.054905,2,0.0,4,4,1,100.24000000000001,197.0,2,0,0,0
107.134031,376,661.434457,3,0.0,6,5,2,117.34400000000001,273.0,3,0,0,1
92.129174,414,664.177105,3,0.0,2,5,2,158.304,241.0,3,0,2,0
110.402112,318,666.140935,3,0.0,8,5,2,117.82400000000001,289.0,3,0,0,1
111.970107,293,668.012168,3,0.0,6,5,2,108.83200000000002,273.0,3,0,2,1
102.995808,344,670.202662,3,0.0,3,5,2,117.64800000000002,249.0,3,0,0,1
104.686193,423,672.872338,3,0.0,5,5,2,115.66400000000002,265.0,3,0,2,0
38.092078,165,673.859961,2,0.0,1,3,1,103.376,138.0,2,1,0,0
109.567465,468,676.909666,3,0.0,11,5,2,165.98400000000004,313.0,3,0,2,1
124.505762,526,680.338123,3,0.0,16,5,2,123.39200000000002,353.0,3,1,2,1
98.14944,398,682.85355,3,0.0,3,5,2,112.64000000000001,249.0,3,0,2,0
41.924903,251,684.430194,2,0.0,4,3,1,101.36000000000001,162.0,2,0,0,0
109.339823,343,686.515772,3,0.0,7,5,2,107.96800000000002,281.0,3,0,2,1
29.3505,229,687.927853,2,0.0,6,2,1,109.36800000000001,143.0,2,1,0,2
23.82879,214,689.262767,2,0.0,2,2,1,108.808,111.0,2,1,0,0
59.858196,258,690.798824,2,0.0,6,4,1,114.24000000000001,213.0,3,0,0,0
22.304961,236,692.309172,2,0.0,0,2,1,101.36000000000001,95.0,2,1,0,0
63.508208,260,693.905825,2,0.0,9,4,1,100.80000000000001,237.0,3,0,0,2
127.854334,514,697.386909,3,0.0,14,5,2,106.36800000000001,337.0,3,1,2,1
110.363105,334,699.528655,3,0.0,6,5,2,158.36,273.0,3,0,2,0
55.43307,200,700.77079,2,0.0,3,4,1,101.36000000000001,189.0,2,0,0,1
43.546976,269,702.530331,2,0.0,4,3,1,117.936,162.0,2,1,0,1
106.108707,512,705.903543,3,0.0,9,5,2,204.48000000000002,297.0,3,0,2,1
57.044174,239,707.36308,2,0.0,4,4,1,105.728,197.0,2,0,0,1
58.729945,244,708.857479,2,0.0,4,4,1,100.24000000000001,197.0,2,0,0,0
54.18589,181,709.945724,2,0.0,2,4,1,100.24000000000001,181.0,2,0,0,0
117.150285,346,712.113525,3,0.0,9,5,2,158.36,297.0,3,1,3,1
125.826191,466,715.160569,3,0.0,14,5,2,109.95200000000001,337.0,3,1,0,1
98.216118,376,717.473595,3,0.0,1,5,2,101.69600000000001,233.0,3,0,0,0
121.452428,408,720.023069,3,0.0,12,5,2,118.20800000000001,321.0,3,1,2,2
53.644516,196,721.201731,2,0.0,1,4,1,100.24000000000001,173.0,2,1,0,1
107.357194,307,723.067743,3,0.0,6,5,2,122.83200000000002,273.0,3,0,0,1
56.91364,221,724.478998,2,0.0,3,4,1,109.36800000000001,189.0,2,1,0,1
54.027399,212,725.863805,2,0.0,3,4,1,100.24000000000001,189.0,2,1,0,2
101.507791,336,727.922935,3,0.0,4,5,2,121.96800000000002,257.0,3,0,0,1
25.994092,250,729.503322,2,0.0,1,2,1,101.36000000000001,103.0,2,0,0,0
118.433051,376,731.948387,3,0.0,9,5,2,109.95200000000001,297.0,3,0,0,2
23.381514,208,733.177112,2,0.0,2,2,1,114.24000000000001,111.0,2,0,0,0
20.749248,216,734.435882,2,0.0,2,2,1,171.92000000000002,111.0,2,0,0,0
116.323861,305,736.267509,3,0.0,6,5,2,165.22400000000002,273.0,3,0,0,1
55.101114,237,737.719926,2,0.0,2,4,1,101.36000000000001,181.0,2,0,0,1
51.921961,229,739.16009,2,0.0,2,4,1,114.24000000000001,181.0,2,0,0,0
117.425944,449,742.060684,3,0.0,11,5,2,109.95200000000001,313.0,3,0,2,1
53.3481,201,743.272779,2,0.0,3,4,1,114.80000000000001,189.0,2,0,0,0
55.504357,181,744.349159,2,0.0,4,4,1,100.80000000000001,197.0,2,0,0,0
97.608408,415,746.994727,3,0.0,7,5,2,199.77600000000004,281.0,3,0,2,1
107.253689,335,749.124593,3,0.0,8,5,2,116.78400000000002,289.0,3,0,2,1
37.483038,169,750.117507,2,0.0,1,3,1,102.816,138.0,2,1,0,0
104.5904,396,752.596649,3,0.0,4,5,2,105.28000000000002,257.0,3,0,2,0
115.281182,378,754.917248,3,0.0,10,5,2,111.55200000000002,305.0,3,0,2,1
35.853816,174,755.961513,2,0.0,0,3,1,100.24000000000001,130.0,2,0,0,0
37.209152,291,757.784959,2,0.0,2,3,1,113.68,146.0,2,0,0,0
30.419868,141,758.584946,2,0.0,2,2,1,100.80000000000001,111.0,2,0,0,0
57.027102,425,761.478369,2,0.0,7,4,1,129.36,221.0,3,1,0,1
101.25222,387,763.874719,3,0.0,3,5,2,111.83200000000001,249.0,3,0,2,0
122.379087,327,765.900663,3,0.0,10,5,2,125.37600000000002,305.0,3,1,2,1
112.705704,396,768.400672,3,0.0,12,5,2,101.66400000000002,321.0,3,0,0,1
94.320282,352,770.586349,3,0.0,3,5,2,192.91200000000003,249.0,3,0,2,1
123.14913,367,772.834107,3,0.0,10,5,2,117.21120000000002,305.0,3,1,2,1
112.607595,532,776.264217,3,0.0,11,5,2,108.05760000000001,313.0,3,0,0,1
115.070688,382,778.592549,3,0.0,13,5,2,160.20800000000003,329.0,3,0,2,2
42.413892,182,779.759468,2,0.0,4,3,1,109.36800000000001,162.0,2,1,0,1
126.958567,393,782.273059,3,0.0,12,5,2,131.43200000000002,411.0,3,0,2,1
41.995971,160,783.223377,2,0.0,4,3,1,100.80000000000001,162.0,2,0,0,1
107.928459,500,786.614223,3,0.0,8,5,2,127.84800000000003,289.0,3,0,2,1
58.140666,257,798.118765,2,0.0,4,4,1,100.80000000000001,197.0,2,0,0,1
40.425884,209,799.442247,2,0.0,2,3,1,100.24000000000001,146.0,2,0,0,0
102.074699,343,801.640968,3,0.0,5,5,2,112.39200000000001,265.0,3,0,0,0
113.526516,391,804.156954,3,0.0,10,5,2,178.91200000000003,305.0,3,1,3,1
106.450376,469,807.13336,3,0.0,11,5,2,194.592,313.0,3,0,0,2
455.99556,710,811.71971,6,0.0,36,16,5,186.88,1213.0,6,1,2,1
55.342583,191,812.892194,2,0.0,1,4,1,101.36000000000001,173.0,2,0,0,0
111.318007,302,814.725892,3,0.0,9,5,2,108.83200000000002,297.0,3,0,2,1
94.832088,374,817.078954,3,0.0,2,5,2,172.72,241.0,3,0,0,0
110.035091,432,819.909083,3,0.0,9,5,2,108.52800000000002,297.0,3,0,0,1
59.639169,325,821.961913,2,0.0,6,4,1,101.92,213.0,3,1,0,1
112.301426,375,824.283325,3,0.0,12,5,2,144.78400000000002,321.0,3,0,2,1
117.247843,485,827.502562,3,0.0,14,5,2,121.79200000000002,337.0,3,0,2,1
119.836511,295,829.371242,3,0.0,9,5,2,108.83200000000002,297.0,3,0,2,1
109.504417,383,831.772326,3,0.0,8,5,2,111.55200000000002,289.0,3,0,2,1
104.115111,390,834.251545,3,0.0,5,5,2,117.12000000000002,265.0,3,0,2,0
106.209602,349,836.492677,3,0.0,9,5,2,123.92000000000002,297.0,3,0,2,1
39.237417,173,837.553955,2,0.0,2,3,1,123.92800000000001,146.0,2,1,0,1
18.183584,217,838.927504,2,0.0,0,2,1,157.92000000000002,95.0,2,0,0,0
34.698431,178,840.019264,2,0.0,2,3,1,156.24,146.0,2,0,0,0
58.999213,252,841.558182,2,0.0,5,4,1,100.80000000000001,205.0,3,0,0,0
125.093058,394,843.963075,3,0.0,12,5,2,100.66720000000001,321.0,3,1,0,1
40.320396,153,844.863107,2,0.0,2,3,1,102.256,146.0,2,1,0,0
115.605175,477,848.007934,3,0.0,8,5,2,101.13600000000002,289.0,3,0,3,1
105.964619,480,851.134995,3,0.0,5,5,2,106.36800000000001,265.0,3,0,2,1
128.724109,389,853.593934,3,0.0,18,5,2,117.08800000000002,369.0,3,0,2,1
107.730484,464,856.643271,3,0.0,8,5,2,116.22400000000002,289.0,3,0,2,1
54.027357,173,857.73408,2,0.0,3,4,1,108.248,189.0,2,1,0,1
52.344711,223,859.099279,2,0.0,2,4,1,100.24000000000001,181.0,2,0,0,0
109.93154,370,861.548302,3,0.0,6,5,2,109.39200000000002,273.0,3,0,0,0
51.927705,230,862.973973,2,0.0,1,4,1,113.68,173.0,2,0,0,0
105.187948,284,864.72704,3,0.0,4,5,2,102.56960000000001,257.0,3,0,0,0
45.308287,220,866.160143,2,0.0,6,3,1,101.36000000000001,178.0,2,1,0,1
28.44846,179,867.230189,2,0.0,4,2,1,100.24000000000001,127.0,2,0,0,0
56.646793,215,868.555028,2,0.0,3,4,1,101.36000000000001,189.0,2,1,0,2
115.062284,327,870.614405,3,0.0,5,5,2,139.67520000000002,265.0,3,1,0,0
124.703768,481,872.156248,3,0.0,15,5,2,121.23200000000003,345.0,3,1,2,1
52.07916,161,873.030922,2,0.0,1,4,1,100.24000000000001,173.0,2,0,0,0
104.761762,542,876.585061,3,0.0,9,5,2,173.16800000000003,297.0,3,0,0,1
102.333094,402,879.151798,3,0.0,5,5,2,116.25600000000001,265.0,3,0,0,0
124.062153,327,881.165794,3,0.0,12,5,2,108.92320000000001,321.0,3,1,2,1
107.122807,539,884.816024,3,0.0,10,5,2,176.02880000000002,305.0,3,0,0,1
57.43499,219,886.154632,2,0.0,5,4,1,100.80000000000001,205.0,3,0,0,2
101.600075,257,887.727968,3,0.0,1,5,2,131.12000000000003,233.0,3,0,0,0
61.741704,277,889.432355,2,0.0,8,4,1,101.92,229.0,3,0,0,1
56.408839,197,890.62346,2,0.0,4,4,1,101.92,197.0,2,0,0,1
127.832712,385,893.193653,3,0.0,11,5,2,122.83200000000002,313.0,3,1,2,1
122.919109,528,896.755047,3,0.0,20,5,2,123.08800000000002,385.0,3,0,3,1
110.854176,363,899.318156,3,0.0,4,5,2,113.53600000000002,257.0,3,1,2,1
115.144273,422,902.63125,3,0.0,10,5,2,101.13600000000002,305.0,3,0,2,1
55.621428,258,904.650042,2,0.0,2,4,1,101.92,181.0,2,1,0,2
101.574779,355,907.014882,3,0.0,5,5,2,127.50400000000002,265.0,3,0,2,0
37.995565,184,908.154193,2,0.0,1,3,1,101.36000000000001,138.0,2,0,0,1
95.209708,469,911.347189,3,0.0,1,5,2,194.592,233.0,3,0,0,0
109.653183,387,913.862863,3,0.0,7,5,2,111.55200000000002,281.0,3,0,2,2
55.533863,187,915.072714,2,0.0,2,4,1,102.256,181.0,2,1,0,0
104.906603,314,917.058779,3,0.0,5,5,2,101.69600000000001,265.0,3,0,2,0
52.985653,216,918.389126,2,0.0,3,4,1,128.8,189.0,2,0,0,1
59.837223,240,919.863026,2,0.0,7,4,1,100.24000000000001,221.0,3,0,0,1
121.160868,484,922.967941,3,0.0,12,5,2,136.38400000000001,411.0,3,0,3,1
101.32915,381,924.47816,3,0.0,4,5,2,109.92000000000002,257.0,3,0,2,0
112.268618,310,925.285079,3,0.0,8,5,2,115.13600000000002,289.0,3,0,2,1
100.443042,413,926.399323,3,0.0,9,5,2,197.312,297.0,3,0,0,1
103.057826,431,927.755444,3,0.0,2,5,2,115.66400000000002,241.0,3,0,2,0
105.184005,256,929.359723,3,0.0,5,5,2,106.12000000000002,265.0,3,0,3,1
105.43436,404,932.089871,3,0.0,7,5,2,164.35200000000003,281.0,3,0,0,1
98.708996,462,935.398355,3,0.0,4,5,2,192.94400000000005,257.0,3,0,2,0
101.764941,422,938.126557,3,0.0,4,5,2,110.43200000000002,257.0,3,0,2,0
105.260311,287,939.932962,3,0.0,4,5,2,114.096,257.0,3,0,2,2
106.978291,334,941.991535,3,0.0,9,5,2,167.07200000000003,297.0,3,0,2,2
41.938974,198,943.17508,2,0.0,3,3,1,114.24000000000001,154.0,2,0,0,1
101.048822,340,945.354025,3,0.0,6,5,2,164.35200000000003,273.0,3,0,2,1
112.850248,480,948.558948,3,0.0,10,5,2,105.24800000000002,305.0,3,0,2,0
116.579038,414,951.349162,3,0.0,9,5,2,120.5056,297.0,3,1,3,1
96.750904,467,964.226795,3,0.0,9,5,2,245.88800000000003,297.0,3,0,2,0
38.234707,164,965.208829,2,0.0,2,3,1,101.36000000000001,146.0,2,1,0,1
58.168047,255,966.816228,2,0.0,4,4,1,114.80000000000001,197.0,2,0,0,1
114.567675,418,969.432948,3,0.0,10,5,2,115.66400000000002,305.0,3,0,0,1
51.781091,142,970.289482,2,0.0,1,4,1,109.92800000000001,173.0,2,1,0,0
39.459116,191,971.463552,2,0.0,3,3,1,100.24000000000001,154.0,2,1,0,0
122.267973,356,973.6873,3,0.0,10,5,2,105.28000000000002,305.0,3,1,3,1
108.524072,300,975.235859,3,0.0,3,5,2,158.37920000000003,249.0,3,1,2,1
53.404885,161,975.669361,2,0.0,1,4,1,116.48,173.0,2,0,0,0
105.932946,408,976.888863,3,0.0,2,5,2,115.86880000000001,241.0,3,0,3,0
123.740381,330,977.749573,3,0.0,9,5,2,114.06400000000002,297.0,3,1,2,1
100.671489,331,978.631604,3,0.0,1,5,2,110.23200000000001,233.0,3,0,0,0
113.931927,277,979.338635,3,0.0,9,5,2,112.97600000000003,297.0,3,0,2,1
56.375729,257,980.065153,2,0.0,3,4,1,101.36000000000001,189.0,2,0,0,1
95.646574,418,981.322761,3,0.0,3,5,2,166.54400000000004,249.0,3,0,2,0
106.157283,314,982.160784,3,0.0,5,5,2,104.95360000000001,265.0,3,0,2,1
106.724364,294,982.975893,3,0.0,6,5,2,120.19200000000001,273.0,3,0,2,1
103.137047,434,984.664088,3,0.0,7,5,2,161.84000000000003,281.0,3,0,3,0
116.571791,398,987.28331,3,0.0,10,5,2,110.48000000000002,305.0,3,1,3,1
112.8265,498,990.603947,3,0.0,10,5,2,196.58720000000002,305.0,3,1,2,1
39.944348,215,991.943145,2,0.0,1,3,1,100.24000000000001,138.0,2,0,0,0
37.483826,219,993.318738,2,0.0,1,3,1,114.24000000000001,138.0,2,1,0,0
97.787531,327,995.483652,3,0.0,0,5,2,105.24800000000002,225.0,3,0,0,0
101.524537,474,998.6475,3,0.0,7,5,2,160.94400000000002,281.0,3,0,2,1
101.821685,312,1000.67293,3,0.0,1,5,2,100.06400000000001,233.0,3,0,2,0
100.436517,463,1003.902905,3,0.0,2,5,2,107.23200000000001,241.0,3,0,0,0
57.311462,150,1004.814391,2,0.0,3,4,1,104.83200000000001,189.0,2,1,0,0
24.506929,346,1007.203291,2,0.0,2,2,1,109.36800000000001,111.0,2,1,0,0
128.658807,570,1011.785976,3,0.0,14,5,2,103.64800000000001,337.0,3,1,2,1
98.982289,398,1014.634575,3,0.0,0,5,2,113.53600000000002,225.0,3,0,0,0
99.722593,345,1016.751176,3,0.0,5,5,2,122.52800000000002,265.0,3,0,0,0
127.15266,500,1020.011264,3,0.0,15,5,2,117.04320000000001,345.0,3,1,2,1
117.10892,460,1023.023577,3,0.0,9,5,2,105.80800000000002,297.0,3,0,0,1
121.968117,483,1026.301664,3,0.0,9,5,2,104.68800000000002,297.0,3,1,2,1
106.767978,368,1028.662324,3,0.0,5,5,2,106.64800000000001,265.0,3,0,2,1
57.873773,225,1030.098419,2,0.0,5,4,1,100.24000000000001,205.0,3,0,0,2
101.859902,412,1032.876673,3,0.0,7,5,2,173.728,281.0,3,0,0,1
38.676827,191,1034.047764,2,0.0,2,3,1,128.8,146.0,2,0,0,0
55.737703,275,1035.84871,2,0.0,2,4,1,114.80000000000001,181.0,2,0,0,0
92.733961,375,1038.236016,3,0.0,2,5,2,198.65600000000003,241.0,3,0,2,0
98.875355,243,1039.727369,3,0.0,2,5,2,112.97600000000003,241.0,3,0,0,0
128.590744,498,1043.089076,3,0.0,17,5,2,123.39200000000002,361.0,3,1,0,1
57.407013,211,1044.41334,2,0.0,3,4,1,108.248,189.0,2,1,0,1
101.22405,428,1047.228771,3,0.0,6,5,2,181.93600000000004,273.0,3,0,2,1
102.874826,219,1048.574164,3,0.0,3,5,2,113.20000000000002,249.0,3,0,2,1
39.647017,323,1051.284824,2,0.0,2,3,1,114.80000000000001,146.0,2,1,0,0
106.383511,438,1054.472925,3,0.0,4,5,2,119.60000000000002,257.0,3,0,2,0
101.420374,372,1056.818721,3,0.0,3,5,2,100.57600000000002,249.0,3,0,2,0
111.891156,518,1060.355264,3,0.0,9,5,2,117.64800000000002,297.0,3,0,0,1
121.751978,484,1063.50971,3,0.0,14,5,2,107.76000000000002,337.0,3,1,2,1
59.708945,271,1065.211649,2,0.0,6,4,1,110.096,213.0,3,0,0,1
56.159363,195,1066.39317,2,0.0,4,4,1,100.80000000000001,197.0,2,0,0,1
109.498463,488,1069.586603,3,0.0,13,5,2,174.80000000000004,329.0,3,0,2,2
41.881093,193,1070.755717,2,0.0,2,3,1,114.24000000000001,146.0,2,1,0,0
101.512718,362,1073.065811,3,0.0,4,5,2,115.13600000000002,257.0,3,0,2,0
107.573346,278,1074.747087,3,0.0,6,5,2,101.13600000000002,273.0,3,0,2,1
53.024112,227,1076.170982,2,0.0,1,4,1,101.92,173.0,2,0,0,1
104.812196,396,1078.710287,3,0.0,7,5,2,116.22400000000002,281.0,3,0,0,2
130.523841,513,1082.065299,3,0.0,16,5,2,113.50400000000002,353.0,3,1,2,1
104.871879,381,1084.584797,3,0.0,6,5,2,101.86880000000001,273.0,3,0,2,1
125.636975,556,1088.274126,3,0.0,21,5,2,121.76000000000002,393.0,3,0,2,1
108.471937,272,1089.923474,3,0.0,7,5,2,107.96800000000002,281.0,3,0,0,2
27.220355,223,1091.318975,2,0.0,5,2,1,108.808,135.0,2,1,0,0
94.149503,298,1093.197627,3,0.0,3,5,2,167.07200000000003,249.0,3,0,2,0
98.064636,310,1095.127621,3,0.0,2,5,2,113.50400000000002,241.0,3,0,0,0
109.829203,400,1097.739936,3,0.0,9,5,2,129.184,297.0,3,0,2,1
116.234433,509,1101.045069,3,0.0,12,5,2,173.68000000000004,321.0,3,0,0,1
40.257237,192,1102.197415,2,0.0,1,3,1,100.24000000000001,138.0,2,0,0,0
104.615207,286,1104.022373,3,0.0,0,5,2,100.06400000000001,225.0,3,1,2,0
95.170055,347,1106.240993,3,0.0,3,5,2,160.76800000000003,249.0,3,0,2,0
43.591592,249,1107.771746,2,0.0,6,3,1,105.728,178.0,2,0,0,0
34.711081,238,1109.321298,2,0.0,0,3,1,114.80000000000001,130.0,2,0,0,0
106.634244,319,1111.413013,3,0.0,8,5,2,162.96000000000004,289.0,3,0,2,1
117.598428,351,1113.615046,3,0.0,11,5,2,111.34400000000002,313.0,3,0,2,1
102.792259,436,1127.043376,3,0.0,4,5,2,115.86880000000001,257.0,3,0,3,0
97.840026,355,1129.474489,3,0.0,4,5,2,149.24,257.0,3,0,0,0
96.398093,367,1131.870567,3,0.0,1,5,2,113.50400000000002,233.0,3,0,2,0
106.116661,287,1133.624185,3,0.0,6,5,2,117.64800000000002,273.0,3,0,2,1
114.521237,364,1135.956804,3,0.0,9,5,2,114.06400000000002,297.0,3,0,0,1
104.209924,412,1138.636033,3,0.0,5,5,2,111.97760000000001,265.0,3,0,0,0
33.590494,225,1140.023094,2,0.0,2,3,1,157.36,146.0,2,0,0,0
108.84135,392,1142.595441,3,0.0,7,5,2,108.83200000000002,281.0,3,0,2,0
57.865048,200,1143.81162,2,0.0,3,4,1,100.24000000000001,189.0,2,0,0,1
36.832572,236,1145.34913,2,0.0,0,3,1,100.24000000000001,130.0,2,0,0,0
108.46399,638,1149.884326,3,0.0,9,5,2,169.02400000000003,297.0,3,0,2,1
93.25584,548,1153.646419,3,0.0,3,5,2,194.86400000000003,249.0,3,0,2,0
107.963032,409,1156.345958,3,0.0,8,5,2,103.7792,289.0,3,0,0,1
117.176109,573,1160.207433,3,0.0,10,5,2,168.80800000000002,305.0,3,1,3,1
97.332001,404,1162.871775,3,0.0,1,5,2,111.55200000000002,233.0,3,0,0,0
105.570652,472,1164.9558,3,0.0,11,5,2,184.14400000000003,313.0,3,0,0,1
111.239203,401,1166.12385,3,0.0,5,5,2,117.12000000000002,265.0,3,1,3,0
107.681672,490,1167.501134,3,0.0,8,5,2,111.55200000000002,289.0,3,0,2,1
130.962939,653,1169.47074,3,0.0,24,5,2,104.94400000000002,417.0,3,0,3,1
27.103374,252,1170.253342,2,0.0,3,2,1,108.808,119.0,2,1,0,1
109.612469,434,1172.60186,3,0.0,7,5,2,103.08800000000002,281.0,3,0,0,0
109.463918,300,1174.464492,3,0.0,5,5,2,117.12000000000002,265.0,3,0,2,1
103.159109,265,1176.070929,3,0.0,4,5,2,120.08800000000001,257.0,3,0,2,0
51.772675,251,1177.648458,2,0.0,1,4,1,101.36000000000001,173.0,2,1,0,0
57.84836,224,1179.045997,2,0.0,6,4,1,112.9352,213.0,3,1,0,1
52.682809,203,1180.337736,2,0.0,1,4,1,103.376,173.0,2,1,0,0
105.545757,438,1183.174832,3,0.0,5,5,2,117.64800000000002,265.0,3,0,0,0
54.512011,239,1184.656526,2,0.0,1,4,1,113.68,173.0,2,0,0,0
107.336049,300,1186.605127,3,0.0,6,5,2,109.95200000000001,273.0,3,0,0,1
108.64657,281,1188.415748,3,0.0,4,5,2,101.13600000000002,257.0,3,0,2,1
105.64959,460,1191.513958,3,0.0,8,5,2,167.63200000000003,289.0,3,0,3,1
103.193933,489,1194.841222,3,0.0,6,5,2,173.12000000000003,273.0,3,0,0,0
108.148633,404,1197.564312,3,0.0,4,5,2,119.24800000000002,257.0,3,0,2,0
94.57606,352,1199.957128,3,0.0,4,5,2,179.08800000000002,257.0,3,0,0,1
41.684897,316,1202.119369,2,0.0,6,3,1,114.80000000000001,178.0,2,1,0,1
118.776351,379,1204.685452,3,0.0,8,5,2,107.23200000000001,289.0,3,1,2,1
90.328433,392,1207.2456,3,0.0,1,5,2,224.19200000000004,233.0,3,0,2,0
26.304339,191,1208.433882,2,0.0,1,2,1,101.696,103.0,2,1,0,1
109.222388,536,1211.974216,3,0.0,11,5,2,174.80000000000004,313.0,3,0,2,1
105.989033,488,1215.185922,3,0.0,13,5,2,180.86400000000003,329.0,3,0,2,2
118.414486,415,1217.841401,3,0.0,11,5,2,103.08800000000002,313.0,3,0,0,1
116.376514,368,1220.126925,3,0.0,11,5,2,105.80800000000002,313.0,3,0,2,1
119.974733,273,1221.840657,3,0.0,6,5,2,104.81120000000001,273.0,3,1,2,1
51.196404,203,1223.083868,2,0.0,2,4,1,143.92000000000002,181.0,2,0,0,0
39.881934,218,1224.4445,2,0.0,3,3,1,109.36800000000001,154.0,2,1,0,1
107.619025,349,1226.603365,3,0.0,10,5,2,151.64800000000002,305.0,3,0,0,2
108.838915,414,1229.226722,3,0.0,9,5,2,116.78400000000002,297.0,3,0,2,2
109.276369,299,1231.016309,3,0.0,7,5,2,104.38400000000001,281.0,3,0,2,1
106.276872,619,1235.199157,3,0.0,13,5,2,207.57600000000002,329.0,3,0,2,1
51.775719,188,1236.328979,2,0.0,1,4,1,107.52,173.0,2,0,0,0
41.233154,177,1237.398625,2,0.0,3,3,1,101.36000000000001,154.0,2,0,0,0
105.25144,382,1239.89082,3,0.0,6,5,2,161.888,273.0,3,0,2,1
100.656195,338,1242.058581,3,0.0,3,5,2,104.38400000000001,249.0,3,0,0,1
41.866026,205,1243.354803,2,0.0,3,3,1,100.80000000000001,154.0,2,0,0,1
103.509286,444,1246.383246,3,0.0,2,5,2,104.68800000000002,241.0,3,0,2,0
92.765334,400,1248.97941,3,0.0,2,5,2,176.448,241.0,3,0,0,0
109.050369,236,1250.370132,3,0.0,7,5,2,109.08800000000001,281.0,3,0,2,1
107.909592,461,1253.306746,3,0.0,8,5,2,105.80800000000002,289.0,3,0,0,0
30.600847,256,1254.996596,2,0.0,7,2,1,109.36800000000001,151.0,2,1,0,1
27.505113,209,1256.304523,2,0.0,4,2,1,110.824,127.0,2,1,0,1
94.442979,467,1259.414916,3,0.0,4,5,2,178.4,257.0,3,0,2,0
26.163682,144,1260.263895,2,0.0,2,2,1,102.256,111.0,2,1,0,1
56.758377,243,1261.77788,2,0.0,4,4,1,100.24000000000001,197.0,2,0,0,0
116.263386,425,1264.531776,3,0.0,9,5,2,109.39200000000002,297.0,3,0,2,1
34.218945,324,1266.718751,2,0.0,3,3,1,179.928,154.0,2,1,0,0
52.700092,175,1267.766996,2,0.0,2,4,1,112.9352,181.0,2,1,0,1
55.695393,202,1268.995094,2,0.0,4,4,1,101.92,197.0,2,1,0,1
99.810458,382,1270.169046,3,0.0,0,5,2,105.504,225.0,3,0,0,0
92.998331,447,1272.13986,3,0.0,1,5,2,168.67200000000003,233.0,3,0,2,0
121.051803,528,1275.596635,3,0.0,11,5,2,109.95200000000001,313.0,3,1,2,1
56.87905,195,1290.188547,2,0.0,4,4,1,101.36000000000001,197.0,2,0,0,1
24.685384,234,1291.641887,2,0.0,3,2,1,128.8,119.0,2,1,0,0
119.872732,261,1293.228404,3,0.0,7,5,2,104.72000000000003,281.0,3,0,0,1
36.943772,284,1294.995123,2,0.0,0,3,1,114.24000000000001,130.0,2,0,0,0
97.781415,317,1296.962071,3,0.0,2,5,2,166.51200000000003,241.0,3,0,0,1
55.009311,220,1298.269916,2,0.0,2,4,1,100.24000000000001,181.0,2,0,0,0
119.710611,295,1300.043282,3,0.0,6,5,2,105.24800000000002,273.0,3,0,2,1
129.263365,480,1301.996886,3,0.0,12,5,2,109.95200000000001,321.0,3,2,0,1
120.394492,502,1303.769502,3,0.0,12,5,2,163.79200000000003,321.0,3,1,0,1
95.151621,411,1305.119818,3,0.0,2,5,2,157.69600000000003,241.0,3,0,2,0
105.284655,283,1305.906375,3,0.0,3,5,2,104.68800000000002,249.0,3,0,2,0
107.956045,314,1306.825923,3,0.0,4,5,2,117.34400000000001,257.0,3,0,0,0
39.994281,210,1307.454268,2,0.0,3,3,1,123.36800000000001,154.0,2,1,0,1
36.719612,257,1308.25052,2,0.0,1,3,1,114.80000000000001,138.0,2,1,0,0
101.369149,431,1311.180341,3,0.0,5,5,2,185.04000000000002,265.0,3,0,2,0
97.997483,585,1315.270737,3,0.0,4,5,2,170.62400000000002,257.0,3,0,0,0
125.91769,543,1318.911673,3,0.0,15,5,2,125.67520000000002,345.0,3,1,2,1
96.178391,413,1321.586001,3,0.0,3,5,2,149.23200000000003,249.0,3,0,0,0
41.049282,219,1322.937084,2,0.0,1,3,1,100.24000000000001,138.0,2,0,0,0
123.131922,456,1325.80623,3,0.0,14,5,2,112.94400000000002,337.0,3,0,3,1
23.437869,210,1327.111981,2,0.0,4,2,1,157.92000000000002,127.0,2,0,0,0
53.363732,245,1328.673192,2,0.0,4,4,1,157.92000000000002,197.0,2,1,0,1
39.769982,222,1330.0524,2,0.0,3,3,1,104.83200000000001,154.0,2,1,0,0
58.262442,229,1331.441392,2,0.0,5,4,1,108.808,205.0,3,1,0,2
92.638981,389,1333.900849,3,0.0,6,5,2,221.47200000000004,273.0,3,0,2,0
26.195116,169,1334.923886,2,0.0,1,2,1,103.376,103.0,2,1,0,2
123.751086,530,1338.485355,3,0.0,17,5,2,125.04000000000002,361.0,3,0,2,1
105.575009,296,1340.384174,3,0.0,3,5,2,165.39200000000002,249.0,3,0,0,0
100.191102,447,1343.40604,3,0.0,6,5,2,174.76800000000003,273.0,3,0,2,1
125.844872,527,1346.928616,3,0.0,17,5,2,173.16800000000003,361.0,3,1,3,2
104.869774,453,1350.006055,3,0.0,5,5,2,103.0784,265.0,3,0,2,0
29.644235,245,1351.580626,2,0.0,1,3,1,199.92000000000002,138.0,2,0,0,0
113.400063,337,1353.840097,3,0.0,5,5,2,108.32000000000001,265.0,3,1,3,2
119.581186,479,1357.004013,3,0.0,9,5,2,117.64800000000002,297.0,3,1,2,2
38.568506,183,1358.146827,2,0.0,1,3,1,110.824,138.0,2,1,0,0
112.278249,406,1360.828593,3,0.0,6,5,2,104.72000000000003,273.0,3,0,2,1
118.276584,465,1363.861116,3,0.0,11,5,2,112.97600000000003,313.0,3,0,2,1
105.375848,305,1365.817457,3,0.0,3,5,2,113.53600000000002,249.0,3,0,2,1
112.111417,438,1368.82148,3,0.0,7,5,2,117.08800000000002,281.0,3,0,0,1
49.679767,222,1370.17543,2,0.0,4,4,1,171.36,197.0,2,0,0,1
116.249358,483,1373.23784,3,0.0,13,5,2,102.784,329.0,3,0,3,2
121.689387,400,1375.816599,3,0.0,9,5,2,137.39200000000002,297.0,3,0,2,1
26.725612,248,1377.404436,2,0.0,1,2,1,115.36000000000001,103.0,2,1,0,0
131.237175,480,1380.516698,3,0.0,13,5,2,131.52320000000003,419.0,3,1,3,1
54.243532,184,1381.62481,2,0.0,2,4,1,100.80000000000001,181.0,2,0,0,0
106.254532,423,1384.387998,3,0.0,7,5,2,121.76000000000002,281.0,3,0,2,0
95.952217,337,1386.60977,3,0.0,4,5,2,216.24000000000004,257.0,3,0,0,1
109.64874,497,1390.077202,3,0.0,11,5,2,112.64000000000001,313.0,3,0,2,1
125.014442,408,1392.763147,3,0.0,12,5,2,105.28000000000002,321.0,3,1,2,1
51.929175,162,1393.734592,2,0.0,1,4,1,116.816,173.0,2,1,0,1
106.834338,369,1396.079233,3,0.0,5,5,2,113.20000000000002,265.0,3,0,3,1
39.299933,288,1397.984927,2,0.0,3,3,1,100.24000000000001,154.0,2,1,0,0
126.421625,508,1401.243205,3,0.0,19,5,2,169.53600000000003,377.0,3,1,0,1
56.293155,211,1402.531631,2,0.0,3,4,1,116.48,189.0,2,0,0,1
128.357768,297,1404.357778,3,0.0,9,5,2,110.95840000000001,297.0,3,1,2,1
126.06745,448,1407.337259,3,0.0,10,5,2,172.92000000000002,305.0,3,1,2,1
97.882827,433,1410.124516,3,0.0,6,5,2,159.90400000000002,273.0,3,0,2,0
54.636573,217,1411.403526,2,0.0,1,4,1,100.24000000000001,173.0,2,0,0,0
54.436132,158,1412.371913,2,0.0,2,4,1,101.36000000000001,181.0,2,0,0,1
44.391448,224,1413.787578,2,0.0,1,4,1,201.04000000000002,173.0,2,0,0,0
27.487712,188,1414.944149,2,0.0,0,2,1,102.816,95.0,2,1,0,0
54.015987,174,1415.988235,2,0.0,2,4,1,100.80000000000001,181.0,2,0,0,0
25.373423,184,1417.138849,2,0.0,3,2,1,108.248,119.0,2,1,0,1
104.420136,287,1418.902511,3,0.0,3,5,2,115.86880000000001,249.0,3,0,0,1
118.260216,419,1421.577261,3,0.0,13,5,2,100.06400000000001,329.0,3,0,0,1
53.811041,212,1422.942091,2,0.0,2,4,1,108.808,181.0,2,1,0,1
39.770504,184,1424.09035,2,0.0,4,3,1,105.728,162.0,2,0,0,1
106.961002,359,1426.349262,3,0.0,8,5,2,115.13600000000002,289.0,3,0,2,0
120.745395,485,1429.705562,3,0.0,10,5,2,112.67200000000001,305.0,3,1,0,1
111.636399,498,1433.07213,3,0.0,13,5,2,117.64800000000002,329.0,3,0,2,1
98.841792,548,1436.893536,3,0.0,5,5,2,203.92000000000004,265.0,3,0,0,0
55.191848,189,1438.033485,2,0.0,1,4,1,100.80000000000001,173.0,2,0,0,0
103.871867,439,1440.879206,3,0.0,5,5,2,182.49600000000004,265.0,3,0,0,1
100.387084,368,1443.196048,3,0.0,9,5,2,205.568,297.0,3,0,2,1
54.255833,225,1460.751096,2,0.0,2,4,1,100.80000000000001,181.0,2,0,0,0
45.247234,259,1462.43421,2,0.0,4,3,1,100.24000000000001,162.0,2,0,0,0
57.830314,267,1464.062158,2,0.0,4,4,1,101.92,197.0,2,0,0,2
40.98741,174,1465.110365,2,0.0,3,3,1,106.568,154.0,2,1,0,1
23.658307,111,1465.758475,2,0.0,2,2,1,110.264,111.0,2,1,0,1
106.865862,519,1469.121678,3,0.0,10,5,2,179.47200000000004,305.0,3,0,0,1
28.386754,275,1470.913495,2,0.0,7,2,1,109.92800000000001,151.0,2,1,0,1
109.374404,598,1474.939532,3,0.0,7,5,2,109.39200000000002,281.0,3,0,0,0
19.928047,298,1476.771552,2,0.0,2,2,1,172.48000000000002,111.0,2,0,0,0
50.631707,186,1477.316183,2,0.0,0,4,1,108.808,165.0,2,1,0,2
121.002393,446,1478.799155,3,0.0,12,5,2,119.60000000000002,321.0,3,1,2,1
101.766432,296,1479.644682,3,0.0,1,5,2,109.39200000000002,233.0,3,0,0,0
35.98627,140,1480.045249,2,0.0,1,3,1,109.36800000000001,138.0,2,1,0,1
55.103269,171,1480.507622,2,0.0,3,4,1,100.80000000000001,189.0,2,0,0,1
98.841252,370,1481.501236,3,0.0,4,5,2,199.24800000000005,257.0,3,0,2,0
119.569256,501,1484.51439,3,0.0,14,5,2,162.72000000000003,337.0,3,1,2,1
55.037458,263,1486.121298,2,0.0,3,4,1,100.80000000000001,189.0,2,0,0,0
246.878642,783,1491.626915,4,0.0,29,7,3,159.20800000000003,882.0,5,0,0,1
113.203456,342,1493.729471,3,0.0,7,5,2,127.53600000000003,371.0,3,0,0,0
39.264296,313,1495.771743,2,0.0,2,3,1,108.808,146.0,2,1,0,1
57.002012,220,1497.073307,2,0.0,4,4,1,101.36000000000001,197.0,2,0,0,1
115.460498,451,1499.996516,3,0.0,10,5,2,105.28000000000002,305.0,3,0,2,2
135.307058,618,1504.213257,3,0.0,21,5,2,111.08160000000001,393.0,3,1,2,1
102.297668,351,1506.505752,3,0.0,5,5,2,121.76000000000002,265.0,3,0,2,0
105.724596,412,1509.373039,3,0.0,3,5,2,113.53600000000002,249.0,3,0,2,0
112.680276,311,1511.246688,3,0.0,9,5,2,109.08800000000001,297.0,3,0,0,1
110.487674,484,1514.381351,3,0.0,8,5,2,112.67200000000001,289.0,3,0,3,1
112.156534,299,1516.203321,3,0.0,8,5,2,106.36800000000001,289.0,3,0,0,1
43.555841,239,1517.676564,2,0.0,5,3,1,100.80000000000001,170.0,2,0,0,1
35.43296,216,1518.977641,2,0.0,3,3,1,170.8,154.0,2,0,0,0
194.132896,325,1520.965779,4,0.0,4,7,3,129.10400000000004,502.0,4,1,0,0
105.620563,390,1523.549279,3,0.0,6,5,2,113.50400000000002,273.0,3,0,0,0
106.627129,429,1526.268646,3,0.0,12,5,2,131.34400000000002,321.0,3,0,0,1
101.61078,504,1529.588336,3,0.0,4,5,2,107.5296,257.0,3,0,2,0
43.040715,370,1532.176494,2,0.0,5,3,1,101.92,170.0,2,1,0,1
42.586134,166,1533.184719,2,0.0,3,3,1,109.928,154.0,2,1,0,1
97.82798,476,1536.405369,3,0.0,4,5,2,172.60800000000003,257.0,3,0,2,0
61.474434,265,1538.045418,2,0.0,6,4,1,100.80000000000001,213.0,3,1,0,2
100.704683,243,1539.557552,3,0.0,1,5,2,115.13600000000002,233.0,3,0,0,0
57.178632,179,1540.623645,2,0.0,4,4,1,100.24000000000001,197.0,2,0,0,1
101.018085,352,1542.991372,3,0.0,4,5,2,115.69600000000003,257.0,3,0,0,0
113.16115,268,1544.635686,3,0.0,4,5,2,116.3904,257.0,3,1,0,1
39.571123,215,1546.050472,2,0.0,3,3,1,108.248,154.0,2,1,0,0
100.885835,359,1548.357047,3,0.0,4,5,2,130.22400000000002,257.0,3,0,2,0
118.507005,375,1550.844389,3,0.0,14,5,2,115.97600000000001,337.0,3,0,2,1
111.408791,268,1552.481308,3,0.0,3,5,2,106.41120000000001,249.0,3,1,2,0
123.276669,472,1555.544031,3,0.0,13,5,2,113.50400000000002,329.0,3,1,0,1
135.425788,445,1558.370066,3,0.0,20,5,2,121.23200000000003,385.0,3,0,2,2
57.415976,222,1559.688068,2,0.0,5,4,1,100.24000000000001,205.0,3,0,0,1
53.589397,208,1560.961889,2,0.0,2,4,1,101.92,181.0,2,0,0,0
100.929009,345,1563.188168,3,0.0,7,5,2,154.11200000000002,281.0,3,0,3,1
125.005038,411,1565.835351,3,0.0,12,5,2,129.69600000000003,321.0,3,0,0,1
53.102198,191,1567.014667,2,0.0,1,4,1,100.24000000000001,173.0,2,0,0,0
107.061583,443,1569.93669,3,0.0,6,5,2,175.36,273.0,3,0,0,1
64.379461,260,1571.542176,2,0.0,9,4,1,105.224,237.0,3,0,0,2
102.331772,440,1574.533907,3,0.0,4,5,2,114.06400000000002,257.0,3,0,0,0
106.953534,430,1577.374435,3,0.0,7,5,2,113.50400000000002,281.0,3,0,2,1
38.126684,263,1579.063073,2,0.0,2,3,1,114.80000000000001,146.0,2,1,0,0
54.486815,199,1580.25655,2,0.0,2,4,1,101.36000000000001,181.0,2,1,0,1
101.153861,400,1582.7785,3,0.0,5,5,2,170.65600000000003,265.0,3,0,0,1
94.728323,345,1585.063705,3,0.0,3,5,2,176.20000000000002,249.0,3,0,0,0
23.433116,202,1586.358131,2,0.0,2,2,1,100.24000000000001,111.0,2,1,0,0
31.839943,284,1588.259071,2,0.0,1,3,1,165.36800000000002,138.0,2,1,0,0
37.216956,162,1589.247384,2,0.0,1,3,1,114.80000000000001,138.0,2,0,0,1
116.399056,404,1592.013311,3,0.0,4,5,2,104.72000000000003,257.0,3,1,3,0
101.86844,276,1593.723276,3,0.0,2,5,2,120.36800000000002,241.0,3,0,2,0
123.363632,387,1596.171321,3,0.0,11,5,2,110.67840000000001,313.0,3,1,2,1
112.751393,350,1598.378149,3,0.0,7,5,2,108.32000000000001,281.0,3,0,3,1
117.715191,322,1600.368384,3,0.0,10,5,2,121.23200000000003,305.0,3,0,2,1
24.148496,200,1601.592992,2,0.0,1,2,1,100.24000000000001,103.0,2,1,0,0
41.837867,219,1602.924897,2,0.0,3,3,1,114.80000000000001,154.0,2,0,0,0
454.289382,752,1607.79347,6,0.0,41,16,5,265.94,1253.0,6,1,0,1
111.713202,336,1609.912468,3,0.0,10,5,2,113.50400000000002,305.0,3,0,2,1
119.060497,437,1612.697383,3,0.0,15,5,2,168.80800000000002,345.0,3,0,2,2
110.730547,212,1613.954276,3,0.0,7,5,2,105.28000000000002,281.0,3,0,0,1
103.817381,508,1624.65606,3,0.0,10,5,2,192.35200000000003,305.0,3,0,2,1
108.383005,333,1626.720761,3,0.0,7,5,2,171.776,281.0,3,0,2,0
116.34552,500,1629.996568,3,0.0,12,5,2,115.48800000000001,321.0,3,0,0,1
278.608032,587,1633.868189,4,0.0,36,10,3,118.80000000000003,863.0,5,0,0,1
56.39563,182,1634.9704,2,0.0,4,4,1,100.24000000000001,197.0,2,0,0,1
114.49177,286,1636.714959,3,0.0,5,5,2,117.12000000000002,265.0,3,0,0,0
111.670149,430,1639.464954,3,0.0,10,5,2,164.35200000000003,305.0,3,0,0,1
38.5109,172,1640.5158,2,0.0,1,3,1,108.808,138.0,2,1,0,0
106.245516,259,1642.140493,3,0.0,4,5,2,101.69600000000001,257.0,3,0,0,1
51.963971,174,1643.255308,2,0.0,1,4,1,100.24000000000001,173.0,2,1,0,0
98.694524,497,1646.516579,3,0.0,7,5,2,214.64000000000004,281.0,3,0,2,1
55.983182,189,1647.629735,2,0.0,4,4,1,100.80000000000001,197.0,2,1,0,0
122.619878,326,1649.607319,3,0.0,6,5,2,116.1824,273.0,3,0,0,0
44.324228,184,1650.72328,2,0.0,2,4,1,201.04000000000002,181.0,2,0,0,0
111.322206,411,1653.332355,3,0.0,14,5,2,183.616,337.0,3,0,2,1
30.381728,274,1655.15131,2,0.0,1,3,1,172.48000000000002,138.0,2,1,0,0
103.691096,395,1657.737866,3,0.0,3,5,2,122.88000000000001,249.0,3,0,2,0
123.468549,414,1660.371304,3,0.0,13,5,2,109.36000000000001,329.0,3,1,2,1
34.374971,187,1661.533333,2,0.0,1,3,1,165.928,138.0,2,1,0,0
112.302436,327,1663.520023,3,0.0,8,5,2,106.36800000000001,289.0,3,0,2,1
59.173897,195,1664.698517,2,0.0,6,4,1,101.36000000000001,213.0,3,0,0,0
118.919754,272,1666.330752,3,0.0,6,5,2,101.13600000000002,273.0,3,0,2,0
117.196419,363,1668.615194,3,0.0,9,5,2,100.06400000000001,297.0,3,0,0,0
114.401759,306,1670.551439,3,0.0,6,5,2,114.06400000000002,273.0,3,0,2,0
39.145697,210,1671.829318,2,0.0,2,3,1,100.80000000000001,146.0,2,0,0,0
25.300038,149,1672.711842,2,0.0,1,2,1,102.816,103.0,2,1,0,1
109.042376,257,1674.256898,3,0.0,5,5,2,101.4496,265.0,3,0,2,1
130.014109,350,1676.370435,3,0.0,12,5,2,107.23200000000001,321.0,3,0,2,1
35.918274,177,1677.440076,2,0.0,3,3,1,171.92000000000002,154.0,2,0,0,0
116.682714,441,1680.331892,3,0.0,8,5,2,109.95200000000001,289.0,3,1,2,1
56.64822,230,1681.72965,2,0.0,3,4,1,100.80000000000001,189.0,2,0,0,0
55.952647,254,1683.329862,2,0.0,3,4,1,100.24000000000001,189.0,2,1,0,0
99.899947,479,1686.444696,3,0.0,7,5,2,182.49600000000004,281.0,3,0,2,1
55.175141,171,1687.476478,2,0.0,4,4,1,108.808,197.0,2,1,0,2
105.269627,420,1690.29768,3,0.0,7,5,2,178.91200000000003,281.0,3,0,2,1
106.827794,368,1692.750288,3,0.0,9,5,2,157.824,297.0,3,0,0,1
109.480063,372,1695.197039,3,0.0,8,5,2,120.36800000000002,289.0,3,0,2,2
58.967504,248,1695.908221,2,0.0,4,4,1,100.80000000000001,197.0,2,0,0,0
39.442206,165,1696.323502,2,0.0,1,3,1,101.92,138.0,2,1,0,1
92.970889,428,1697.470473,3,0.0,0,5,2,172.60800000000003,225.0,3,0,0,0
97.675212,418,1698.607971,3,0.0,5,5,2,164.35200000000003,265.0,3,0,0,0
23.279582,166,1699.029404,2,0.0,1,2,1,110.824,103.0,2,1,0,2
113.951296,329,1699.900391,3,0.0,7,5,2,100.06400000000001,281.0,3,0,2,1
125.505855,350,1700.804686,3,0.0,8,5,2,129.13600000000002,379.0,3,0,2,1
96.588877,413,1701.930597,3,0.0,5,5,2,191.06400000000002,265.0,3,0,2,0
56.947335,228,1702.533267,2,0.0,4,4,1,101.36000000000001,197.0,2,1,0,0
113.712972,526,1703.971609,3,0.0,11,5,2,111.34400000000002,313.0,3,0,2,1
131.488833,432,1705.090364,3,0.0,11,5,2,108.83200000000002,313.0,3,1,2,2
107.888273,313,1705.890407,3,0.0,6,5,2,114.62400000000001,273.0,3,0,0,1
94.835425,423,1707.03956,3,0.0,3,5,2,174.76800000000003,249.0,3,0,2,0
59.518669,265,1707.707525,2,0.0,5,4,1,115.92000000000002,205.0,3,0,0,1
-22.731216,90,1707.926818,1,0.0,0,1,0,112.0,35.0,1,0,0,0
93.241371,335,1708.823227,3,0.0,4,5,2,218.96000000000004,257.0,3,0,0,0
27.708897,246,1709.491754,2,0.0,4,2,1,108.808,127.0,2,1,0,1
55.944271,223,1710.061588,2,0.0,2,4,1,106.624,181.0,2,0,0,0
39.083464,195,1710.547769,2,0.0,4,3,1,114.24000000000001,162.0,2,0,0,0
54.633822,203,1711.090081,2,0.0,2,4,1,100.80000000000001,181.0,2,0,0,1
102.327935,518,1712.571056,3,0.0,4,5,2,139.90400000000002,257.0,3,0,2,0
119.849099,383,1713.596534,3,0.0,11,5,2,101.66400000000002,313.0,3,0,2,2
116.120993,480,1714.887619,3,0.0,9,5,2,173.12000000000003,297.0,3,1,2,0
108.720669,449,1716.061155,3,0.0,11,5,2,212.14400000000003,313.0,3,0,2,1
40.542074,164,1716.453149,2,0.0,2,3,1,100.80000000000001,146.0,2,0,0,1
104.441321,403,1717.533336,3,0.0,5,5,2,124.48000000000002,265.0,3,0,2,1
103.594812,360,1718.459189,3,0.0,4,5,2,180.872,347.0,3,0,0,0
109.155619,422,1719.545372,3,0.0,8,5,2,130.78400000000002,289.0,3,0,2,1
60.003557,239,1720.202033,2,0.0,8,4,1,109.92800000000001,229.0,3,1,0,2
119.571071,530,1721.664845,3,0.0,15,5,2,123.39200000000002,345.0,3,0,2,2
107.789035,317,1722.49497,3,0.0,7,5,2,112.11200000000002,281.0,3,0,0,1
103.609532,487,1723.836982,3,0.0,4,5,2,111.34400000000002,257.0,3,0,0,0
38.189868,181,1724.288737,2,0.0,1,3,1,100.80000000000001,138.0,2,0,0,0
100.513589,403,1725.383085,3,0.0,2,5,2,102.22400000000002,241.0,3,0,2,0
118.204824,508,1726.754918,3,0.0,12,5,2,103.64800000000001,321.0,3,0,0,0
100.842598,404,1727.820832,3,0.0,0,5,2,103.82400000000001,225.0,3,0,0,0
21.872677,272,1728.561822,2,0.0,3,2,1,113.12,119.0,2,1,0,0
53.977257,199,1729.07613,2,0.0,2,4,1,100.24000000000001,181.0,2,0,0,0
59.12465,219,1729.62325,2,0.0,7,4,1,100.24000000000001,221.0,3,0,0,1
109.328216,281,1730.32954,3,0.0,5,5,2,164.86400000000003,265.0,3,0,0,0
53.260062,170,1730.745687,2,0.0,2,4,1,114.80000000000001,181.0,2,0,0,0
124.494045,482,1736.563542,3,0.0,11,5,2,113.53600000000002,313.0,3,1,2,1
110.641877,433,1737.738744,3,0.0,9,5,2,114.37600000000002,297.0,3,0,2,0
102.643768,412,1738.865612,3,0.0,3,5,2,117.56800000000001,249.0,3,0,2,0
99.872652,433,1740.054682,3,0.0,2,5,2,113.53600000000002,241.0,3,0,0,0
54.706139,201,1740.548448,2,0.0,4,4,1,117.936,197.0,2,1,0,1
93.701251,339,1741.477669,3,0.0,2,5,2,170.5184,241.0,3,0,3,0
123.148436,343,1742.381809,3,0.0,10,5,2,124.60320000000002,305.0,3,1,0,1
44.41327,187,1742.880649,2,0.0,3,3,1,100.80000000000001,154.0,2,1,0,0
102.386879,523,1744.279984,3,0.0,9,5,2,177.7856,297.0,3,0,3,1
54.932382,179,1744.71209,2,0.0,2,4,1,102.816,181.0,2,1,0,1
109.901638,403,1745.746961,3,0.0,6,5,2,112.97600000000003,273.0,3,0,0,1
109.815196,459,1746.940251,3,0.0,6,5,2,104.68800000000002,273.0,3,0,0,0
117.440773,305,1747.853235,3,0.0,8,5,2,109.95200000000001,289.0,3,0,0,1
115.717075,433,1750.926866,3,0.0,7,5,2,112.20320000000001,281.0,3,1,0,0
99.862879,302,1752.969543,3,0.0,3,5,2,140.97600000000003,249.0,3,0,2,0
123.978232,419,1755.858047,3,0.0,14,5,2,143.48800000000003,337.0,3,1,3,1
119.611139,414,1758.619694,3,0.0,12,5,2,193.47200000000004,321.0,3,1,2,1
113.4695,462,1761.828043,3,0.0,7,5,2,164.35200000000003,281.0,3,1,0,0
25.049394,173,1762.96859,2,0.0,1,2,1,102.816,103.0,2,1,0,1
57.153154,178,1764.110821,2,0.0,4,4,1,101.36000000000001,197.0,2,0,0,1
56.081673,244,1765.751514,2,0.0,3,4,1,111.38400000000001,189.0,2,1,0,2
110.678259,376,1768.237749,3,0.0,8,5,2,103.93920000000001,289.0,3,0,2,1
100.266768,415,1771.018155,3,0.0,3,5,2,109.39200000000002,249.0,3,0,2,0
144.490666,548,1774.842478,3,0.0,20,5,2,127.53600000000003,475.0,4,0,0,1
97.790049,386,1777.313383,3,0.0,2,5,2,125.55200000000002,241.0,3,0,0,0
108.09247,284,1779.071593,3,0.0,5,5,2,165.704,265.0,3,0,0,0
126.858097,449,1781.985411,3,0.0,17,5,2,100.06400000000001,361.0,3,0,2,2
40.40678,199,1783.248651,2,0.0,4,3,1,116.256,162.0,2,1,0,0
105.688771,457,1786.214331,3,0.0,8,5,2,173.16800000000003,289.0,3,0,2,1
103.781799,468,1789.544492,3,0.0,8,5,2,171.21600000000004,289.0,3,0,2,2
106.756627,307,1791.470261,3,0.0,4,5,2,116.25600000000001,257.0,3,0,0,0
53.997929,189,1792.693458,2,0.0,2,4,1,100.24000000000001,181.0,2,0,0,0
116.029341,300,1794.620451,3,0.0,6,5,2,108.83200000000002,273.0,3,0,2,0
115.313026,353,1796.928428,3,0.0,9,5,2,100.57600000000002,297.0,3,0,3,1
117.64334,460,1800.141899,3,0.0,11,5,2,117.12000000000002,313.0,3,0,0,0
96.804275,345,1802.432886,3,0.0,4,5,2,170.65600000000003,257.0,3,0,2,0
43.068109,166,1803.505405,2,0.0,3,3,1,100.24000000000001,154.0,2,0,0,0
22.668448,127,1804.34833,2,0.0,0,2,1,116.256,95.0,2,1,0,1
121.693857,490,1807.69554,3,0.0,12,5,2,135.20000000000002,321.0,3,1,2,1
99.275817,282,1809.556745,3,0.0,5,5,2,167.552,265.0,3,0,0,2
333.639394,451,1812.595138,5,0.0,16,13,4,123.27999999999999,833.0,5,0,0,1
111.441567,235,1814.140942,3,0.0,5,5,2,117.12000000000002,265.0,3,0,0,1
61.401361,276,1815.926537,2,0.0,8,4,1,100.80000000000001,229.0,3,0,0,0
54.457392,307,1818.020437,2,0.0,0,4,1,101.36000000000001,165.0,2,1,0,0
103.245121,373,1820.487525,3,0.0,4,5,2,114.06400000000002,257.0,3,0,2,0
102.623578,338,1822.716581,3,0.0,3,5,2,108.32000000000001,249.0,3,0,2,0
127.858345,591,1826.799291,3,0.0,15,5,2,119.80800000000002,345.0,3,1,2,1
62.434341,207,1828.153333,2,0.0,7,4,1,101.92,221.0,3,1,0,1
55.881913,190,1829.456808,2,0.0,4,4,1,101.92,197.0,2,0,0,1
44.450208,249,1831.223958,2,0.0,5,3,1,100.80000000000001,170.0,2,1,0,1
115.186846,437,1834.215629,3,0.0,8,5,2,108.83200000000002,289.0,3,0,0,1
94.060492,444,1837.324224,3,0.0,2,5,2,176.448,241.0,3,0,2,0
57.383967,235,1838.910339,2,0.0,5,4,1,100.24000000000001,205.0,3,1,0,0
100.657591,324,1841.036792,3,0.0,6,5,2,158.72,273.0,3,0,0,1
57.275195,231,1842.486212,2,0.0,4,4,1,129.36,197.0,2,0,0,0
114.621171,269,1844.072817,3,0.0,7,5,2,110.99200000000002,281.0,3,0,0,1
116.166014,350,1846.401252,3,0.0,8,5,2,107.20000000000002,289.0,3,1,3,1
110.26673,457,1849.174154,3,0.0,10,5,2,176.72000000000003,305.0,3,0,2,1
122.586716,416,1851.949766,3,0.0,13,5,2,102.22400000000002,329.0,3,1,0,1
116.27065,315,1853.883815,3,0.0,9,5,2,104.38400000000001,297.0,3,0,2,1
39.085669,202,1854.482167,2,0.0,2,3,1,101.36000000000001,146.0,2,1,0,1
108.450891,468,1855.769505,3,0.0,12,5,2,172.60800000000003,321.0,3,0,2,1
53.667404,194,1856.261214,2,0.0,1,4,1,101.36000000000001,173.0,2,0,0,0
113.873056,390,1857.271484,3,0.0,12,5,2,164.91200000000003,321.0,3,0,3,1
116.960221,333,1858.118937,3,0.0,9,5,2,109.39200000000002,297.0,3,0,0,1
120.09309,336,1859.011164,3,0.0,7,5,2,115.69600000000003,281.0,3,0,2,2
108.36042,431,1860.174651,3,0.0,6,5,2,129.168,273.0,3,0,0,1
102.519376,537,1861.674828,3,0.0,5,5,2,154.97600000000003,265.0,3,0,2,0
99.602977,357,1862.651485,3,0.0,2,5,2,155.336,241.0,3,0,2,0
52.970976,198,1863.155474,2,0.0,1,4,1,101.36000000000001,173.0,2,1,0,1
38.594017,308,1864.047807,2,0.0,3,3,1,109.92800000000001,154.0,2,1,0,1
40.901168,245,1864.720781,2,0.0,4,3,1,114.80000000000001,162.0,2,0,0,0
115.323911,306,1865.486022,3,0.0,8,5,2,160.76800000000003,289.0,3,1,0,2
43.099109,235,1866.081022,2,0.0,4,3,1,109.92800000000001,162.0,2,1,0,1
